{"type":"FeatureCollection","features":[{"type":"Feature","properties":{"STATEFP":"50","STATENS":"01779802","GEOIDFQ":"0400000US50","GEOID":"50","STUSPS":"VT","NAME":"Vermont","LSAD":"00","ALAND":23872664356,"AWATER":1030573104},"geometry":{"type":"Polygon","coordinates":[[[-73.43774,44.045006],[-73.431991,44.06345],[-73.430207,44.071716],[-73.429239,44.079414],[-73.4205590906893,44.0928557666786],[-73.416319,44.099422],[-73.4131113305903,44.1079262028884],[-73.4117592677759,44.1115108043614],[-73.411316,44.112686],[-73.411722,44.11754],[-73.413751,44.126068],[-73.41578,44.131523],[-73.415761,44.132826],[-73.41172,44.137825],[-73.408118,44.139373],[-73.403268,44.144295],[-73.402381,44.145856],[-73.4003808450325,44.1527513285554],[-73.399634,44.155326],[-73.398728,44.162248],[-73.395532,44.166122],[-73.395399,44.166903],[-73.396664,44.168831],[-73.397385,44.171596],[-73.396892,44.173846],[-73.395862,44.175785],[-73.390383,44.179486],[-73.389658,44.181249],[-73.3903779438358,44.1861593056909],[-73.390805,44.189072],[-73.390583,44.190886],[-73.388502,44.192318],[-73.385326,44.192597],[-73.383987,44.193158],[-73.382252,44.197178],[-73.377693,44.199453],[-73.375289,44.199868],[-73.372405,44.202165],[-73.370678,44.204546],[-73.362013,44.208545],[-73.361476,44.210374],[-73.357908,44.216193],[-73.355276,44.219554],[-73.355252,44.22287],[-73.354747,44.223599],[-73.350806,44.225943],[-73.349889,44.230356],[-73.3455355109189,44.232754814427],[-73.342312,44.234531],[-73.34323,44.238049],[-73.336778,44.239557],[-73.334042,44.240971],[-73.3305,44.244254],[-73.329322,44.244504],[-73.324681,44.243614],[-73.323596,44.243897],[-73.319802,44.249547],[-73.3166377049938,44.2577181160619],[-73.316618,44.257769],[-73.3134220405831,44.2641991074088],[-73.312852,44.265346],[-73.311025,44.27424],[-73.312299,44.280025],[-73.316838,44.287683],[-73.322267,44.301523],[-73.324229,44.310023],[-73.324545,44.319247],[-73.323845509903,44.3253266526594],[-73.323835,44.325418],[-73.323997,44.333842],[-73.325127,44.338534],[-73.3269592639084,44.3433760561167],[-73.327335,44.344369],[-73.334637,44.356877],[-73.334939,44.364441],[-73.333575,44.372288],[-73.330369,44.375987],[-73.3225517021252,44.3815350811895],[-73.3225482728378,44.3815375150183],[-73.320954,44.382669],[-73.317029,44.385978],[-73.315016,44.388513],[-73.312418,44.39471],[-73.310491,44.402601],[-73.296031,44.428339],[-73.2942139115586,44.4360357390459],[-73.293855,44.437556],[-73.293613,44.440559],[-73.295216,44.445884],[-73.300114,44.454711],[-73.298725,44.463957],[-73.298939,44.471304],[-73.2993423188855,44.4735840733609],[-73.299885,44.476652],[-73.304418,44.485739],[-73.304921,44.492209],[-73.306707,44.500334],[-73.312871,44.507246],[-73.319265,44.51196],[-73.320836,44.513631],[-73.3211050164238,44.5149403678698],[-73.321416,44.516454],[-73.321111,44.519857],[-73.322026,44.525289],[-73.323935,44.52712],[-73.328512,44.528478],[-73.329458,44.529203],[-73.330588,44.531034],[-73.330893,44.534269],[-73.331595,44.535924],[-73.338995,44.543302],[-73.3393,44.544477],[-73.33863,44.546844],[-73.338751,44.548046],[-73.342932,44.551907],[-73.350027,44.555392],[-73.355186,44.556918],[-73.356788,44.557918],[-73.360088,44.562546],[-73.3616072569287,44.5636027365224],[-73.3626319191478,44.5643154520412],[-73.367275,44.567545],[-73.374389,44.575455],[-73.375666,44.582038],[-73.377794,44.585128],[-73.381848,44.589316],[-73.38164,44.590583],[-73.377897,44.593848],[-73.376806,44.595455],[-73.376332,44.597218],[-73.376849,44.599598],[-73.380726,44.605239],[-73.382932,44.612184],[-73.38982,44.61721],[-73.390231,44.618353],[-73.389966,44.61962],[-73.387346,44.623672],[-73.386497,44.626924],[-73.385899,44.631044],[-73.3864312296218,44.6329290148338],[-73.387169,44.635542],[-73.386783,44.636369],[-73.379748,44.64036],[-73.378561,44.641475],[-73.383157,44.645764],[-73.384483,44.646683],[-73.383974,44.647605],[-73.380906,44.648871],[-73.377973,44.652918],[-73.378014,44.653846],[-73.378968,44.65518],[-73.379074,44.656772],[-73.377209,44.658142],[-73.375931,44.660315],[-73.374134,44.66234],[-73.373063,44.662713],[-73.37059,44.662518],[-73.369669,44.663478],[-73.370065,44.666071],[-73.37272,44.668739],[-73.37101,44.672763],[-73.3718212902664,44.6751935252724],[-73.37198,44.675669],[-73.3719437459439,44.6760095764247],[-73.371843,44.676956],[-73.371089,44.67753],[-73.3704090158919,44.6777022743243],[-73.367209,44.678513],[-73.367414,44.681292],[-73.369685,44.683758],[-73.370142,44.684853],[-73.365297,44.687546],[-73.361308,44.694523],[-73.361323,44.695369],[-73.364661,44.696394],[-73.365977,44.697559],[-73.3657837501815,44.6988278681129],[-73.36556,44.700297],[-73.365068,44.725646],[-73.365561,44.741786],[-73.363791,44.745254],[-73.357671,44.751018],[-73.354361,44.755296],[-73.3539193370929,44.7563052702748],[-73.3518924259622,44.7609370858989],[-73.348694,44.768246],[-73.347072,44.772988],[-73.344254,44.776282],[-73.335713,44.782086],[-73.333771,44.785192],[-73.333154,44.788759],[-73.3338624346577,44.798254207011],[-73.333933,44.7992],[-73.33443,44.802188],[-73.335443,44.804602],[-73.3502,44.816394],[-73.353472,44.820386],[-73.354945,44.8215],[-73.35808,44.82331],[-73.365678,44.826451],[-73.3680566215151,44.8280601203749],[-73.369647,44.829136],[-73.371329,44.830742],[-73.375345,44.836307],[-73.378717,44.837358],[-73.379452,44.83801],[-73.381359,44.845021],[-73.381397,44.848805],[-73.379822,44.857037],[-73.375709,44.860745],[-73.371967,44.862414],[-73.369103,44.86668],[-73.366459,44.87504],[-73.3630566734973,44.8882495527549],[-73.362229,44.891463],[-73.360327,44.897236],[-73.35808,44.901325],[-73.356218,44.904492],[-73.353657,44.907346],[-73.347837,44.911309],[-73.3427866086322,44.9138023071632],[-73.341106,44.914632],[-73.3395342002786,44.9168851346264],[-73.338979,44.917681],[-73.338482,44.924112],[-73.339603,44.94337],[-73.3391903669316,44.9475452047249],[-73.337906,44.960541],[-73.338243,44.96475],[-73.338734,44.965886],[-73.34474,44.970468],[-73.350218,44.976222],[-73.352886,44.980644],[-73.3537167558164,44.982960087586],[-73.354112,44.984062],[-73.354633,44.987352],[-73.353429,44.990165],[-73.3533554203241,44.9902589667629],[-73.350188,44.994304],[-73.3482238892326,44.9989017541974],[-73.343124,45.01084],[-73.249323,45.012181],[-73.241061,45.012752],[-73.1923365087594,45.0136134573244],[-73.1704149885419,45.0140010335447],[-73.085972,45.015494],[-73.084969,45.014751],[-73.065098,45.014786],[-73.059685,45.015869],[-73.052438,45.015721],[-73.0484187808553,45.0147975318303],[-73.048386,45.01479],[-73.015539,45.015072],[-73.014766,45.01498],[-72.9931447550706,45.0145718861038],[-72.968039,45.014098],[-72.93644,45.014267],[-72.936365,45.014656],[-72.930599,45.015152],[-72.845633,45.016659],[-72.8322022465289,45.0165044992576],[-72.777306,45.015873],[-72.7018381820675,45.0155682906625],[-72.67477,45.015459],[-72.58988,45.013237],[-72.5880058270968,45.0130236989918],[-72.586752,45.012881],[-72.582371,45.011543],[-72.555912,45.008304],[-72.5538801546386,45.0082654618591],[-72.532503,45.00786],[-72.481033,45.00887],[-72.448865,45.008537],[-72.4332979174713,45.007899484984],[-72.4181261185691,45.007278157924],[-72.401298,45.006589],[-72.4008928968027,45.0065815918717],[-72.348583,45.005625],[-72.3292334001361,45.0047190709282],[-72.310073,45.003822],[-72.291866,45.004496],[-72.270869,45.004186],[-72.2467252808235,45.0046233140874],[-72.2426983849559,45.0046962530691],[-72.160506,45.006185],[-72.1419816540994,45.0059957194151],[-72.1099216818884,45.0056681326638],[-72.103058,45.005598],[-72.0882860333724,45.0058218044817],[-72.0876792709975,45.0058309973091],[-72.052169,45.006369],[-72.0513270898933,45.006384501956],[-72.0512749247436,45.0063854624646],[-72.0512401009726,45.0063861036691],[-72.029739,45.006782],[-72.023292,45.006792],[-71.986705,45.007872],[-71.947201,45.008359],[-71.915009,45.007791],[-71.8993192187926,45.0081786803017],[-71.767452,45.011437],[-71.6977659722693,45.0114203979869],[-71.691898,45.011419],[-71.60984,45.012709],[-71.560562,45.012555],[-71.5566674580209,45.0126069935826],[-71.5188015307573,45.0131125177822],[-71.501088,45.013349],[-71.4650499613568,45.0136330980792],[-71.464555,45.013637],[-71.465964,45.011919],[-71.473269,45.010586],[-71.476676,45.009179],[-71.478458,45.007486],[-71.480552,45.002334],[-71.488547836346,45.0012875209254],[-71.489675,45.00114],[-71.494648,45.003998],[-71.496864,45.003947],[-71.501055,45.006742],[-71.504251,45.008223],[-71.508129,45.007937],[-71.5138593901905,45.0046037127755],[-71.514452,45.004259],[-71.519996,45.002417],[-71.524794,45.001921],[-71.52538169709,45.0016448045155],[-71.529305,44.999801],[-71.5296670394409,44.9995270114125],[-71.536188,44.994592],[-71.537091,44.992611],[-71.533713,44.991963],[-71.532749,44.991066],[-71.534008,44.990414],[-71.538143,44.98985],[-71.538647,44.987256],[-71.5399896830377,44.9861600857537],[-71.541324,44.985071],[-71.54086,44.983788],[-71.536602,44.983372],[-71.5328182833858,44.9781533496103],[-71.532238,44.977353],[-71.526607,44.971265],[-71.522035,44.968545],[-71.523117,44.966852],[-71.518947,44.967869],[-71.51886,44.966622],[-71.523563,44.964607],[-71.523376,44.96396],[-71.520216,44.963487],[-71.518864,44.963626],[-71.517674,44.964383],[-71.516246,44.964089],[-71.514843,44.958741],[-71.515857,44.952758],[-71.518987,44.950115],[-71.517508,44.948812],[-71.517288,44.944692],[-71.514933,44.944159],[-71.5153516956654,44.9427196917807],[-71.516183,44.939862],[-71.517983,44.938745],[-71.520107,44.939009],[-71.521127,44.940357],[-71.522441,44.940289],[-71.523048,44.939258],[-71.520128,44.93664],[-71.517077,44.935876],[-71.51345,44.928808],[-71.515605,44.927992],[-71.515437,44.926923],[-71.509207,44.923429],[-71.504483,44.919062],[-71.500788,44.914535],[-71.500552,44.913089],[-71.500548,44.911956],[-71.499945,44.911174],[-71.498926,44.910917],[-71.495326,44.911794],[-71.494403,44.911837],[-71.493363,44.911612],[-71.4932689478126,44.9112043289529],[-71.493082,44.910394],[-71.494716,44.910102],[-71.496017,44.908898],[-71.495951,44.90736],[-71.494835,44.905919],[-71.49491,44.904299],[-71.495378,44.903621],[-71.495793,44.903728],[-71.496609,44.903603],[-71.497841,44.904342],[-71.499528,44.904774],[-71.501088,44.904433],[-71.502473,44.90272],[-71.5049632727175,44.9006947611892],[-71.508642,44.897703],[-71.5132,44.894785],[-71.51409,44.893149],[-71.510669,44.89043],[-71.515641,44.885371],[-71.518745,44.884806],[-71.521915,44.880405],[-71.5219798031357,44.8803500935775],[-71.523349,44.87919],[-71.527343,44.878277],[-71.528889,44.876928],[-71.528751,44.873494],[-71.53433,44.869465],[-71.539286,44.86863],[-71.545525,44.866127],[-71.549741,44.861458],[-71.549747,44.859696],[-71.547516,44.856747],[-71.548358,44.854686],[-71.553217,44.851858],[-71.555656,44.849118],[-71.555482,44.847006],[-71.551424,44.84216],[-71.550647,44.838499],[-71.551114,44.836965],[-71.553328,44.835164],[-71.556923,44.834201],[-71.560811,44.825221],[-71.5614965032646,44.8243590085408],[-71.562353,44.823282],[-71.564533,44.823548],[-71.568404,44.822703],[-71.573456,44.820644],[-71.57489,44.818109],[-71.576865,44.815197],[-71.57605,44.812429],[-71.574135,44.81162],[-71.568672,44.807457],[-71.56877,44.805722],[-71.571888,44.801415],[-71.573129,44.797947],[-71.571315,44.793339],[-71.57972,44.784725],[-71.584177,44.784794],[-71.592486,44.782669],[-71.595164,44.780152],[-71.595099,44.775405],[-71.601471,44.772067],[-71.6022294144669,44.7710227327521],[-71.604615,44.767738],[-71.610179,44.765584],[-71.611767,44.764345],[-71.612856,44.758998],[-71.616669,44.756299],[-71.621157,44.755772],[-71.625482,44.753788],[-71.630257,44.753475],[-71.631883,44.752463],[-71.632043,44.750269],[-71.63106,44.748509],[-71.626986,44.747014],[-71.625148,44.74275],[-71.626166,44.739864],[-71.625013,44.736299],[-71.626248,44.72904],[-71.625038,44.727708],[-71.622234,44.727538],[-71.619079,44.729035],[-71.617038,44.72825],[-71.618732,44.722471],[-71.612548,44.719186],[-71.612512,44.716673],[-71.607551,44.712317],[-71.603948,44.707583],[-71.6001,44.705999],[-71.598792,44.703274],[-71.600975,44.699934],[-71.600496,44.698737],[-71.598656,44.698005],[-71.594136,44.696932],[-71.593802,44.695632],[-71.596497,44.694609],[-71.597955,44.691767],[-71.596437,44.687059],[-71.594224,44.683815],[-71.594208,44.68144],[-71.596623,44.679056],[-71.596089,44.677637],[-71.586162,44.67435],[-71.582502,44.674246],[-71.581463,44.673204],[-71.582027,44.672018],[-71.586965,44.67047],[-71.587339,44.66877],[-71.585157,44.666057],[-71.58511,44.663112],[-71.587198,44.661475],[-71.5872375527708,44.6610581564277],[-71.587365,44.659715],[-71.585748,44.6579],[-71.581315,44.65545],[-71.5766,44.656189],[-71.57449,44.654832],[-71.576098,44.652762],[-71.579419,44.652309],[-71.57881,44.650982],[-71.571626,44.649897],[-71.569025,44.65029],[-71.567708,44.651536],[-71.567053,44.653349],[-71.565076,44.653796],[-71.562806,44.652356],[-71.561667,44.646822],[-71.55879,44.644219],[-71.5580680961155,44.6418743749381],[-71.557866,44.641218],[-71.559704,44.639298],[-71.563599,44.639049],[-71.563279,44.636648],[-71.559554,44.634964],[-71.555791,44.632047],[-71.55214,44.630082],[-71.54951,44.630903],[-71.547226,44.630355],[-71.546931,44.62855],[-71.551128,44.627755],[-71.554837,44.629631],[-71.55735,44.628448],[-71.556467,44.627221],[-71.552945,44.626747],[-71.54971,44.625129],[-71.547756,44.625007],[-71.545978,44.623118],[-71.546948,44.622123],[-71.550442,44.62313],[-71.55415,44.625419],[-71.555062,44.624185],[-71.555801,44.622699],[-71.556531,44.619575],[-71.5556,44.614326],[-71.553616,44.608299],[-71.55386,44.605598],[-71.555233,44.604034],[-71.558563,44.603276],[-71.561903,44.603128],[-71.5622,44.601592],[-71.560421,44.599769],[-71.557279,44.599381],[-71.551562,44.601227],[-71.550331,44.600896],[-71.550634,44.599591],[-71.554151,44.597961],[-71.554211,44.595352],[-71.555402,44.593842],[-71.553372,44.593171],[-71.549146,44.594994],[-71.547253,44.59684],[-71.546087,44.597377],[-71.545055,44.596773],[-71.545463,44.594624],[-71.547424,44.591831],[-71.545939,44.590604],[-71.543918,44.590985],[-71.540175,44.59327],[-71.538274,44.593524],[-71.537976,44.592018],[-71.539878,44.589969],[-71.540051,44.588524],[-71.538449,44.587479],[-71.535946,44.587776],[-71.5355841143326,44.5873389686748],[-71.535397,44.587113],[-71.537182,44.585259],[-71.537381,44.583359],[-71.540463,44.580841],[-71.544491,44.578476],[-71.546533,44.577819],[-71.549405,44.578171],[-71.550594,44.580389],[-71.55194,44.581378],[-71.554444,44.581336],[-71.554883,44.579628],[-71.553891,44.577629],[-71.552243,44.575447],[-71.548168,44.572676],[-71.547726,44.571381],[-71.549374,44.569641],[-71.552826,44.569209],[-71.556103,44.570282],[-71.5568021469847,44.5702763584681],[-71.557838,44.570268],[-71.558985,44.568779],[-71.558469,44.566116],[-71.559049,44.564446],[-71.56207,44.563172],[-71.569599,44.562777],[-71.574125,44.564507],[-71.587664,44.565798],[-71.591521,44.565155],[-71.593625,44.563702],[-71.596137,44.560898],[-71.597797,44.557172],[-71.598116,44.555412],[-71.597135,44.553849],[-71.587324,44.547425],[-71.580519,44.54451],[-71.574445,44.540635],[-71.5722259660226,44.5384432380501],[-71.572004,44.538224],[-71.571943,44.536973],[-71.574531,44.531745],[-71.578642,44.526772],[-71.582948,44.523352],[-71.587085,44.522362],[-71.592375,44.523278],[-71.594259,44.52168],[-71.593458,44.519639],[-71.591932,44.517907],[-71.58708,44.515275],[-71.585798,44.51378],[-71.584715,44.510865],[-71.582853,44.50818],[-71.57829,44.505418],[-71.576812,44.504081],[-71.576765,44.502618],[-71.578138,44.501641],[-71.581251,44.501679],[-71.583987,44.502881],[-71.584801,44.504398],[-71.586302,44.506554],[-71.587782,44.506745],[-71.588438,44.505799],[-71.587203,44.504133],[-71.585881,44.500057],[-71.586972,44.498526],[-71.589048,44.4982],[-71.589623,44.499371],[-71.591429,44.501336],[-71.593885,44.501031],[-71.594517,44.499331],[-71.595213,44.493409],[-71.59702,44.490741],[-71.599333,44.486283],[-71.6061842951472,44.4848828972048],[-71.609526,44.4842],[-71.615923,44.485944],[-71.617843,44.485841],[-71.620391,44.482888],[-71.624557,44.475183],[-71.626952,44.474267],[-71.631789,44.474023],[-71.634505,44.475625],[-71.634871,44.477441],[-71.633437,44.478211],[-71.626341,44.480225],[-71.624663,44.481744],[-71.625548,44.48346],[-71.627655,44.484207],[-71.631007,44.484323],[-71.632795,44.48389],[-71.638321,44.477893],[-71.642308,44.476501],[-71.644899,44.475198],[-71.646702,44.473182],[-71.647373,44.472127],[-71.6473534115546,44.4716395933891],[-71.647305,44.470435],[-71.64556,44.468926],[-71.639627,44.466351],[-71.638986,44.464411],[-71.643522,44.460591],[-71.646094,44.459999],[-71.651012,44.460854],[-71.652553,44.460518],[-71.656371,44.455159],[-71.65695,44.448606],[-71.659707,44.441465],[-71.6602402837392,44.4409416788607],[-71.663454,44.437788],[-71.669186,44.435897],[-71.677382,44.435499],[-71.679282,44.434337],[-71.677427,44.431484],[-71.675993,44.428712],[-71.676967,44.426848],[-71.67806,44.426552],[-71.680331,44.427714],[-71.682701,44.42734],[-71.683943,44.423978],[-71.688813,44.421741],[-71.695331,44.418277],[-71.7010565867235,44.414561006516],[-71.702186,44.413828],[-71.714615,44.40956],[-71.722616,44.410872],[-71.731072,44.410665],[-71.736624,44.409445],[-71.738643,44.407597],[-71.7387193231447,44.4074684721567],[-71.742317,44.40141],[-71.745959,44.400942],[-71.749533,44.401955],[-71.75434,44.405577],[-71.756091,44.406401],[-71.761966,44.407027],[-71.764977,44.406587],[-71.7656889774323,44.406307687658],[-71.767888,44.405445],[-71.772801,44.403097],[-71.775399,44.401126],[-71.778613,44.399799],[-71.790688,44.40026],[-71.793924,44.399271],[-71.802353,44.39338],[-71.803488,44.39189],[-71.803489,44.390384],[-71.799899,44.385951],[-71.800316,44.384276],[-71.803461,44.383335],[-71.808828,44.383862],[-71.81313,44.382801],[-71.814388,44.381932],[-71.815773,44.375464],[-71.815251,44.374594],[-71.812424,44.372532],[-71.812235,44.371492],[-71.812832,44.370448],[-71.81549,44.368836],[-71.816289,44.367403],[-71.814991,44.363686],[-71.813023,44.359301],[-71.812413,44.357325],[-71.812902,44.355547],[-71.814351,44.354541],[-71.818838,44.352939],[-71.826246,44.352006],[-71.833261,44.350136],[-71.8377648534913,44.3477199339021],[-71.844319,44.344204],[-71.845015554429,44.3439247578766],[-71.852628,44.340873],[-71.861941,44.340109],[-71.86991,44.336962],[-71.872472,44.336628],[-71.87583,44.337801],[-71.890357,44.343119],[-71.902332,44.347499],[-71.909416,44.348398],[-71.917434,44.346535],[-71.925088,44.342024],[-71.92911,44.337577],[-71.935395,44.33577],[-71.939049,44.335844],[-71.945163,44.337744],[-71.958047,44.337427],[-71.963133,44.336556],[-71.98112,44.3375],[-71.984617,44.336243],[-71.9846246089592,44.3362225206107],[-71.9846456807074,44.3361658063444],[-71.986484,44.331218],[-71.988306,44.329768],[-71.992716,44.328631],[-72.003881,44.32409],[-72.013514,44.321078],[-72.018901,44.320216],[-72.025783,44.322054],[-72.029061,44.322398],[-72.032816,44.320446],[-72.033806,44.317349],[-72.031902,44.315653],[-72.032317,44.306677],[-72.032725,44.302471],[-72.0348182228887,44.300455875532],[-72.039506,44.295943],[-72.042812,44.29552],[-72.044506,44.294963],[-72.046302,44.291983],[-72.053160162457,44.2905419399176],[-72.053355,44.290501],[-72.0574255405888,44.287361710688],[-72.05888,44.28624],[-72.065434,44.277235],[-72.068432,44.271296],[-72.067135,44.268237],[-72.064544,44.267997],[-72.060039,44.269855],[-72.058559,44.269077],[-72.058475,44.267886],[-72.058969,44.265911],[-72.059444,44.264896],[-72.060543,44.264491],[-72.061174,44.263377],[-72.05978,44.256885],[-72.0591802209617,44.2558533593364],[-72.05399,44.246926],[-72.050112,44.244046],[-72.04846,44.241212],[-72.047889,44.238493],[-72.050548,44.232974],[-72.053582,44.22604],[-72.0539,44.222703],[-72.052502,44.218876],[-72.0529471846878,44.217937976615],[-72.05537,44.212833],[-72.058285,44.211803],[-72.059536,44.210315],[-72.058066,44.206067],[-72.058987,44.202114],[-72.060067,44.200446],[-72.063561,44.198457],[-72.064577,44.196949],[-72.066166,44.189773],[-72.061338,44.184951],[-72.057496,44.179444],[-72.053021,44.167903],[-72.051523,44.166219],[-72.048969,44.165039],[-72.047593,44.161801],[-72.046568,44.161403],[-72.045111,44.161749],[-72.042359,44.161701],[-72.042387,44.160817],[-72.044004,44.158155],[-72.0435695519214,44.1570780214965],[-72.043505,44.156918],[-72.042381,44.156581],[-72.040167,44.157023],[-72.038921,44.156422],[-72.0396584079724,44.1556880186446],[-72.041073,44.15428],[-72.0412182968621,44.1540672845655],[-72.042476,44.152226],[-72.042827,44.150967],[-72.0422582866981,44.1429448960876],[-72.041881,44.137623],[-72.041103,44.136113],[-72.03744,44.133396],[-72.033794,44.132344],[-72.033412,44.1311],[-72.035976,44.12846],[-72.036922,44.125271],[-72.038839,44.124628],[-72.04063,44.125363],[-72.042537,44.125035],[-72.04643,44.123911],[-72.052342,44.119891],[-72.0525304687655,44.1190495870643],[-72.053707,44.113797],[-72.055141,44.110417],[-72.0531179839648,44.1035541939663],[-72.052391,44.101088],[-72.050997,44.098848],[-72.048334,44.096905],[-72.044909,44.096402],[-72.043132,44.097241],[-72.042583,44.099171],[-72.042263,44.101353],[-72.04005,44.103352],[-72.037471,44.103352],[-72.033046,44.101781],[-72.030897,44.099719],[-72.030909,44.096562],[-72.032359,44.091527],[-72.033689,44.09014],[-72.036021,44.088963],[-72.039912,44.088712],[-72.043483,44.088902],[-72.045146,44.08785],[-72.044383,44.085996],[-72.041316,44.084554],[-72.038204,44.083035],[-72.033245,44.08151],[-72.031657,44.079602],[-72.031841,44.078542],[-72.0321579058715,44.0783482447821],[-72.034175,44.077115],[-72.038036,44.076543],[-72.040279,44.077603],[-72.041362,44.078877],[-72.043056,44.079266],[-72.046369,44.078231],[-72.051141,44.077256],[-72.052494,44.076716],[-72.052902,44.075345],[-72.051235,44.073789],[-72.049117,44.072355],[-72.048244,44.070355],[-72.048931,44.069012],[-72.053482,44.06473],[-72.055309,44.060773],[-72.057293,44.058339],[-72.059338,44.057683],[-72.065415,44.058344],[-72.067612,44.058034],[-72.0676267982814,44.0580030467677],[-72.06915,44.054817],[-72.067868,44.053525],[-72.062573,44.051771],[-72.061856,44.050611],[-72.062496,44.049344],[-72.065625,44.049146],[-72.07417,44.045835],[-72.07832,44.043378],[-72.079434,44.040578],[-72.078244,44.037771],[-72.074841,44.032987],[-72.075391,44.031522],[-72.078274,44.029989],[-72.0790799649548,44.0296955789729],[-72.0791448582418,44.029671953808],[-72.080411,44.029211],[-72.081864,44.026952],[-72.081673,44.023638],[-72.082913,44.021581],[-72.085477,44.021261],[-72.090283,44.02403],[-72.093256,44.024017],[-72.095258,44.021894],[-72.095868,44.019682],[-72.095193,44.016666],[-72.090504,44.012736],[-72.089807,44.011274],[-72.090059,44.009903],[-72.09123,44.009125],[-72.093257,44.009376],[-72.093411,44.01087],[-72.095247,44.01358],[-72.097593,44.015226],[-72.102475,44.014882],[-72.105283,44.013059],[-72.105726,44.011098],[-72.103576,44.004231],[-72.104367,44.002157],[-72.11038,43.999304],[-72.116985,43.99448],[-72.116706,43.991954],[-72.11218,43.986845],[-72.112628,43.982473],[-72.1126976842161,43.9779955437482],[-72.112699,43.977911],[-72.113189,43.97392],[-72.114423,43.970274],[-72.114726,43.968332],[-72.112943,43.967222],[-72.110149,43.967249],[-72.107343,43.969557],[-72.105146,43.969885],[-72.097989,43.968542],[-72.091104,43.966443],[-72.091413,43.965452],[-72.095563,43.964583],[-72.100492,43.963186],[-72.101224,43.961378],[-72.098955,43.958879],[-72.099088,43.957381],[-72.0991250125037,43.9573360577282],[-72.104437,43.950886],[-72.106293,43.949474],[-72.110872,43.947654],[-72.116911,43.947493],[-72.11862,43.946044],[-72.1192,43.943411],[-72.116926,43.934393],[-72.117384,43.93196],[-72.118147,43.923606],[-72.120421,43.919593],[-72.123936,43.917039],[-72.1321581614251,43.9133240402445],[-72.132851,43.913011],[-72.135481,43.909568],[-72.145041,43.905288],[-72.151324,43.901704],[-72.155724,43.89712],[-72.158585,43.892762],[-72.159216,43.888313],[-72.161636,43.886756],[-72.167224,43.886113],[-72.1696266358818,43.8861641045978],[-72.170562,43.886184],[-72.172714,43.884254],[-72.173576,43.87967],[-72.171904,43.876149],[-72.16978,43.873425],[-72.1694256809885,43.872608533981],[-72.1690171831725,43.8716672224092],[-72.167907,43.869109],[-72.174712,43.866569],[-72.179386,43.866181],[-72.182846,43.865524],[-72.184788,43.863393],[-72.187916,43.856126],[-72.187379,43.853612],[-72.182864,43.845109],[-72.182203,43.834032],[-72.183337,43.830699],[-72.186238,43.826931],[-72.188522,43.823288],[-72.188949,43.821319],[-72.187469,43.817337],[-72.184184,43.812524],[-72.1840524340253,43.8118519467781],[-72.183333,43.808177],[-72.184847,43.804698],[-72.190754,43.800807],[-72.192932,43.795898],[-72.195084,43.792328],[-72.197708,43.789597],[-72.202316,43.787346],[-72.205536,43.784584],[-72.204788,43.780556],[-72.2051385200612,43.7712598130241],[-72.205143,43.771141],[-72.2051729288236,43.7711228221444],[-72.210815,43.767696],[-72.216491,43.766507],[-72.218099,43.765729],[-72.220116,43.763626],[-72.225373,43.756363],[-72.230439,43.749352],[-72.234178,43.745965],[-72.245068,43.743093],[-72.2619357804982,43.735095173049],[-72.264467,43.733895],[-72.268389,43.734292],[-72.271776,43.733407],[-72.275271,43.727532],[-72.279855,43.724633],[-72.2825226819785,43.722330170688],[-72.284805,43.72036],[-72.28695,43.717252],[-72.292215,43.711333],[-72.294894,43.709003],[-72.299564,43.706277],[-72.3003076886545,43.7038117533876],[-72.301028,43.701424],[-72.305133,43.695321],[-72.3053371199905,43.6924996797252],[-72.3053441793481,43.6924021061916],[-72.3059883719587,43.6834981587216],[-72.30602,43.683061],[-72.304351,43.681141],[-72.303092,43.678078],[-72.303408,43.674055],[-72.304322,43.669507],[-72.305771,43.666535],[-72.3091208256738,43.662034869297],[-72.310841,43.659724],[-72.312887,43.658444],[-72.31402,43.656158],[-72.315059,43.649415],[-72.3147476392789,43.648671222759],[-72.313863,43.646558],[-72.314083,43.64281],[-72.315247,43.641164],[-72.3193171904891,43.6398970342398],[-72.322517,43.638901],[-72.327395,43.636774],[-72.329126,43.635563],[-72.3294982115324,43.6349252218124],[-72.3296149765246,43.6347251469663],[-72.32966,43.634648],[-72.329471,43.632843],[-72.327362,43.631174],[-72.327236,43.630534],[-72.328966,43.626991],[-72.33236,43.62507],[-72.334401,43.61925],[-72.334745,43.614519],[-72.3327,43.610313],[-72.329522,43.608393],[-72.328232,43.606839],[-72.3280879614008,43.6057822088668],[-72.327665,43.602679],[-72.328514,43.600805],[-72.32962,43.600201],[-72.3296772840816,43.6001836405589],[-72.332382,43.599364],[-72.3461791869236,43.5902114885193],[-72.349926,43.587726],[-72.363916,43.583652],[-72.3640945447818,43.5835767566671],[-72.373372,43.579667],[-72.380146,43.573624],[-72.379861,43.566598],[-72.382625,43.564127],[-72.382784,43.561689],[-72.381187,43.554915],[-72.380383,43.54088],[-72.38331,43.53519],[-72.389097,43.528266],[-72.3907,43.527261],[-72.394218,43.5274],[-72.395949,43.52388],[-72.395825,43.52056],[-72.3962117420537,43.5195535949113],[-72.3963960118214,43.5190740762499],[-72.398563,43.513435],[-72.398376,43.510829],[-72.396305,43.508062],[-72.389556,43.503899],[-72.384773,43.500259],[-72.380894,43.493394],[-72.380362,43.491634],[-72.380428,43.488525],[-72.3804628390609,43.488298102209],[-72.381723,43.480091],[-72.3821709999838,43.4785985179692],[-72.382951,43.476],[-72.384491,43.474195],[-72.3847195355301,43.4740190909885],[-72.3904664495947,43.4695955601201],[-72.391526,43.46878],[-72.3925,43.467364],[-72.392628,43.465078],[-72.390567,43.451225],[-72.391196,43.449305],[-72.393992,43.444666],[-72.395659,43.438541],[-72.395916,43.430974],[-72.3964397283084,43.4289435198104],[-72.3965039847534,43.4286943993475],[-72.399972,43.415249],[-72.400131,43.410997],[-72.4015422697081,43.4036867763106],[-72.401624713554,43.4032597261504],[-72.403811,43.391935],[-72.405253,43.389992],[-72.4111097043962,43.3857742240205],[-72.413154,43.384302],[-72.415381,43.380211],[-72.415978,43.376531],[-72.415099,43.365896],[-72.414692,43.364273],[-72.413377,43.362741],[-72.403949,43.358098],[-72.400441,43.357685],[-72.39217,43.357865],[-72.390103,43.356926],[-72.390286366897,43.3564901389057],[-72.39092,43.354984],[-72.395403,43.350414],[-72.399289,43.347581],[-72.400981,43.345775],[-72.4063262711583,43.3382242073262],[-72.4066991286665,43.3376975044409],[-72.409037,43.334395],[-72.410353,43.331675],[-72.410197,43.330395],[-72.408696,43.327674],[-72.402532,43.32038],[-72.397619,43.317064],[-72.395805,43.314617],[-72.395462,43.312994],[-72.401666,43.303395],[-72.407842,43.282892],[-72.41545,43.271374],[-72.421583,43.263442],[-72.4276791218808,43.2612253503148],[-72.4277110610837,43.2612137366979],[-72.435221,43.258483],[-72.436378,43.257454],[-72.438693,43.252905],[-72.438937,43.24424],[-72.436654,43.238319],[-72.434216,43.234958],[-72.433688684948,43.2334404824348],[-72.433684,43.233427],[-72.433785292783,43.2330390564128],[-72.434466,43.230432],[-72.4351048789197,43.2293973766461],[-72.4354780634059,43.2287930283527],[-72.437656,43.225266],[-72.4405,43.219049],[-72.440563,43.215254],[-72.438594,43.209013],[-72.437719,43.20275],[-72.438969,43.201035],[-72.45028,43.192485],[-72.449435,43.18917],[-72.443749,43.182221],[-72.443405,43.179729],[-72.444904,43.177969],[-72.451430916722,43.172977426992],[-72.452556,43.172117],[-72.451868,43.170174],[-72.4521,43.161414],[-72.4520937442892,43.1613424195726],[-72.451553,43.155155],[-72.451802,43.153486],[-72.452801,43.151977],[-72.456537,43.149528],[-72.45714,43.148493],[-72.45689,43.146558],[-72.451986,43.138924],[-72.448303,43.137187],[-72.444214,43.13737],[-72.441904,43.136615],[-72.440905,43.135793],[-72.4408723976523,43.1353764789024],[-72.440624,43.132203],[-72.44078,43.131472],[-72.442746,43.131152],[-72.442933,43.130192],[-72.440967,43.127608],[-72.4382747298633,43.1253459793545],[-72.435936,43.123381],[-72.432972,43.119655],[-72.432661,43.114077],[-72.433129,43.112637],[-72.434845,43.109917],[-72.440587,43.106145],[-72.442427,43.10363],[-72.443051,43.100841],[-72.439214,43.094852],[-72.435191,43.086622],[-72.4352768535037,43.0845024486999],[-72.435316,43.083536],[-72.43619,43.08173],[-72.43987,43.077043],[-72.445202,43.071352],[-72.4507036737366,43.0668010256691],[-72.45471,43.063487],[-72.4614656337149,43.058972110977],[-72.463812,43.057404],[-72.466491,43.054729],[-72.467363,43.052648],[-72.466832,43.049197],[-72.465896,43.047505],[-72.462248,43.044214],[-72.460252,43.040671],[-72.460905,43.035961],[-72.46299,43.028531],[-72.462397,43.02556],[-72.4596285332852,43.0205329401107],[-72.4595727505702,43.0204316482846],[-72.458998,43.019388],[-72.457035,43.017285],[-72.452984,43.015731],[-72.444635,43.010566],[-72.443825,43.008965],[-72.443762,43.006245],[-72.444977,43.004416],[-72.448714,43.001169],[-72.451797,43.000577],[-72.456936,43.001306],[-72.459951,43.00008],[-72.46294,42.996943],[-72.464714,42.993582],[-72.465335,42.989558],[-72.464026,42.986107],[-72.461597,42.984049],[-72.461627,42.982906],[-72.465985,42.97847],[-72.473827,42.972045],[-72.476722,42.971746],[-72.479245,42.973597],[-72.481706,42.973985],[-72.486872,42.971789],[-72.492597,42.967648],[-72.504226,42.965815],[-72.507901,42.964171],[-72.5148400914823,42.9635107936913],[-72.518422,42.96317],[-72.5204765616912,42.9619422486261],[-72.532186,42.954945],[-72.534117,42.952133],[-72.534554,42.949894],[-72.533901,42.948591],[-72.531693,42.94651],[-72.529763,42.94612],[-72.52855,42.94532],[-72.527431,42.943148],[-72.526624,42.939901],[-72.526346,42.935717],[-72.5264981448316,42.9342719279843],[-72.527097,42.928584],[-72.524242,42.918501],[-72.52443,42.915575],[-72.525271,42.914363],[-72.529191,42.912719],[-72.530218,42.911576],[-72.531588,42.907164],[-72.531469,42.89795],[-72.532777,42.896076],[-72.5329339570782,42.8959296227337],[-72.537287,42.89187],[-72.540708,42.889379],[-72.546491,42.88714],[-72.552025,42.885631],[-72.552834,42.884968],[-72.555415,42.875428],[-72.555131,42.871058],[-72.556214,42.86695],[-72.5561773621851,42.8666992824039],[-72.556112,42.866252],[-72.555132,42.865731],[-72.554232,42.860038],[-72.5550570306009,42.8581173068696],[-72.556270395012,42.8552925623253],[-72.557247,42.853019],[-72.5565766302034,42.8519119512127],[-72.5562823828981,42.8514260311664],[-72.553426,42.846709],[-72.54855,42.842021],[-72.547402,42.837587],[-72.547244,42.834192],[-72.5460500906424,42.827814628936],[-72.545669,42.825779],[-72.5454185789212,42.8242946402347],[-72.544773,42.820468],[-72.543815,42.819001],[-72.542616,42.816702],[-72.54146,42.808948],[-72.5396,42.804832],[-72.5259303081583,42.7957079342932],[-72.518354,42.790651],[-72.515838,42.78856],[-72.5117530563525,42.7841216667994],[-72.511746,42.784114],[-72.508858,42.779919],[-72.508048,42.776885],[-72.508372,42.77461],[-72.510154,42.773221],[-72.514836,42.771436],[-72.516731,42.76867],[-72.516082,42.765949],[-72.513105,42.763822],[-72.510871,42.763752],[-72.507985,42.764414],[-72.50069,42.767657],[-72.499249,42.769054],[-72.498786,42.771981],[-72.497949,42.772918],[-72.495343,42.773286],[-72.491122,42.772465],[-72.487767,42.76938],[-72.4864,42.76698],[-72.484878,42.76554],[-72.479354,42.763119],[-72.477615,42.761245],[-72.475938,42.757702],[-72.474723,42.750729],[-72.473071,42.745916],[-72.467827,42.741209],[-72.461001,42.733209],[-72.458488,42.729094],[-72.458519,42.726853],[-72.5167111827822,42.7284676698292],[-72.5653564273728,42.7298174389051],[-72.5702884550829,42.7299542888385],[-72.5986203239781,42.7307404187227],[-72.616353485468,42.7312324642083],[-72.6746848221827,42.7328509951687],[-72.6857634884317,42.7331583970788],[-72.7792570809693,42.7357525819999],[-72.7910764312897,42.7360805358152],[-72.8069577886811,42.7365211989318],[-72.809113,42.736581],[-72.8576585835063,42.7376146287765],[-72.8643005207143,42.7377560483853],[-72.9271903680296,42.7390950941076],[-72.9301048286621,42.739157148576],[-73.018645354584,42.741042346546],[-73.022903,42.741133],[-73.0230149955487,42.7411352241426],[-73.0421951960565,42.7415161276758],[-73.0484428838831,42.7416402017889],[-73.0794195287845,42.7422553733293],[-73.0899016073198,42.7424635390755],[-73.1426704272532,42.7435114858866],[-73.1636420860578,42.7439279663574],[-73.2131702740111,42.7449115567938],[-73.264957,42.74594],[-73.276421,42.746019],[-73.290944,42.80192],[-73.2893047875288,42.8040968400041],[-73.286337,42.808038],[-73.285238923874,42.8105108996947],[-73.28375,42.813864],[-73.287063,42.82014],[-73.285388,42.834093],[-73.284311,42.834954],[-73.278673,42.83341],[-73.2784937382609,42.8373988080025],[-73.2784875592411,42.8375362992698],[-73.275804,42.897249],[-73.2746505241539,42.9344154055889],[-73.274466,42.940361],[-73.274393,42.942482],[-73.274294,42.943652],[-73.2733437078009,42.9630769914709],[-73.2706781532541,43.0175637844695],[-73.2700677156445,43.0300417837331],[-73.26978,43.035923],[-73.266206375905,43.0871568404487],[-73.265574,43.096223],[-73.2650637774847,43.1061707762313],[-73.2642314879882,43.1223978721012],[-73.2618094807796,43.1696195940356],[-73.2607929064615,43.1894396794612],[-73.2593865321831,43.2168596701502],[-73.258718,43.229894],[-73.2586680648889,43.230552806826],[-73.256493,43.259249],[-73.2557857927449,43.2790535000319],[-73.2545202572477,43.3144933199908],[-73.2531694945294,43.3523198271489],[-73.2531569301815,43.3526716768029],[-73.2531453878036,43.3529949074009],[-73.253084,43.354714],[-73.252832,43.363493],[-73.2527750382211,43.3659416354592],[-73.252674,43.370285],[-73.252582,43.370997],[-73.2514459122534,43.3980190956823],[-73.2511625832628,43.40475813773],[-73.2510005435716,43.4086122872481],[-73.2505637947613,43.4190004532822],[-73.2487622252808,43.4618511776431],[-73.248401,43.470443],[-73.2477554081678,43.4918708674104],[-73.2471365508732,43.5124113875836],[-73.2470702429082,43.5146122182187],[-73.247061,43.514919],[-73.24672,43.518875],[-73.247631,43.51924],[-73.247698,43.523173],[-73.246821,43.52578],[-73.243366,43.527726],[-73.241891,43.529418],[-73.24139,43.532345],[-73.241589,43.534973],[-73.242042,43.534925],[-73.2456745749615,43.5404662160429],[-73.246585,43.541855],[-73.247812,43.542814],[-73.250132,43.543429],[-73.250408,43.550425],[-73.24842,43.552577],[-73.248641,43.553857],[-73.252602,43.556851],[-73.258631,43.564949],[-73.264099,43.568884],[-73.26938,43.571973],[-73.279726,43.574241],[-73.280952,43.575407],[-73.281296,43.577579],[-73.284912,43.579272],[-73.2898626413657,43.5788391633129],[-73.293536,43.578518],[-73.294621,43.57897],[-73.295344,43.580235],[-73.29444,43.582494],[-73.292113,43.584509],[-73.292364,43.585104],[-73.296924,43.587323],[-73.293242,43.592558],[-73.292801,43.593861],[-73.2925027173177,43.5960017633574],[-73.292202,43.59816],[-73.292232,43.60255],[-73.293741,43.605203],[-73.29802,43.610028],[-73.300285,43.610806],[-73.3020153835993,43.623905129447],[-73.302076,43.624364],[-73.302552,43.625708],[-73.304125,43.627057],[-73.306234,43.628018],[-73.307682,43.627492],[-73.310606,43.624114],[-73.312809,43.624602],[-73.317566,43.627355],[-73.323893,43.627629],[-73.327702,43.625913],[-73.3281399918754,43.625917749273],[-73.342181,43.62607],[-73.347621,43.622509],[-73.358593,43.625065],[-73.35911,43.624598],[-73.365562,43.62344],[-73.367167,43.623622],[-73.368899,43.62471],[-73.371889,43.624489],[-73.372486,43.622751],[-73.36987,43.619711],[-73.369933,43.619093],[-73.374557,43.614677],[-73.376036,43.612596],[-73.372375,43.606014],[-73.372469,43.604848],[-73.373443,43.603292],[-73.377395,43.600421],[-73.377748,43.599656],[-73.377213,43.598572],[-73.380271,43.597905],[-73.380722,43.598154],[-73.38135,43.598505],[-73.38349,43.597366],[-73.383446,43.596778],[-73.382449,43.594159],[-73.381715,43.592963],[-73.382414,43.591577],[-73.38409,43.591415],[-73.386282,43.591252],[-73.387039,43.589463],[-73.386253,43.588411],[-73.38432,43.587334],[-73.38293,43.587076],[-73.382425,43.586062],[-73.383426,43.584727],[-73.385251,43.583263],[-73.384496,43.581553],[-73.382549,43.579193],[-73.383369,43.57677],[-73.384188,43.575512],[-73.386126,43.574799],[-73.38798,43.574697],[-73.389741,43.574683],[-73.391427,43.57361],[-73.391931,43.572723],[-73.391344,43.570851],[-73.3918367638903,43.570102254868],[-73.39196,43.569915],[-73.395169,43.569619],[-73.395767,43.568087],[-73.398125,43.568065],[-73.400295,43.568889],[-73.405629,43.571179],[-73.416964,43.57773],[-73.420378,43.581489],[-73.426663,43.582974],[-73.4266999562967,43.5829931056374],[-73.428636,43.583994],[-73.430947,43.587036],[-73.431229,43.588285],[-73.430325,43.590532],[-73.424977,43.598775],[-73.421616,43.603023],[-73.422154,43.606511],[-73.423815,43.610989],[-73.423708,43.612356],[-73.417827,43.620586],[-73.417668,43.621687],[-73.418319,43.623325],[-73.42791,43.634428],[-73.428583,43.636543],[-73.426463,43.642598],[-73.425217,43.64429],[-73.423539,43.645676],[-73.418763,43.64788],[-73.415513,43.65245],[-73.414546,43.658209],[-73.408061,43.669438],[-73.407776,43.672519],[-73.4069065623466,43.6746199424939],[-73.404126,43.681339],[-73.403474,43.684694],[-73.405243,43.688367],[-73.404739,43.690213],[-73.402078,43.693106],[-73.398332,43.694625],[-73.395517,43.696831],[-73.393723,43.6992],[-73.3935750235143,43.699527722367],[-73.39179,43.703481],[-73.385883,43.711336],[-73.382965,43.714058],[-73.377756,43.717712],[-73.370612,43.725329],[-73.369916,43.728789],[-73.370724,43.735571],[-73.370287,43.742269],[-73.369725,43.744274],[-73.3629511574321,43.7531814596909],[-73.354597,43.764167],[-73.350707,43.770463],[-73.350593,43.771939],[-73.354758,43.776721],[-73.355545,43.778468],[-73.357547,43.785933],[-73.362498,43.790211],[-73.368184,43.793346],[-73.376361,43.798766],[-73.377232,43.800565],[-73.37827,43.805995],[-73.379279,43.808391],[-73.3793298267232,43.808476322237],[-73.380804,43.810951],[-73.383259,43.81331],[-73.390302,43.817371],[-73.392492,43.820779],[-73.392751,43.822196],[-73.390194,43.829364],[-73.388389,43.832404],[-73.381865,43.837315],[-73.376598,43.839357],[-73.373688,43.84261],[-73.3734882043888,43.8429881003689],[-73.372247,43.845337],[-73.372462,43.846266],[-73.373742,43.847693],[-73.380987,43.852633],[-73.3818552426673,43.8545801920065],[-73.382046,43.855008],[-73.381501,43.859235],[-73.379334,43.864648],[-73.37415,43.874163],[-73.374051,43.875563],[-73.376312,43.880292],[-73.383491,43.890951],[-73.395878,43.903044],[-73.397256,43.905668],[-73.400926,43.917048],[-73.404537867979,43.9238515171629],[-73.407742,43.929887],[-73.4079004732694,43.9304569050514],[-73.408589,43.932933],[-73.405525,43.948813],[-73.406823,43.967317],[-73.411248,43.975596],[-73.412613,43.97998],[-73.412581,43.98272],[-73.411224,43.986202],[-73.405977,44.011485],[-73.405999,44.016229],[-73.4076675515562,44.021103280207],[-73.407739,44.021312],[-73.410776,44.026944],[-73.414364,44.029526],[-73.42016,44.032004],[-73.42312,44.032759],[-73.4274431933012,44.0371550311584],[-73.427987,44.037708],[-73.430772,44.038746],[-73.43688,44.042578],[-73.43774,44.045006]]]}},{"type":"Feature","properties":{"STATEFP":"09","STATENS":"01779780","GEOIDFQ":"0400000US09","GEOID":"09","STUSPS":"CT","NAME":"Connecticut","LSAD":"00","ALAND":12542101087,"AWATER":1816013585},"geometry":{"type":"MultiPolygon","coordinates":[[[[-72.225931,41.293839],[-72.225226,41.295258],[-72.223756,41.294857],[-72.223899,41.293464],[-72.225325,41.293303],[-72.225931,41.293839]]],[[[-72.761427,41.242333],[-72.759733,41.248454],[-72.75886,41.253843],[-72.756353,41.25548],[-72.754658,41.255929],[-72.747678,41.255855],[-72.740299,41.256454],[-72.740099,41.255105],[-72.741058,41.252691],[-72.742891,41.252631],[-72.745484,41.250982],[-72.745661,41.249723],[-72.749871,41.247308],[-72.755655,41.245059],[-72.757135,41.244305],[-72.75966,41.242012],[-72.760341,41.241235],[-72.761427,41.242333]]],[[[-72.764251,41.259212],[-72.763066,41.260377],[-72.762344,41.260356],[-72.761187,41.258996],[-72.761419,41.258643],[-72.763115,41.258037],[-72.763977,41.258511],[-72.764251,41.259212]]],[[[-73.217168,41.143906],[-73.216107,41.144466],[-73.214987,41.144473],[-73.215269,41.142644],[-73.216689,41.141968],[-73.217629,41.142354],[-73.217168,41.143906]]],[[[-73.364244,41.088945],[-73.361764,41.087508],[-73.360334,41.085711],[-73.358808,41.086645],[-73.356901,41.087077],[-73.353754,41.087508],[-73.354231,41.085639],[-73.355089,41.083483],[-73.357664,41.081973],[-73.360141,41.08202],[-73.363767,41.083626],[-73.369775,41.088802],[-73.364244,41.088945]]],[[[-73.394189,41.067379],[-73.392281,41.07083],[-73.388181,41.073275],[-73.383662,41.0725002937718],[-73.381887,41.072196],[-73.381314,41.070686],[-73.3835825294851,41.0694191474177],[-73.383889,41.069248],[-73.386655,41.066301],[-73.389993,41.064287],[-73.38799,41.061052],[-73.385797,41.059757],[-73.386178,41.058391],[-73.387227,41.058247],[-73.391805,41.061411],[-73.395238,41.064431],[-73.394189,41.067379]]],[[[-73.416886,41.053932],[-73.404774,41.06213],[-73.399815,41.062418],[-73.399148,41.06098],[-73.401055,41.0576],[-73.401532,41.053717],[-73.406077,41.052361],[-73.409542,41.052998],[-73.422165,41.047562],[-73.416886,41.053932]]],[[[-73.613369,40.988883],[-73.611501,40.990011],[-73.609727,40.990786],[-73.608327,40.990786],[-73.607569,40.990397],[-73.608233,40.989659],[-73.609634,40.988742],[-73.612528,40.987474],[-73.613369,40.988883]]],[[[-73.630573,40.980707],[-73.62948,40.983646],[-73.626647,40.983049],[-73.623765,40.984696],[-73.622717,40.984559],[-73.621865,40.98247],[-73.622799,40.982047],[-73.623609,40.982138],[-73.625127,40.981213],[-73.626813,40.981906],[-73.627841,40.981483],[-73.628968,40.980685],[-73.630081,40.980144],[-73.630573,40.980707]]],[[[-73.645767,40.996001],[-73.644485,40.997605],[-73.644289,40.998289],[-73.642966,40.997833],[-73.640451,40.99464],[-73.639325,40.994028],[-73.638435,40.994092],[-73.637667,40.993249],[-73.637457,40.992196],[-73.639509,40.991329],[-73.639147,40.989542],[-73.640819,40.989236],[-73.64141,40.99061],[-73.642594,40.991597],[-73.644725,40.995606],[-73.645767,40.996001]]],[[[-73.727775,41.100696],[-73.7122926255069,41.1078656241552],[-73.6960060114926,41.1154076779464],[-73.6959488909347,41.1154341295047],[-73.6684334021286,41.1281760841238],[-73.660504402926,41.1318478687221],[-73.639672,41.141495],[-73.633975019844,41.1440908044972],[-73.632153,41.144921],[-73.6288148586471,41.1464233424059],[-73.614464558521,41.1528817460914],[-73.5970698847306,41.1607102809882],[-73.5874541111645,41.1650378941317],[-73.5861737573394,41.1656141219311],[-73.5791541052827,41.1687733413423],[-73.564941,41.17517],[-73.5647586721642,41.1752542873136],[-73.5546500736944,41.1799273346628],[-73.535995955855,41.1885508422817],[-73.5359272678253,41.1885825956861],[-73.514617,41.198434],[-73.5125931127971,41.1993729574158],[-73.509487,41.200814],[-73.5091865006584,41.2009480565067],[-73.5091827930981,41.2009497104956],[-73.5039465925692,41.2032856449013],[-73.4959359310458,41.2068593009831],[-73.4940080975092,41.2077193315839],[-73.4849111933569,41.2117775740592],[-73.482709,41.21276],[-73.5025525269551,41.2372113413152],[-73.5174274449493,41.255540325761],[-73.518384,41.256719],[-73.5251605899493,41.2647699058786],[-73.5262868914358,41.2661080047347],[-73.5405370946926,41.2830379128492],[-73.5481483879656,41.292080485325],[-73.5488750069246,41.2929437426406],[-73.550961,41.295422],[-73.5499011747021,41.3017726067059],[-73.5493781244406,41.3049067897691],[-73.548929,41.307598],[-73.549574,41.315931],[-73.5495265913116,41.3167487012713],[-73.548973,41.326297],[-73.5485869686171,41.3299416091314],[-73.5481110375857,41.3344349810691],[-73.5452425041353,41.3615174507099],[-73.544728,41.366375],[-73.5447070189854,41.3665399980477],[-73.5437226736843,41.3742810466284],[-73.5436192944484,41.3750940374418],[-73.543425,41.376622],[-73.5434148559124,41.3767540709835],[-73.5424697738594,41.3890585701244],[-73.5423794810463,41.3902341377244],[-73.541169,41.405994],[-73.537673,41.433905],[-73.537469,41.43589],[-73.5372747912126,41.4379113250589],[-73.5371022733491,41.4397068909828],[-73.536969,41.441094],[-73.5362155790302,41.449644743312],[-73.536067,41.451331],[-73.535986,41.45306],[-73.5358943380151,41.4550348166263],[-73.535885,41.455236],[-73.535857,41.455709],[-73.535769,41.457159],[-73.5347598446596,41.47066366093],[-73.534369,41.475894],[-73.534269,41.476394],[-73.534269,41.476911],[-73.53415,41.47806],[-73.5340642743096,41.4788793571253],[-73.534055,41.478968],[-73.533969,41.479693],[-73.5330884632397,41.4904122149284],[-73.5324177565387,41.4985770634688],[-73.532406621006,41.4987126218851],[-73.5308863930724,41.5172191178032],[-73.5306605365111,41.5199685828257],[-73.530067,41.527194],[-73.5274208272509,41.5543355939442],[-73.5274190937751,41.5543533740742],[-73.521041,41.619773],[-73.5210383249554,41.619828966949],[-73.5200737332017,41.6400100350447],[-73.520017,41.641197],[-73.5182376035525,41.6667339816894],[-73.5179500508434,41.670860790123],[-73.516785,41.687581],[-73.5165907759759,41.6897117142119],[-73.5159914638673,41.6962864046138],[-73.511921,41.740941],[-73.5119065463255,41.7412091156621],[-73.5115449368014,41.7479169723343],[-73.5110186320079,41.7576799262538],[-73.510961,41.758749],[-73.5079601692712,41.7915267620213],[-73.505008,41.823773],[-73.5049921230769,41.8239000153846],[-73.504944,41.824285],[-73.501984,41.858717],[-73.5009108171378,41.868571326657],[-73.5009100939961,41.8685779667874],[-73.4994594107714,41.8818986289734],[-73.498304,41.892508],[-73.4965646487039,41.921747111939],[-73.496527,41.92238],[-73.4934845021214,41.953339471656],[-73.492975,41.958524],[-73.489615,42.000092],[-73.4882238286054,42.0300472272559],[-73.487314,42.049638],[-73.4367542184717,42.0505183572836],[-73.432812,42.050587],[-73.4261681710053,42.0504140296269],[-73.3405304264512,42.0481844730512],[-73.3277308315671,42.0478512389021],[-73.3256265850805,42.0477964553879],[-73.2963299656829,42.0470337254636],[-73.29442,42.046984],[-73.293097,42.04694],[-73.2333631515401,42.0450191891221],[-73.2329591865244,42.0450061991605],[-73.231056,42.044945],[-73.229798,42.044877],[-73.1721252790948,42.0432383922418],[-73.1272774996918,42.0419641690369],[-73.0532880861326,42.0398619684613],[-73.053254,42.039861],[-73.0087643066587,42.038860282198],[-72.999549,42.038653],[-72.9789786343673,42.0385101754816],[-72.9242297429858,42.0381300420321],[-72.863733,42.03771],[-72.8636384107871,42.0377091702701],[-72.863619,42.037709],[-72.847142,42.036894],[-72.8349699391824,42.0367490988266],[-72.813541,42.036494],[-72.8167357432203,41.997658901085],[-72.816741,41.997595],[-72.7949002458136,41.9999537071038],[-72.77475938856,42.0021288326822],[-72.7706452603118,42.0025731407607],[-72.766739,42.002995],[-72.766139,42.007695],[-72.763265,42.009742],[-72.763238,42.012795],[-72.761238,42.014595],[-72.759738,42.016995],[-72.761354,42.018183],[-72.76231,42.019775],[-72.762151,42.021527],[-72.760558,42.021846],[-72.758151,42.020865],[-72.757467,42.020947],[-72.754038,42.025395],[-72.751738,42.030195],[-72.753538,42.032095],[-72.757538,42.033295],[-72.755838,42.036195],[-72.7192527914859,42.0365571209569],[-72.714557957256,42.0366035904984],[-72.7128274389607,42.0366207191951],[-72.6994029866905,42.0367535946302],[-72.695927,42.036788],[-72.6860801113328,42.0359686227736],[-72.6729633546716,42.0348771539801],[-72.643134,42.032395],[-72.61690464073,42.0312027902664],[-72.6169036025419,42.0312027430774],[-72.6079909707697,42.0307976349601],[-72.607933,42.030795],[-72.6069560573249,42.0251287324845],[-72.606933,42.024995],[-72.590233,42.024695],[-72.5898262911392,42.024695],[-72.582332,42.024695],[-72.5741893219163,42.0295675442087],[-72.573231,42.030141],[-72.5634267784983,42.031044031843],[-72.5609752476445,42.0312698335984],[-72.560958712171,42.0312713566218],[-72.5530545610102,42.0319993797686],[-72.552858204224,42.0320174654912],[-72.5501111622106,42.0322704857245],[-72.5314944001573,42.0339852092183],[-72.528131,42.034295],[-72.5246152595797,42.034280435345],[-72.5092040512358,42.0342165913446],[-72.4601204240419,42.0340132526419],[-72.4596911701656,42.0340114743722],[-72.4582913228665,42.0340056752259],[-72.45668,42.033999],[-72.4414941437451,42.0337713188137],[-72.3974333745419,42.0331107167355],[-72.3669917600491,42.0326543063241],[-72.3218210714148,42.03197706325],[-72.3212667983303,42.0319687530467],[-72.317148,42.031907],[-72.2706561367986,42.0317138138475],[-72.249523,42.031626],[-72.2412901545176,42.0315261233387],[-72.2050807834552,42.0310868498098],[-72.1988321207782,42.0310110442372],[-72.1500880173965,42.0304197057611],[-72.1432302502593,42.0303365108455],[-72.135715,42.0302453396816],[-72.135687,42.030245],[-72.1021687771907,42.028899460948],[-72.0997252597077,42.0288013695839],[-72.063496,42.027347],[-72.0345788233465,42.0271697081331],[-72.0100444151492,42.0270192871192],[-72.0100396989336,42.027019258204],[-71.9931020771696,42.0269154132603],[-71.987326,42.02688],[-71.9630193086355,42.0262475718444],[-71.9523269561765,42.0259693708896],[-71.9209864169382,42.0251539312591],[-71.9208828863063,42.0251512375282],[-71.9010880693507,42.0246362024134],[-71.89078,42.024368],[-71.883947767419,42.0243074324438],[-71.8828330899181,42.0242975508581],[-71.877396643979,42.0242493569126],[-71.8659515062247,42.0241478960776],[-71.8603967710167,42.024098653501],[-71.8457122262748,42.023968475411],[-71.8416470936308,42.0239324381206],[-71.8045665635015,42.023603720229],[-71.80065,42.023569],[-71.799242,42.008065],[-71.7988654335405,41.9873338752955],[-71.7988268815301,41.9852114703],[-71.797922,41.935395],[-71.7978012534201,41.9323676992798],[-71.7976528289549,41.9286464718086],[-71.7971589425621,41.9162639874898],[-71.7966877946775,41.9044515922139],[-71.7946917826635,41.854408530038],[-71.7944823560536,41.8491578858595],[-71.794161,41.841101],[-71.794161,41.840141],[-71.793157336947,41.8171691600425],[-71.792786,41.80867],[-71.792767,41.807001],[-71.7926566350564,41.8046235902365],[-71.7926270381587,41.8039860331338],[-71.791258063576,41.774496473912],[-71.791062,41.770273],[-71.7910592549219,41.7701826762188],[-71.790106335744,41.7388279172293],[-71.7896921119938,41.7251983396573],[-71.789678,41.724734],[-71.7886475406628,41.6983421088834],[-71.7869988956813,41.6561173870817],[-71.786994,41.655992],[-71.7876366458895,41.6399171462982],[-71.787855198595,41.6344503677445],[-71.789356,41.59691],[-71.7893586727423,41.5968521603427],[-71.79050845462,41.5719702287765],[-71.7917036308261,41.5461059382128],[-71.7925957022037,41.5268010079481],[-71.7935683158896,41.5057530964788],[-71.7949846626488,41.4751025497798],[-71.7956834364983,41.4599806875911],[-71.796485908112,41.4426147470056],[-71.7967394589644,41.4371277628393],[-71.797235453979,41.426394149577],[-71.7976736925498,41.4169104184967],[-71.797683,41.416709],[-71.801439,41.415545],[-71.803684,41.417428],[-71.806812,41.416673],[-71.8129,41.419404],[-71.816904,41.419927],[-71.82033,41.419382],[-71.823873,41.417164],[-71.824573,41.415235],[-71.827902,41.414334],[-71.834107,41.411582],[-71.836883,41.412228],[-71.839649,41.412119],[-71.842563,41.409855],[-71.8428165698118,41.4087322073789],[-71.843472,41.40583],[-71.843256,41.404461],[-71.841726,41.403241],[-71.84115,41.39923],[-71.842244,41.396879],[-71.842131,41.395359],[-71.8410615505958,41.3940727447712],[-71.8386323044412,41.3911510258414],[-71.83817,41.390595],[-71.835204,41.389558],[-71.832655,41.387156],[-71.8330005628195,41.3852672388358],[-71.833531,41.382368],[-71.8316433377617,41.3800224459541],[-71.830637,41.378772],[-71.8313139597931,41.3777248226273],[-71.832674,41.375621],[-71.8320765800314,41.3729621714499],[-71.831613,41.370899],[-71.8320107595774,41.3702439986192],[-71.8321077620934,41.3700842619703],[-71.832499,41.36944],[-71.8349469163787,41.3675609118721],[-71.8355881682153,41.3670686692761],[-71.837633,41.365499],[-71.8377133908183,41.3637056148293],[-71.8377317214459,41.3632966890791],[-71.837873,41.360145],[-71.836768,41.355103],[-71.835703,41.353568],[-71.831303,41.351295],[-71.829902,41.346636],[-71.829384,41.342413],[-71.830617723719,41.3412470472827],[-71.836156,41.336013],[-71.844666,41.330585],[-71.847709,41.329604],[-71.851923,41.324664],[-71.857458,41.320789],[-71.860513,41.320248],[-71.85957,41.322399],[-71.868727,41.327815],[-71.877521,41.336025],[-71.8823774862605,41.3362379310113],[-71.886302,41.33641],[-71.892665,41.33327],[-71.8936573290734,41.3333181458508],[-71.897962,41.333527],[-71.904655,41.327353],[-71.9090940294406,41.3275069485771],[-71.921206,41.327927],[-71.92763,41.33229],[-71.932663,41.333348],[-71.936284,41.337959],[-71.9375554403829,41.3379372845366],[-71.945652,41.337799],[-71.95413,41.327913],[-71.96244,41.321535],[-71.969266,41.321033],[-71.979447,41.329987],[-71.9802752216186,41.3299490109487],[-71.982194,41.329861],[-71.988153,41.320577],[-71.9891974133674,41.3160030895106],[-71.989231,41.315856],[-71.9894197815126,41.3160106218487],[-71.993724,41.319536],[-72.0001008130767,41.3183448179197],[-72.000678,41.318237],[-72.0036509005825,41.3105467420542],[-72.005143,41.306687],[-72.0056918504038,41.3067203454328],[-72.0102887045407,41.3069996275278],[-72.010838,41.307033],[-72.0115673936891,41.3076796279495],[-72.021898,41.316838],[-72.027497,41.316034],[-72.030262,41.312121],[-72.035341,41.312821],[-72.036447,41.31587],[-72.041527,41.318488],[-72.049123,41.319127],[-72.0547506764111,41.3133260914975],[-72.055068,41.312999],[-72.060535,41.312107],[-72.065048,41.315238],[-72.066956,41.318893],[-72.074104,41.318993],[-72.0820020402424,41.3172242653722],[-72.088478,41.315774],[-72.0913367349466,41.3150024051527],[-72.094443,41.314164],[-72.093097,41.309429],[-72.098438,41.307642],[-72.1011122448683,41.304096793875],[-72.101358,41.303771],[-72.107782,41.302861],[-72.11182,41.299098],[-72.123044,41.301751],[-72.1254987519934,41.3012342216659],[-72.134221,41.299398],[-72.144041,41.30291],[-72.149665,41.310857],[-72.1559882169118,41.3130622872205],[-72.15632,41.313178],[-72.16158,41.310262],[-72.161073,41.306929],[-72.164401,41.303715],[-72.172715,41.309596],[-72.173922,41.317597],[-72.1774650579298,41.3222891577989],[-72.177622,41.322497],[-72.184122,41.323997],[-72.191022,41.323197],[-72.1915159517901,41.3228407847668],[-72.201422,41.315697],[-72.203022,41.313197],[-72.2035779661765,41.3053578769112],[-72.204022,41.299097],[-72.202294,41.294107],[-72.203684,41.287222],[-72.205788,41.285883],[-72.210387,41.285963],[-72.212348,41.288642],[-72.213132,41.291964],[-72.219763,41.293544],[-72.219977,41.29491],[-72.218857,41.296123],[-72.219763,41.29716],[-72.221582,41.296571],[-72.222936,41.29933],[-72.221689,41.300589],[-72.221724,41.301124],[-72.2237757595202,41.3019597214395],[-72.223828,41.301981],[-72.225183,41.301446],[-72.227536,41.298419],[-72.22996,41.298526],[-72.230209,41.297133],[-72.2316,41.29641],[-72.233133,41.298874],[-72.235735,41.30083],[-72.243971,41.299624],[-72.244827,41.298365],[-72.246823,41.297669],[-72.248161,41.299488],[-72.2488103721913,41.2993370479212],[-72.251895,41.29862],[-72.250515,41.294386],[-72.251259356024,41.2903427096669],[-72.251323,41.289997],[-72.261487,41.282926],[-72.268805,41.28443],[-72.27798,41.284062],[-72.2801917116802,41.2829879661633],[-72.284687,41.280805],[-72.298804,41.27892],[-72.31776,41.277782],[-72.327595,41.27846],[-72.3292852900993,41.2796557346694],[-72.333894,41.282916],[-72.34171,41.296394],[-72.346463,41.311214],[-72.3490378627189,41.3115555309125],[-72.350504,41.31175],[-72.356208,41.299609],[-72.3562145842289,41.299376809104],[-72.356446,41.291216],[-72.349316,41.284608],[-72.3477368421903,41.2808994913494],[-72.3456680545462,41.276041131515],[-72.345513,41.275677],[-72.3439719887267,41.2720508725429],[-72.34261,41.268846],[-72.348101,41.270141],[-72.359063,41.268114],[-72.3599756709937,41.2676248023724],[-72.3640138656714,41.2654603035885],[-72.367617,41.263529],[-72.378573,41.264575],[-72.386629,41.261798],[-72.3889710665866,41.2649781142955],[-72.3945701218396,41.2725806460735],[-72.3981541706389,41.2774471536646],[-72.398688,41.278172],[-72.405718,41.276801],[-72.4166552242223,41.2782926471396],[-72.417699,41.278435],[-72.421679,41.275074],[-72.426161,41.274128],[-72.4311009477311,41.2760566928499],[-72.437966,41.278737],[-72.451925,41.278885],[-72.462256,41.274484],[-72.468102,41.269012],[-72.471024063245,41.2697304969574],[-72.4719379680289,41.2699552141355],[-72.472539,41.270103],[-72.485693,41.270881],[-72.4862274061012,41.2706873690053],[-72.499534,41.265866],[-72.507133,41.260147],[-72.506974,41.256896],[-72.51031,41.256613],[-72.514529,41.258529],[-72.51802,41.257762],[-72.521312,41.2656],[-72.5218958750572,41.2655150556895],[-72.529416,41.264421],[-72.533247,41.26269],[-72.536032,41.25753],[-72.5363300022319,41.2548110883025],[-72.536759,41.250897],[-72.543941,41.248704],[-72.5469155277365,41.2508252719589],[-72.5706046900754,41.2677190985594],[-72.5710754110575,41.2680547912502],[-72.571136,41.268098],[-72.583336,41.271698],[-72.5851726267595,41.2713231782123],[-72.5909667135432,41.2701407115218],[-72.598036,41.268698],[-72.601192,41.269517],[-72.60408,41.270771],[-72.6078132585328,41.2704473738733],[-72.607956,41.270435],[-72.610358532227,41.2708396070327],[-72.617237,41.271998],[-72.6175211803484,41.2719395290835],[-72.6192148372338,41.271591054353],[-72.631362962314,41.2690915429994],[-72.641538,41.266998],[-72.653838,41.265897],[-72.6545317521677,41.2657632719328],[-72.658424,41.265013],[-72.661028,41.268533],[-72.6621840014098,41.2689332022557],[-72.665667,41.270139],[-72.6681612231931,41.2667917398138],[-72.668819,41.265909],[-72.673216,41.26762],[-72.6748184875006,41.2660935957322],[-72.67964,41.261501],[-72.677052,41.258266],[-72.677477,41.254767],[-72.684114,41.258394],[-72.685071,41.258028],[-72.6852493225171,41.2554632802079],[-72.685539,41.251297],[-72.6902367263958,41.246886889506],[-72.690439,41.246697],[-72.6934409177529,41.2454927463509],[-72.694744,41.24497],[-72.699081,41.247087],[-72.706139,41.243851],[-72.708973,41.244586],[-72.709224,41.247172],[-72.712397,41.247078],[-72.713242,41.248802],[-72.702618,41.255916],[-72.705788,41.259908],[-72.717256,41.255859],[-72.718567,41.256147],[-72.718863,41.256881],[-72.715387,41.25896],[-72.714789,41.261363],[-72.717385,41.262911],[-72.722674,41.259259],[-72.725688,41.259783],[-72.726955,41.258305],[-72.729276,41.258305],[-72.732442,41.255122],[-72.737041,41.257343],[-72.735307,41.261028],[-72.7367380560945,41.2613949602796],[-72.740131,41.262265],[-72.749603,41.259371],[-72.751497,41.262695],[-72.752166,41.26563],[-72.754444,41.266913],[-72.757477,41.266913],[-72.760541,41.266042],[-72.762057,41.267686],[-72.767157,41.265844],[-72.771035,41.266003],[-72.773569,41.263888],[-72.779444,41.265567],[-72.7861384353863,41.264709593044],[-72.787283,41.264563],[-72.788217,41.262651],[-72.791093,41.259848],[-72.793946,41.260423],[-72.796528,41.260181],[-72.7986766035633,41.2587774716426],[-72.799951,41.257945],[-72.803531,41.257482],[-72.8042726487173,41.2570799573477],[-72.80656,41.25584],[-72.8065813263019,41.2557787453311],[-72.807609,41.252827],[-72.81124,41.250201],[-72.816706,41.249297],[-72.818408,41.24965],[-72.818554,41.251261],[-72.817586,41.252099],[-72.82143,41.25532],[-72.823563,41.255564],[-72.823572,41.256048],[-72.820667,41.259158],[-72.8208112233879,41.2596857507676],[-72.821342,41.261628],[-72.822545,41.261827],[-72.82319,41.261562],[-72.824658,41.262026],[-72.824775,41.262489],[-72.824423,41.263128],[-72.824834,41.263702],[-72.826242,41.263459],[-72.827621,41.264937],[-72.828766,41.26454],[-72.8288137088392,41.2642625297284],[-72.829206,41.261981],[-72.830937,41.259996],[-72.830174,41.259026],[-72.831436,41.255915],[-72.832932,41.254393],[-72.833959,41.250555],[-72.836101,41.248812],[-72.837099,41.248988],[-72.838507,41.25115],[-72.840532,41.253092],[-72.838743,41.256359],[-72.839857,41.256908],[-72.84106,41.256599],[-72.841676,41.257614],[-72.841295,41.258805],[-72.841794,41.259026],[-72.844523,41.258232],[-72.845051,41.257746],[-72.844904,41.25682],[-72.846929,41.256643],[-72.847398,41.257195],[-72.8486971061056,41.2569250278251],[-72.851007,41.256445],[-72.85001,41.255298],[-72.850244,41.253246],[-72.850421,41.250621],[-72.854617,41.248128],[-72.8596146467979,41.2463247813758],[-72.861058,41.245804],[-72.87013,41.245313],[-72.8746281468663,41.24443305669],[-72.8808673035784,41.2432125309108],[-72.881509,41.243087],[-72.885622,41.244272],[-72.890042,41.244648],[-72.893579,41.242538],[-72.894578,41.242509],[-72.896703,41.245315],[-72.900159,41.246676],[-72.9003323174285,41.2467554504053],[-72.903429,41.248175],[-72.904116,41.249554],[-72.903754,41.251401],[-72.902727,41.252916],[-72.898705,41.255196],[-72.8975717676279,41.2555674780046],[-72.894666,41.25652],[-72.893845,41.259897],[-72.8961891872368,41.2636588715478],[-72.8963698914716,41.2639488595268],[-72.897496,41.265756],[-72.905359,41.270627],[-72.9050191978859,41.2716433992438],[-72.9035475671646,41.2760452681271],[-72.903099,41.277387],[-72.9059454168644,41.2827000049195],[-72.906194,41.283164],[-72.906432,41.292183],[-72.9073407391115,41.2952539114803],[-72.907621,41.296201],[-72.913087,41.296737],[-72.921881,41.289326],[-72.923938,41.285518],[-72.9267481202243,41.2832557401065],[-72.9288094336587,41.2815962998197],[-72.9295811622231,41.2809750272617],[-72.929652,41.280918],[-72.932533,41.280318],[-72.93291,41.280495],[-72.932695,41.281846],[-72.933136,41.282097],[-72.937592,41.28204],[-72.938108,41.281935],[-72.9385948741925,41.2811287732565],[-72.9391112517729,41.28027369114],[-72.939163,41.280188],[-72.938023,41.278009],[-72.9371659719074,41.2773990218723],[-72.9367936579735,41.2771340324767],[-72.936566,41.276972],[-72.9365558635634,41.2767122952188],[-72.936413,41.273052],[-72.9359219585551,41.2725701839281],[-72.935242,41.271903],[-72.931791,41.269182],[-72.9317004827985,41.2690792720359],[-72.930642,41.267878],[-72.931106,41.267294],[-72.9310563200892,41.264741004582],[-72.931016,41.262669],[-72.9312674811294,41.2623418134787],[-72.931305,41.262293],[-72.936192,41.259888],[-72.939547,41.258836],[-72.953154,41.255421],[-72.9546242318511,41.2543383385063],[-72.9569457356074,41.2526288103645],[-72.957213,41.252432],[-72.9600273351967,41.2521452848861],[-72.962062,41.251938],[-72.963482,41.247999],[-72.9682143849687,41.2444411966484],[-72.968901,41.243925],[-72.9692621506414,41.2431474557892],[-72.9704236943858,41.2406466943051],[-72.9709799299226,41.2394491394019],[-72.972039,41.237169],[-72.975136,41.233829],[-72.978347,41.23331],[-72.9786667793222,41.2334504412954],[-72.9810633815032,41.2345029856333],[-72.981134,41.234534],[-72.9816722372588,41.2346969703111],[-72.985586,41.235882],[-72.9865543077538,41.2353156455427],[-72.98687,41.235131],[-72.987035,41.233463],[-72.987546,41.231098],[-72.992042,41.223724],[-72.997028,41.222643],[-73.000423182342,41.2227094274806],[-73.002548,41.222751],[-73.004084,41.221399],[-73.006170041531,41.2159427142852],[-73.008387,41.210144],[-73.0086823928612,41.2098847463919],[-73.012621654107,41.206427426243],[-73.0130319667642,41.2060673124733],[-73.01455,41.204735],[-73.020219,41.204315],[-73.0202307004357,41.2047865870512],[-73.0202774506474,41.2066708582966],[-73.020278,41.206693],[-73.0224415297051,41.2073530234708],[-73.023297,41.207614],[-73.029645,41.207532],[-73.034895,41.206076],[-73.0352091532025,41.2056364330436],[-73.035918830345,41.2046434442119],[-73.0362962284171,41.2041153842699],[-73.0363775418334,41.2040016095555],[-73.0374543736167,41.2024948935147],[-73.037941,41.201814],[-73.044724,41.209188],[-73.04657,41.210547],[-73.0489058904262,41.2107267432197],[-73.049598,41.21078],[-73.055452,41.209126],[-73.0556749677944,41.2089871006719],[-73.060836,41.205772],[-73.065948,41.198407],[-73.072963,41.197629],[-73.074264113745,41.1969606785267],[-73.0781753185546,41.1949516749551],[-73.0791182508382,41.1944673346002],[-73.082045,41.192964],[-73.0828394550432,41.1923136407303],[-73.0871362446539,41.1887961893941],[-73.088843,41.187399],[-73.0908658886207,41.1851736555925],[-73.097326,41.178067],[-73.101493,41.173825],[-73.103288,41.174076],[-73.1042935661222,41.173187672693],[-73.105458,41.172159],[-73.1058061668315,41.1716950509516],[-73.108005,41.168765],[-73.1080084493287,41.1687516729814],[-73.110352,41.159697],[-73.1089092629466,41.1578819296594],[-73.107039,41.155529],[-73.10109,41.154141],[-73.10302,41.151412],[-73.111052,41.150797],[-73.1131343452713,41.1503632006622],[-73.130253,41.146797],[-73.1378606558334,41.1490238123565],[-73.1647956314162,41.1569078620246],[-73.172196,41.159074],[-73.170701,41.164945],[-73.175855,41.1662216588435],[-73.177774,41.166697],[-73.1815928017535,41.1653770922109],[-73.184359,41.164421],[-73.186186,41.159287],[-73.202656,41.158096],[-73.209402,41.154751],[-73.21551,41.14845],[-73.21651,41.148687],[-73.217067,41.152783],[-73.2175103109082,41.1528720269101],[-73.219741,41.15332],[-73.221345,41.151306],[-73.223781,41.150143],[-73.222653,41.148308],[-73.227569,41.143006],[-73.2348456347633,41.1439679266145],[-73.235058,41.143996],[-73.2354744452279,41.1431193403574],[-73.2378387321871,41.138142275376],[-73.242565,41.128193],[-73.2430017210054,41.1280537392537],[-73.252619,41.124987],[-73.2602680395809,41.1196673587969],[-73.262388,41.118193],[-73.2675748317471,41.1193747891316],[-73.275116,41.121093],[-73.278752,41.125659],[-73.2862599578681,41.1277565773387],[-73.286759,41.127896],[-73.2987463453292,41.1247855952212],[-73.299003,41.124719],[-73.29861,41.120207],[-73.30664,41.116522],[-73.308513,41.115507],[-73.309101,41.114804],[-73.309602,41.114947],[-73.310792,41.115748],[-73.311267,41.116475],[-73.31363,41.116769],[-73.31546,41.116605],[-73.317665,41.116196],[-73.319286,41.11538],[-73.319537770502,41.1153617787239],[-73.320875,41.115265],[-73.32497,41.113433],[-73.33066,41.109996],[-73.330957221598,41.1100872499775],[-73.3310755801918,41.1101235872393],[-73.336409,41.111761],[-73.3470345062531,41.1076577346387],[-73.3472202648725,41.1075859999947],[-73.350351,41.106377],[-73.3526336459335,41.1016877368453],[-73.352671,41.101611],[-73.3529310090308,41.1017396180365],[-73.357078,41.103791],[-73.3573073816719,41.1038608760925],[-73.368249,41.107194],[-73.3680613466089,41.1028164721535],[-73.368011,41.101642],[-73.365396,41.097343],[-73.369199,41.095552],[-73.3722143912961,41.095518268805],[-73.3794821100463,41.0954369696256],[-73.3822797808682,41.0954056739261],[-73.382787,41.0954],[-73.3826494939678,41.0951802303396],[-73.379693,41.090455],[-73.381028,41.088802],[-73.383662,41.089798000895],[-73.387732,41.091337],[-73.392162,41.087696],[-73.392967,41.082117],[-73.398196,41.081938],[-73.402474,41.086058],[-73.4025953212994,41.085912130154],[-73.405632,41.082261],[-73.40785,41.081115],[-73.407228,41.075488],[-73.408416,41.071008],[-73.412932,41.071008],[-73.4219963591711,41.0642269064179],[-73.43325,41.055808],[-73.435063,41.056696],[-73.438152,41.055515],[-73.440841,41.055863],[-73.442796,41.057493],[-73.445849,41.05826],[-73.4465190115365,41.0580763361426],[-73.450482,41.05699],[-73.451394,41.057916],[-73.453641,41.057149],[-73.454202,41.05437],[-73.459572,41.052544],[-73.461713,41.053629],[-73.461502,41.054476],[-73.458905,41.05654],[-73.457817,41.058975],[-73.459397,41.059637],[-73.4616766897471,41.0588556668412],[-73.4625825461822,41.0585451966684],[-73.4630913969339,41.0583707948816],[-73.46319,41.058337],[-73.46483,41.058104],[-73.4650247726817,41.0584566350885],[-73.465173,41.058725],[-73.463959,41.059904],[-73.464661,41.060748],[-73.466731,41.061128],[-73.468977,41.060079],[-73.470474,41.056181],[-73.471508,41.055079],[-73.470487,41.054105],[-73.468311,41.05482],[-73.467258,41.054767],[-73.467153,41.052359],[-73.469575,41.050744],[-73.474032,41.05085],[-73.474383,41.049262],[-73.470028,41.048331],[-73.470242,41.047197],[-73.475998,41.043915],[-73.477366,41.036397],[-73.479086,41.036582],[-73.482823,41.046216],[-73.4842486854369,41.0461768376531],[-73.486063,41.046127],[-73.486804,41.042242],[-73.4886,41.040799],[-73.49141,41.042742],[-73.490473,41.044126],[-73.490743997702,41.0444313989647],[-73.493947,41.048041],[-73.495756326505,41.0476796800875],[-73.500582,41.046716],[-73.501063,41.044886],[-73.505968,41.042801],[-73.507958,41.038503],[-73.517279,41.039891],[-73.5211989186167,41.0377872951312],[-73.5222799218801,41.0372071525183],[-73.523292,41.036664],[-73.5228495523387,41.0356634320862],[-73.52115,41.03182],[-73.5200458969165,41.0316365375057],[-73.518496,41.031379],[-73.517013,41.030054],[-73.518262,41.028964],[-73.519238,41.024312],[-73.52306,41.020047],[-73.5241672407343,41.0201659597483],[-73.524391,41.02019],[-73.526967,41.019718],[-73.5270328089261,41.0196357232774],[-73.529081,41.017075],[-73.5292497062395,41.0171023219224],[-73.530353,41.017281],[-73.531215,41.02245],[-73.530189,41.028776],[-73.532786,41.03167],[-73.5344098833801,41.0318290794847],[-73.535338,41.03192],[-73.5366682040146,41.0310690164282],[-73.5369334391699,41.0308993351181],[-73.5388063444217,41.0297011643238],[-73.5399030967674,41.0289995289219],[-73.544845,41.025838],[-73.547436,41.022881],[-73.551494,41.024336],[-73.552870490795,41.0233452383279],[-73.55644,41.020776],[-73.557168,41.017158],[-73.561968,41.016797],[-73.5639458230335,41.014749779667],[-73.567668,41.010897],[-73.570068,41.001597],[-73.583968,41.000897],[-73.585115,41.005464],[-73.5876071719435,41.0076083911386],[-73.5876450291519,41.0076409654007],[-73.5876581088922,41.0076522198727],[-73.593191,41.012413],[-73.595699,41.015995],[-73.5967420568665,41.0158760715483],[-73.603952,41.015054],[-73.614722,41.008801],[-73.619487022323,41.0077142895964],[-73.624943,41.00647],[-73.627086,41.001809],[-73.639885,41.003118],[-73.6410127012996,41.0022674354848],[-73.6422681924053,41.0013204859831],[-73.643653,41.000276],[-73.6487877738617,40.996830745589],[-73.651175,40.995229],[-73.6519565485684,40.9941706558957],[-73.65676,40.987666],[-73.657783,40.9876],[-73.659005,40.988857],[-73.657228,40.990914],[-73.659639,40.994339],[-73.6595007002821,40.995525863034],[-73.659309,40.997171],[-73.660268,41.000484],[-73.6585172688615,41.0039992082029],[-73.6585107167126,41.0040123639452],[-73.6579245992895,41.0051892007126],[-73.656065,41.008923],[-73.655241,41.011852],[-73.655255,41.012246],[-73.6556623079508,41.0126660658565],[-73.6556679291872,41.0126718631641],[-73.656117,41.013135],[-73.658679,41.016706],[-73.6604129558331,41.0183522375566],[-73.662672,41.020497],[-73.6664391407287,41.0251334808969],[-73.6665544729412,41.0252754282353],[-73.6665587203838,41.025280655857],[-73.670472,41.030097],[-73.6722427528981,41.0322775924543],[-73.6756502436843,41.0364737446697],[-73.6757863599152,41.0366413649098],[-73.679973,41.041797],[-73.687173,41.050697],[-73.6924347867723,41.0570696907683],[-73.6942630233972,41.0592839170694],[-73.694273,41.059296],[-73.706163059899,41.0741835628326],[-73.716875,41.087596],[-73.7178151629435,41.0885856452037],[-73.722575,41.093596],[-73.727775,41.100696]]]]}},{"type":"Feature","properties":{"STATEFP":"33","STATENS":"01779794","GEOIDFQ":"0400000US33","GEOID":"33","STUSPS":"NH","NAME":"New Hampshire","LSAD":"00","ALAND":23190733491,"AWATER":1025349624},"geometry":{"type":"MultiPolygon","coordinates":[[[[-70.617025,42.977182],[-70.615289,42.978353],[-70.614566,42.978599],[-70.613471,42.978016],[-70.612059,42.978056],[-70.610621,42.976407],[-70.61208,42.974594],[-70.613409,42.973408],[-70.613986,42.973349],[-70.614355,42.973921],[-70.614122,42.975454],[-70.614855,42.976447],[-70.615425,42.977202],[-70.616462,42.977],[-70.617025,42.977182]]],[[[-70.626782,42.969493],[-70.626364,42.969516],[-70.625713,42.969477],[-70.624952,42.969039],[-70.624607,42.968931],[-70.62248,42.968207],[-70.622316,42.968122],[-70.622428,42.967629],[-70.622459,42.967479],[-70.622681,42.9672],[-70.623549,42.966883],[-70.624179,42.967092],[-70.624454,42.96722],[-70.626131,42.967704],[-70.626666,42.969067],[-70.626957,42.969377],[-70.626782,42.969493]]],[[[-70.62787,42.976294],[-70.627584,42.977095],[-70.62734,42.977718],[-70.626852,42.978155],[-70.625658,42.978056],[-70.625495,42.977559],[-70.624278,42.976661],[-70.624464,42.976324],[-70.624487,42.976124],[-70.624918,42.975877],[-70.625549,42.975712],[-70.626048,42.975715],[-70.626758,42.975732],[-70.627247,42.975638],[-70.627759,42.975383],[-70.627963,42.975779],[-70.62787,42.976294]]],[[[-72.557247,42.853019],[-72.556270395012,42.8552925623253],[-72.5550570306009,42.8581173068696],[-72.554232,42.860038],[-72.555132,42.865731],[-72.556112,42.866252],[-72.5561773621851,42.8666992824039],[-72.556214,42.86695],[-72.555131,42.871058],[-72.555415,42.875428],[-72.552834,42.884968],[-72.552025,42.885631],[-72.546491,42.88714],[-72.540708,42.889379],[-72.537287,42.89187],[-72.5329339570782,42.8959296227337],[-72.532777,42.896076],[-72.531469,42.89795],[-72.531588,42.907164],[-72.530218,42.911576],[-72.529191,42.912719],[-72.525271,42.914363],[-72.52443,42.915575],[-72.524242,42.918501],[-72.527097,42.928584],[-72.5264981448316,42.9342719279843],[-72.526346,42.935717],[-72.526624,42.939901],[-72.527431,42.943148],[-72.52855,42.94532],[-72.529763,42.94612],[-72.531693,42.94651],[-72.533901,42.948591],[-72.534554,42.949894],[-72.534117,42.952133],[-72.532186,42.954945],[-72.5204765616912,42.9619422486261],[-72.518422,42.96317],[-72.5148400914823,42.9635107936913],[-72.507901,42.964171],[-72.504226,42.965815],[-72.492597,42.967648],[-72.486872,42.971789],[-72.481706,42.973985],[-72.479245,42.973597],[-72.476722,42.971746],[-72.473827,42.972045],[-72.465985,42.97847],[-72.461627,42.982906],[-72.461597,42.984049],[-72.464026,42.986107],[-72.465335,42.989558],[-72.464714,42.993582],[-72.46294,42.996943],[-72.459951,43.00008],[-72.456936,43.001306],[-72.451797,43.000577],[-72.448714,43.001169],[-72.444977,43.004416],[-72.443762,43.006245],[-72.443825,43.008965],[-72.444635,43.010566],[-72.452984,43.015731],[-72.457035,43.017285],[-72.458998,43.019388],[-72.4595727505702,43.0204316482846],[-72.4596285332852,43.0205329401107],[-72.462397,43.02556],[-72.46299,43.028531],[-72.460905,43.035961],[-72.460252,43.040671],[-72.462248,43.044214],[-72.465896,43.047505],[-72.466832,43.049197],[-72.467363,43.052648],[-72.466491,43.054729],[-72.463812,43.057404],[-72.4614656337149,43.058972110977],[-72.45471,43.063487],[-72.4507036737366,43.0668010256691],[-72.445202,43.071352],[-72.43987,43.077043],[-72.43619,43.08173],[-72.435316,43.083536],[-72.4352768535037,43.0845024486999],[-72.435191,43.086622],[-72.439214,43.094852],[-72.443051,43.100841],[-72.442427,43.10363],[-72.440587,43.106145],[-72.434845,43.109917],[-72.433129,43.112637],[-72.432661,43.114077],[-72.432972,43.119655],[-72.435936,43.123381],[-72.4382747298633,43.1253459793545],[-72.440967,43.127608],[-72.442933,43.130192],[-72.442746,43.131152],[-72.44078,43.131472],[-72.440624,43.132203],[-72.4408723976523,43.1353764789024],[-72.440905,43.135793],[-72.441904,43.136615],[-72.444214,43.13737],[-72.448303,43.137187],[-72.451986,43.138924],[-72.45689,43.146558],[-72.45714,43.148493],[-72.456537,43.149528],[-72.452801,43.151977],[-72.451802,43.153486],[-72.451553,43.155155],[-72.4520937442892,43.1613424195726],[-72.4521,43.161414],[-72.451868,43.170174],[-72.452556,43.172117],[-72.451430916722,43.172977426992],[-72.444904,43.177969],[-72.443405,43.179729],[-72.443749,43.182221],[-72.449435,43.18917],[-72.45028,43.192485],[-72.438969,43.201035],[-72.437719,43.20275],[-72.438594,43.209013],[-72.440563,43.215254],[-72.4405,43.219049],[-72.437656,43.225266],[-72.4354780634059,43.2287930283527],[-72.4351048789197,43.2293973766461],[-72.434466,43.230432],[-72.433785292783,43.2330390564128],[-72.433684,43.233427],[-72.433688684948,43.2334404824348],[-72.434216,43.234958],[-72.436654,43.238319],[-72.438937,43.24424],[-72.438693,43.252905],[-72.436378,43.257454],[-72.435221,43.258483],[-72.4277110610837,43.2612137366979],[-72.4276791218808,43.2612253503148],[-72.421583,43.263442],[-72.41545,43.271374],[-72.407842,43.282892],[-72.401666,43.303395],[-72.395462,43.312994],[-72.395805,43.314617],[-72.397619,43.317064],[-72.402532,43.32038],[-72.408696,43.327674],[-72.410197,43.330395],[-72.410353,43.331675],[-72.409037,43.334395],[-72.4066991286665,43.3376975044409],[-72.4063262711583,43.3382242073262],[-72.400981,43.345775],[-72.399289,43.347581],[-72.395403,43.350414],[-72.39092,43.354984],[-72.390286366897,43.3564901389057],[-72.390103,43.356926],[-72.39217,43.357865],[-72.400441,43.357685],[-72.403949,43.358098],[-72.413377,43.362741],[-72.414692,43.364273],[-72.415099,43.365896],[-72.415978,43.376531],[-72.415381,43.380211],[-72.413154,43.384302],[-72.4111097043962,43.3857742240205],[-72.405253,43.389992],[-72.403811,43.391935],[-72.401624713554,43.4032597261504],[-72.4015422697081,43.4036867763106],[-72.400131,43.410997],[-72.399972,43.415249],[-72.3965039847534,43.4286943993475],[-72.3964397283084,43.4289435198104],[-72.395916,43.430974],[-72.395659,43.438541],[-72.393992,43.444666],[-72.391196,43.449305],[-72.390567,43.451225],[-72.392628,43.465078],[-72.3925,43.467364],[-72.391526,43.46878],[-72.3904664495947,43.4695955601201],[-72.3847195355301,43.4740190909885],[-72.384491,43.474195],[-72.382951,43.476],[-72.3821709999838,43.4785985179692],[-72.381723,43.480091],[-72.3804628390609,43.488298102209],[-72.380428,43.488525],[-72.380362,43.491634],[-72.380894,43.493394],[-72.384773,43.500259],[-72.389556,43.503899],[-72.396305,43.508062],[-72.398376,43.510829],[-72.398563,43.513435],[-72.3963960118214,43.5190740762499],[-72.3962117420537,43.5195535949113],[-72.395825,43.52056],[-72.395949,43.52388],[-72.394218,43.5274],[-72.3907,43.527261],[-72.389097,43.528266],[-72.38331,43.53519],[-72.380383,43.54088],[-72.381187,43.554915],[-72.382784,43.561689],[-72.382625,43.564127],[-72.379861,43.566598],[-72.380146,43.573624],[-72.373372,43.579667],[-72.3640945447818,43.5835767566671],[-72.363916,43.583652],[-72.349926,43.587726],[-72.3461791869236,43.5902114885193],[-72.332382,43.599364],[-72.3296772840816,43.6001836405589],[-72.32962,43.600201],[-72.328514,43.600805],[-72.327665,43.602679],[-72.3280879614008,43.6057822088668],[-72.328232,43.606839],[-72.329522,43.608393],[-72.3327,43.610313],[-72.334745,43.614519],[-72.334401,43.61925],[-72.33236,43.62507],[-72.328966,43.626991],[-72.327236,43.630534],[-72.327362,43.631174],[-72.329471,43.632843],[-72.32966,43.634648],[-72.3296149765246,43.6347251469663],[-72.3294982115324,43.6349252218124],[-72.329126,43.635563],[-72.327395,43.636774],[-72.322517,43.638901],[-72.3193171904891,43.6398970342398],[-72.315247,43.641164],[-72.314083,43.64281],[-72.313863,43.646558],[-72.3147476392789,43.648671222759],[-72.315059,43.649415],[-72.31402,43.656158],[-72.312887,43.658444],[-72.310841,43.659724],[-72.3091208256738,43.662034869297],[-72.305771,43.666535],[-72.304322,43.669507],[-72.303408,43.674055],[-72.303092,43.678078],[-72.304351,43.681141],[-72.30602,43.683061],[-72.3059883719587,43.6834981587216],[-72.3053441793481,43.6924021061916],[-72.3053371199905,43.6924996797252],[-72.305133,43.695321],[-72.301028,43.701424],[-72.3003076886545,43.7038117533876],[-72.299564,43.706277],[-72.294894,43.709003],[-72.292215,43.711333],[-72.28695,43.717252],[-72.284805,43.72036],[-72.2825226819785,43.722330170688],[-72.279855,43.724633],[-72.275271,43.727532],[-72.271776,43.733407],[-72.268389,43.734292],[-72.264467,43.733895],[-72.2619357804982,43.735095173049],[-72.245068,43.743093],[-72.234178,43.745965],[-72.230439,43.749352],[-72.225373,43.756363],[-72.220116,43.763626],[-72.218099,43.765729],[-72.216491,43.766507],[-72.210815,43.767696],[-72.2051729288236,43.7711228221444],[-72.205143,43.771141],[-72.2051385200612,43.7712598130241],[-72.204788,43.780556],[-72.205536,43.784584],[-72.202316,43.787346],[-72.197708,43.789597],[-72.195084,43.792328],[-72.192932,43.795898],[-72.190754,43.800807],[-72.184847,43.804698],[-72.183333,43.808177],[-72.1840524340253,43.8118519467781],[-72.184184,43.812524],[-72.187469,43.817337],[-72.188949,43.821319],[-72.188522,43.823288],[-72.186238,43.826931],[-72.183337,43.830699],[-72.182203,43.834032],[-72.182864,43.845109],[-72.187379,43.853612],[-72.187916,43.856126],[-72.184788,43.863393],[-72.182846,43.865524],[-72.179386,43.866181],[-72.174712,43.866569],[-72.167907,43.869109],[-72.1690171831725,43.8716672224092],[-72.1694256809885,43.872608533981],[-72.16978,43.873425],[-72.171904,43.876149],[-72.173576,43.87967],[-72.172714,43.884254],[-72.170562,43.886184],[-72.1696266358818,43.8861641045978],[-72.167224,43.886113],[-72.161636,43.886756],[-72.159216,43.888313],[-72.158585,43.892762],[-72.155724,43.89712],[-72.151324,43.901704],[-72.145041,43.905288],[-72.135481,43.909568],[-72.132851,43.913011],[-72.1321581614251,43.9133240402445],[-72.123936,43.917039],[-72.120421,43.919593],[-72.118147,43.923606],[-72.117384,43.93196],[-72.116926,43.934393],[-72.1192,43.943411],[-72.11862,43.946044],[-72.116911,43.947493],[-72.110872,43.947654],[-72.106293,43.949474],[-72.104437,43.950886],[-72.0991250125037,43.9573360577282],[-72.099088,43.957381],[-72.098955,43.958879],[-72.101224,43.961378],[-72.100492,43.963186],[-72.095563,43.964583],[-72.091413,43.965452],[-72.091104,43.966443],[-72.097989,43.968542],[-72.105146,43.969885],[-72.107343,43.969557],[-72.110149,43.967249],[-72.112943,43.967222],[-72.114726,43.968332],[-72.114423,43.970274],[-72.113189,43.97392],[-72.112699,43.977911],[-72.1126976842161,43.9779955437482],[-72.112628,43.982473],[-72.11218,43.986845],[-72.116706,43.991954],[-72.116985,43.99448],[-72.11038,43.999304],[-72.104367,44.002157],[-72.103576,44.004231],[-72.105726,44.011098],[-72.105283,44.013059],[-72.102475,44.014882],[-72.097593,44.015226],[-72.095247,44.01358],[-72.093411,44.01087],[-72.093257,44.009376],[-72.09123,44.009125],[-72.090059,44.009903],[-72.089807,44.011274],[-72.090504,44.012736],[-72.095193,44.016666],[-72.095868,44.019682],[-72.095258,44.021894],[-72.093256,44.024017],[-72.090283,44.02403],[-72.085477,44.021261],[-72.082913,44.021581],[-72.081673,44.023638],[-72.081864,44.026952],[-72.080411,44.029211],[-72.0791448582418,44.029671953808],[-72.0790799649548,44.0296955789729],[-72.078274,44.029989],[-72.075391,44.031522],[-72.074841,44.032987],[-72.078244,44.037771],[-72.079434,44.040578],[-72.07832,44.043378],[-72.07417,44.045835],[-72.065625,44.049146],[-72.062496,44.049344],[-72.061856,44.050611],[-72.062573,44.051771],[-72.067868,44.053525],[-72.06915,44.054817],[-72.0676267982814,44.0580030467677],[-72.067612,44.058034],[-72.065415,44.058344],[-72.059338,44.057683],[-72.057293,44.058339],[-72.055309,44.060773],[-72.053482,44.06473],[-72.048931,44.069012],[-72.048244,44.070355],[-72.049117,44.072355],[-72.051235,44.073789],[-72.052902,44.075345],[-72.052494,44.076716],[-72.051141,44.077256],[-72.046369,44.078231],[-72.043056,44.079266],[-72.041362,44.078877],[-72.040279,44.077603],[-72.038036,44.076543],[-72.034175,44.077115],[-72.0321579058715,44.0783482447821],[-72.031841,44.078542],[-72.031657,44.079602],[-72.033245,44.08151],[-72.038204,44.083035],[-72.041316,44.084554],[-72.044383,44.085996],[-72.045146,44.08785],[-72.043483,44.088902],[-72.039912,44.088712],[-72.036021,44.088963],[-72.033689,44.09014],[-72.032359,44.091527],[-72.030909,44.096562],[-72.030897,44.099719],[-72.033046,44.101781],[-72.037471,44.103352],[-72.04005,44.103352],[-72.042263,44.101353],[-72.042583,44.099171],[-72.043132,44.097241],[-72.044909,44.096402],[-72.048334,44.096905],[-72.050997,44.098848],[-72.052391,44.101088],[-72.0531179839648,44.1035541939663],[-72.055141,44.110417],[-72.053707,44.113797],[-72.0525304687655,44.1190495870643],[-72.052342,44.119891],[-72.04643,44.123911],[-72.042537,44.125035],[-72.04063,44.125363],[-72.038839,44.124628],[-72.036922,44.125271],[-72.035976,44.12846],[-72.033412,44.1311],[-72.033794,44.132344],[-72.03744,44.133396],[-72.041103,44.136113],[-72.041881,44.137623],[-72.0422582866981,44.1429448960876],[-72.042827,44.150967],[-72.042476,44.152226],[-72.0412182968621,44.1540672845655],[-72.041073,44.15428],[-72.0396584079724,44.1556880186446],[-72.038921,44.156422],[-72.040167,44.157023],[-72.042381,44.156581],[-72.043505,44.156918],[-72.0435695519214,44.1570780214965],[-72.044004,44.158155],[-72.042387,44.160817],[-72.042359,44.161701],[-72.045111,44.161749],[-72.046568,44.161403],[-72.047593,44.161801],[-72.048969,44.165039],[-72.051523,44.166219],[-72.053021,44.167903],[-72.057496,44.179444],[-72.061338,44.184951],[-72.066166,44.189773],[-72.064577,44.196949],[-72.063561,44.198457],[-72.060067,44.200446],[-72.058987,44.202114],[-72.058066,44.206067],[-72.059536,44.210315],[-72.058285,44.211803],[-72.05537,44.212833],[-72.0529471846878,44.217937976615],[-72.052502,44.218876],[-72.0539,44.222703],[-72.053582,44.22604],[-72.050548,44.232974],[-72.047889,44.238493],[-72.04846,44.241212],[-72.050112,44.244046],[-72.05399,44.246926],[-72.0591802209617,44.2558533593364],[-72.05978,44.256885],[-72.061174,44.263377],[-72.060543,44.264491],[-72.059444,44.264896],[-72.058969,44.265911],[-72.058475,44.267886],[-72.058559,44.269077],[-72.060039,44.269855],[-72.064544,44.267997],[-72.067135,44.268237],[-72.068432,44.271296],[-72.065434,44.277235],[-72.05888,44.28624],[-72.0574255405888,44.287361710688],[-72.053355,44.290501],[-72.053160162457,44.2905419399176],[-72.046302,44.291983],[-72.044506,44.294963],[-72.042812,44.29552],[-72.039506,44.295943],[-72.0348182228887,44.300455875532],[-72.032725,44.302471],[-72.032317,44.306677],[-72.031902,44.315653],[-72.033806,44.317349],[-72.032816,44.320446],[-72.029061,44.322398],[-72.025783,44.322054],[-72.018901,44.320216],[-72.013514,44.321078],[-72.003881,44.32409],[-71.992716,44.328631],[-71.988306,44.329768],[-71.986484,44.331218],[-71.9846456807074,44.3361658063444],[-71.9846246089592,44.3362225206107],[-71.984617,44.336243],[-71.98112,44.3375],[-71.963133,44.336556],[-71.958047,44.337427],[-71.945163,44.337744],[-71.939049,44.335844],[-71.935395,44.33577],[-71.92911,44.337577],[-71.925088,44.342024],[-71.917434,44.346535],[-71.909416,44.348398],[-71.902332,44.347499],[-71.890357,44.343119],[-71.87583,44.337801],[-71.872472,44.336628],[-71.86991,44.336962],[-71.861941,44.340109],[-71.852628,44.340873],[-71.845015554429,44.3439247578766],[-71.844319,44.344204],[-71.8377648534913,44.3477199339021],[-71.833261,44.350136],[-71.826246,44.352006],[-71.818838,44.352939],[-71.814351,44.354541],[-71.812902,44.355547],[-71.812413,44.357325],[-71.813023,44.359301],[-71.814991,44.363686],[-71.816289,44.367403],[-71.81549,44.368836],[-71.812832,44.370448],[-71.812235,44.371492],[-71.812424,44.372532],[-71.815251,44.374594],[-71.815773,44.375464],[-71.814388,44.381932],[-71.81313,44.382801],[-71.808828,44.383862],[-71.803461,44.383335],[-71.800316,44.384276],[-71.799899,44.385951],[-71.803489,44.390384],[-71.803488,44.39189],[-71.802353,44.39338],[-71.793924,44.399271],[-71.790688,44.40026],[-71.778613,44.399799],[-71.775399,44.401126],[-71.772801,44.403097],[-71.767888,44.405445],[-71.7656889774323,44.406307687658],[-71.764977,44.406587],[-71.761966,44.407027],[-71.756091,44.406401],[-71.75434,44.405577],[-71.749533,44.401955],[-71.745959,44.400942],[-71.742317,44.40141],[-71.7387193231447,44.4074684721567],[-71.738643,44.407597],[-71.736624,44.409445],[-71.731072,44.410665],[-71.722616,44.410872],[-71.714615,44.40956],[-71.702186,44.413828],[-71.7010565867235,44.414561006516],[-71.695331,44.418277],[-71.688813,44.421741],[-71.683943,44.423978],[-71.682701,44.42734],[-71.680331,44.427714],[-71.67806,44.426552],[-71.676967,44.426848],[-71.675993,44.428712],[-71.677427,44.431484],[-71.679282,44.434337],[-71.677382,44.435499],[-71.669186,44.435897],[-71.663454,44.437788],[-71.6602402837392,44.4409416788607],[-71.659707,44.441465],[-71.65695,44.448606],[-71.656371,44.455159],[-71.652553,44.460518],[-71.651012,44.460854],[-71.646094,44.459999],[-71.643522,44.460591],[-71.638986,44.464411],[-71.639627,44.466351],[-71.64556,44.468926],[-71.647305,44.470435],[-71.6473534115546,44.4716395933891],[-71.647373,44.472127],[-71.646702,44.473182],[-71.644899,44.475198],[-71.642308,44.476501],[-71.638321,44.477893],[-71.632795,44.48389],[-71.631007,44.484323],[-71.627655,44.484207],[-71.625548,44.48346],[-71.624663,44.481744],[-71.626341,44.480225],[-71.633437,44.478211],[-71.634871,44.477441],[-71.634505,44.475625],[-71.631789,44.474023],[-71.626952,44.474267],[-71.624557,44.475183],[-71.620391,44.482888],[-71.617843,44.485841],[-71.615923,44.485944],[-71.609526,44.4842],[-71.6061842951472,44.4848828972048],[-71.599333,44.486283],[-71.59702,44.490741],[-71.595213,44.493409],[-71.594517,44.499331],[-71.593885,44.501031],[-71.591429,44.501336],[-71.589623,44.499371],[-71.589048,44.4982],[-71.586972,44.498526],[-71.585881,44.500057],[-71.587203,44.504133],[-71.588438,44.505799],[-71.587782,44.506745],[-71.586302,44.506554],[-71.584801,44.504398],[-71.583987,44.502881],[-71.581251,44.501679],[-71.578138,44.501641],[-71.576765,44.502618],[-71.576812,44.504081],[-71.57829,44.505418],[-71.582853,44.50818],[-71.584715,44.510865],[-71.585798,44.51378],[-71.58708,44.515275],[-71.591932,44.517907],[-71.593458,44.519639],[-71.594259,44.52168],[-71.592375,44.523278],[-71.587085,44.522362],[-71.582948,44.523352],[-71.578642,44.526772],[-71.574531,44.531745],[-71.571943,44.536973],[-71.572004,44.538224],[-71.5722259660226,44.5384432380501],[-71.574445,44.540635],[-71.580519,44.54451],[-71.587324,44.547425],[-71.597135,44.553849],[-71.598116,44.555412],[-71.597797,44.557172],[-71.596137,44.560898],[-71.593625,44.563702],[-71.591521,44.565155],[-71.587664,44.565798],[-71.574125,44.564507],[-71.569599,44.562777],[-71.56207,44.563172],[-71.559049,44.564446],[-71.558469,44.566116],[-71.558985,44.568779],[-71.557838,44.570268],[-71.5568021469847,44.5702763584681],[-71.556103,44.570282],[-71.552826,44.569209],[-71.549374,44.569641],[-71.547726,44.571381],[-71.548168,44.572676],[-71.552243,44.575447],[-71.553891,44.577629],[-71.554883,44.579628],[-71.554444,44.581336],[-71.55194,44.581378],[-71.550594,44.580389],[-71.549405,44.578171],[-71.546533,44.577819],[-71.544491,44.578476],[-71.540463,44.580841],[-71.537381,44.583359],[-71.537182,44.585259],[-71.535397,44.587113],[-71.5355841143326,44.5873389686748],[-71.535946,44.587776],[-71.538449,44.587479],[-71.540051,44.588524],[-71.539878,44.589969],[-71.537976,44.592018],[-71.538274,44.593524],[-71.540175,44.59327],[-71.543918,44.590985],[-71.545939,44.590604],[-71.547424,44.591831],[-71.545463,44.594624],[-71.545055,44.596773],[-71.546087,44.597377],[-71.547253,44.59684],[-71.549146,44.594994],[-71.553372,44.593171],[-71.555402,44.593842],[-71.554211,44.595352],[-71.554151,44.597961],[-71.550634,44.599591],[-71.550331,44.600896],[-71.551562,44.601227],[-71.557279,44.599381],[-71.560421,44.599769],[-71.5622,44.601592],[-71.561903,44.603128],[-71.558563,44.603276],[-71.555233,44.604034],[-71.55386,44.605598],[-71.553616,44.608299],[-71.5556,44.614326],[-71.556531,44.619575],[-71.555801,44.622699],[-71.555062,44.624185],[-71.55415,44.625419],[-71.550442,44.62313],[-71.546948,44.622123],[-71.545978,44.623118],[-71.547756,44.625007],[-71.54971,44.625129],[-71.552945,44.626747],[-71.556467,44.627221],[-71.55735,44.628448],[-71.554837,44.629631],[-71.551128,44.627755],[-71.546931,44.62855],[-71.547226,44.630355],[-71.54951,44.630903],[-71.55214,44.630082],[-71.555791,44.632047],[-71.559554,44.634964],[-71.563279,44.636648],[-71.563599,44.639049],[-71.559704,44.639298],[-71.557866,44.641218],[-71.5580680961155,44.6418743749381],[-71.55879,44.644219],[-71.561667,44.646822],[-71.562806,44.652356],[-71.565076,44.653796],[-71.567053,44.653349],[-71.567708,44.651536],[-71.569025,44.65029],[-71.571626,44.649897],[-71.57881,44.650982],[-71.579419,44.652309],[-71.576098,44.652762],[-71.57449,44.654832],[-71.5766,44.656189],[-71.581315,44.65545],[-71.585748,44.6579],[-71.587365,44.659715],[-71.5872375527708,44.6610581564277],[-71.587198,44.661475],[-71.58511,44.663112],[-71.585157,44.666057],[-71.587339,44.66877],[-71.586965,44.67047],[-71.582027,44.672018],[-71.581463,44.673204],[-71.582502,44.674246],[-71.586162,44.67435],[-71.596089,44.677637],[-71.596623,44.679056],[-71.594208,44.68144],[-71.594224,44.683815],[-71.596437,44.687059],[-71.597955,44.691767],[-71.596497,44.694609],[-71.593802,44.695632],[-71.594136,44.696932],[-71.598656,44.698005],[-71.600496,44.698737],[-71.600975,44.699934],[-71.598792,44.703274],[-71.6001,44.705999],[-71.603948,44.707583],[-71.607551,44.712317],[-71.612512,44.716673],[-71.612548,44.719186],[-71.618732,44.722471],[-71.617038,44.72825],[-71.619079,44.729035],[-71.622234,44.727538],[-71.625038,44.727708],[-71.626248,44.72904],[-71.625013,44.736299],[-71.626166,44.739864],[-71.625148,44.74275],[-71.626986,44.747014],[-71.63106,44.748509],[-71.632043,44.750269],[-71.631883,44.752463],[-71.630257,44.753475],[-71.625482,44.753788],[-71.621157,44.755772],[-71.616669,44.756299],[-71.612856,44.758998],[-71.611767,44.764345],[-71.610179,44.765584],[-71.604615,44.767738],[-71.6022294144669,44.7710227327521],[-71.601471,44.772067],[-71.595099,44.775405],[-71.595164,44.780152],[-71.592486,44.782669],[-71.584177,44.784794],[-71.57972,44.784725],[-71.571315,44.793339],[-71.573129,44.797947],[-71.571888,44.801415],[-71.56877,44.805722],[-71.568672,44.807457],[-71.574135,44.81162],[-71.57605,44.812429],[-71.576865,44.815197],[-71.57489,44.818109],[-71.573456,44.820644],[-71.568404,44.822703],[-71.564533,44.823548],[-71.562353,44.823282],[-71.5614965032646,44.8243590085408],[-71.560811,44.825221],[-71.556923,44.834201],[-71.553328,44.835164],[-71.551114,44.836965],[-71.550647,44.838499],[-71.551424,44.84216],[-71.555482,44.847006],[-71.555656,44.849118],[-71.553217,44.851858],[-71.548358,44.854686],[-71.547516,44.856747],[-71.549747,44.859696],[-71.549741,44.861458],[-71.545525,44.866127],[-71.539286,44.86863],[-71.53433,44.869465],[-71.528751,44.873494],[-71.528889,44.876928],[-71.527343,44.878277],[-71.523349,44.87919],[-71.5219798031357,44.8803500935775],[-71.521915,44.880405],[-71.518745,44.884806],[-71.515641,44.885371],[-71.510669,44.89043],[-71.51409,44.893149],[-71.5132,44.894785],[-71.508642,44.897703],[-71.5049632727175,44.9006947611892],[-71.502473,44.90272],[-71.501088,44.904433],[-71.499528,44.904774],[-71.497841,44.904342],[-71.496609,44.903603],[-71.495793,44.903728],[-71.495378,44.903621],[-71.49491,44.904299],[-71.494835,44.905919],[-71.495951,44.90736],[-71.496017,44.908898],[-71.494716,44.910102],[-71.493082,44.910394],[-71.4932689478126,44.9112043289529],[-71.493363,44.911612],[-71.494403,44.911837],[-71.495326,44.911794],[-71.498926,44.910917],[-71.499945,44.911174],[-71.500548,44.911956],[-71.500552,44.913089],[-71.500788,44.914535],[-71.504483,44.919062],[-71.509207,44.923429],[-71.515437,44.926923],[-71.515605,44.927992],[-71.51345,44.928808],[-71.517077,44.935876],[-71.520128,44.93664],[-71.523048,44.939258],[-71.522441,44.940289],[-71.521127,44.940357],[-71.520107,44.939009],[-71.517983,44.938745],[-71.516183,44.939862],[-71.5153516956654,44.9427196917807],[-71.514933,44.944159],[-71.517288,44.944692],[-71.517508,44.948812],[-71.518987,44.950115],[-71.515857,44.952758],[-71.514843,44.958741],[-71.516246,44.964089],[-71.517674,44.964383],[-71.518864,44.963626],[-71.520216,44.963487],[-71.523376,44.96396],[-71.523563,44.964607],[-71.51886,44.966622],[-71.518947,44.967869],[-71.523117,44.966852],[-71.522035,44.968545],[-71.526607,44.971265],[-71.532238,44.977353],[-71.5328182833858,44.9781533496103],[-71.536602,44.983372],[-71.54086,44.983788],[-71.541324,44.985071],[-71.5399896830377,44.9861600857537],[-71.538647,44.987256],[-71.538143,44.98985],[-71.534008,44.990414],[-71.532749,44.991066],[-71.533713,44.991963],[-71.537091,44.992611],[-71.536188,44.994592],[-71.5296670394409,44.9995270114125],[-71.529305,44.999801],[-71.52538169709,45.0016448045155],[-71.524794,45.001921],[-71.519996,45.002417],[-71.514452,45.004259],[-71.5138593901905,45.0046037127755],[-71.508129,45.007937],[-71.504251,45.008223],[-71.501055,45.006742],[-71.496864,45.003947],[-71.494648,45.003998],[-71.489675,45.00114],[-71.488547836346,45.0012875209254],[-71.480552,45.002334],[-71.478458,45.007486],[-71.476676,45.009179],[-71.473269,45.010586],[-71.465964,45.011919],[-71.464555,45.013637],[-71.4650499613568,45.0136330980792],[-71.501088,45.013349],[-71.500069,45.014212],[-71.500164,45.015377],[-71.500969,45.01604],[-71.500378,45.021977],[-71.496995,45.023613],[-71.499945,45.026323],[-71.494009,45.034345],[-71.491148,45.041774],[-71.491085,45.043671],[-71.49315,45.045772],[-71.497179,45.044582],[-71.499527,45.044672],[-71.500874,45.04511],[-71.505222,45.048791],[-71.505091,45.051465],[-71.504542,45.052379],[-71.502768,45.05263],[-71.500545,45.051943],[-71.497738,45.054751],[-71.499316,45.057707],[-71.49671,45.061255],[-71.496105,45.065082],[-71.498399,45.069629],[-71.497917,45.070589],[-71.497304,45.070544],[-71.494864,45.071068],[-71.492742,45.071417],[-71.489116,45.070853],[-71.489146,45.073565],[-71.487147,45.075562],[-71.486345,45.078503],[-71.482862,45.079144],[-71.480219,45.081316],[-71.479929,45.082139],[-71.480897,45.08303],[-71.480769,45.083556],[-71.477323,45.082946],[-71.474979,45.083706],[-71.471382,45.084199],[-71.468299,45.084092],[-71.467447,45.086851],[-71.464837,45.093023],[-71.462063,45.093526],[-71.459999,45.095058],[-71.458323,45.098807],[-71.455452,45.101458],[-71.452451,45.102282],[-71.449257,45.104522],[-71.448355,45.107882],[-71.448678,45.109001],[-71.450373,45.109958],[-71.448096,45.112111],[-71.444735,45.112591],[-71.441683,45.11307],[-71.440577,45.114464],[-71.438589,45.117813],[-71.432444,45.120453],[-71.428828,45.123881],[-71.427208,45.127364],[-71.426755,45.129672],[-71.428392,45.1318],[-71.427538,45.133352],[-71.42887,45.1357],[-71.433083,45.137899],[-71.435795,45.139659],[-71.437216,45.142333],[-71.433835,45.144475],[-71.433179,45.149166],[-71.430473,45.150123],[-71.427688,45.152251],[-71.42675,45.153257],[-71.424004,45.15929],[-71.423616,45.161096],[-71.424616,45.165872],[-71.422031,45.167495],[-71.419058,45.170488],[-71.415844,45.176349],[-71.414497,45.179214],[-71.415468,45.183309],[-71.414853,45.184908],[-71.410636,45.186172],[-71.408777,45.18797],[-71.405281,45.193018],[-71.405346,45.196037],[-71.405636,45.198139],[-71.399955,45.20093],[-71.39781,45.203553],[-71.398002,45.205953],[-71.3991,45.208628],[-71.403267,45.215348],[-71.407405,45.216812],[-71.409119,45.216606],[-71.415553,45.218001],[-71.41607,45.218322],[-71.416167,45.219533],[-71.417233,45.221293],[-71.421372,45.224036],[-71.426157,45.225098],[-71.428192,45.227119],[-71.431753,45.228743],[-71.438545,45.232765],[-71.440583,45.234982],[-71.44288,45.234799],[-71.443882,45.235462],[-71.443883,45.237061],[-71.443365,45.237724],[-71.442298,45.238547],[-71.438546,45.239004],[-71.433014,45.237656],[-71.430394,45.236125],[-71.429326,45.234228],[-71.420335,45.232719],[-71.418556,45.233839],[-71.417132,45.235575],[-71.413348,45.236123],[-71.411924,45.23882],[-71.406973,45.241516],[-71.402638,45.242589],[-71.394422,45.241216],[-71.391901,45.237216],[-71.389412,45.235021],[-71.385629,45.233214],[-71.384917,45.233351],[-71.38317,45.234904],[-71.380158,45.238857],[-71.379833,45.240616],[-71.37763,45.244203],[-71.376691,45.244911],[-71.37194,45.246349],[-71.368381,45.246579],[-71.363013,45.248205],[-71.359224,45.250912],[-71.357253,45.253336],[-71.356736,45.254776],[-71.356835,45.257175],[-71.358657,45.259494],[-71.359558,45.262682],[-71.362245,45.264738],[-71.363218,45.266429],[-71.362831,45.267617],[-71.360664,45.269835],[-71.354999,45.268626],[-71.353446,45.268695],[-71.351666,45.269199],[-71.347622,45.272125],[-71.344029,45.271167],[-71.336392,45.273066],[-71.333965,45.275306],[-71.333674,45.276769],[-71.331733,45.279969],[-71.328464,45.281135],[-71.320922,45.282324],[-71.318397,45.284655],[-71.314318,45.287033],[-71.309008,45.287238],[-71.306872,45.288861],[-71.304896,45.292449],[-71.301107,45.296563],[-71.296509,45.29919],[-71.291975,45.298938],[-71.288639,45.300881],[-71.286236,45.300669],[-71.284396,45.302434],[-71.283684,45.301977],[-71.282552,45.299279],[-71.282747,45.297497],[-71.28074,45.295188],[-71.279219,45.294982],[-71.27232,45.296694],[-71.266557,45.294589],[-71.264939,45.293446],[-71.266754,45.29123],[-71.264385,45.286732],[-71.263815,45.282726],[-71.263042,45.277401],[-71.262136,45.276098],[-71.259485,45.27244],[-71.256441,45.27333],[-71.248382,45.268023],[-71.245503,45.26887],[-71.244499,45.268139],[-71.239346,45.261925],[-71.236271,45.261126],[-71.235364,45.260349],[-71.231572,45.253472],[-71.233027,45.251551],[-71.231122,45.249712],[-71.228048,45.24969],[-71.225811,45.251691],[-71.221994,45.253543],[-71.220634,45.251121],[-71.2118,45.250457],[-71.2051453895691,45.2533755556184],[-71.203033,45.254302],[-71.198276,45.254257],[-71.196658,45.253594],[-71.194878,45.250515],[-71.191744,45.249694],[-71.189964,45.248062],[-71.187441,45.247697],[-71.187505,45.244977],[-71.183785,45.244932],[-71.182782,45.242715],[-71.182587,45.241069],[-71.180905,45.239858],[-71.179838,45.240178],[-71.178576,45.241389],[-71.177508,45.243629],[-71.173367,45.246348],[-71.171264,45.246143],[-71.167446,45.247491],[-71.162845,45.250332],[-71.158192,45.248746],[-71.155734,45.24646],[-71.150254,45.243732],[-71.148165,45.242412],[-71.147906,45.23928],[-71.144801,45.242251],[-71.13943,45.242958],[-71.133994,45.244167],[-71.131953,45.245423],[-71.127962,45.253672],[-71.124517,45.25527],[-71.123663,45.25936],[-71.119914,45.262287],[-71.120112,45.265738],[-71.118749,45.268113],[-71.116638,45.269679],[-71.116332,45.272322],[-71.115881,45.274562],[-71.113162,45.274861],[-71.110735,45.275456],[-71.107339,45.278612],[-71.105691,45.282498],[-71.109349,45.282222],[-71.110159,45.282999],[-71.110743,45.284576],[-71.108675,45.288965],[-71.107353,45.290369],[-71.104436,45.291778],[-71.105151,45.294635],[-71.097772,45.301906],[-71.089483,45.304584],[-71.085564,45.305476],[-71.083924,45.305451],[-71.076914,45.246912],[-71.0726,45.180935],[-71.069387,45.144037],[-71.0597290355337,45.0146325544081],[-71.059004,45.004918],[-71.057861,45.000049],[-71.0571595144334,44.9906293037298],[-71.0558517582044,44.973068477022],[-71.052707,44.93084],[-71.049434503081,44.8960076580886],[-71.0463479145268,44.863154118262],[-71.044646,44.845039],[-71.0433420816232,44.8286792878397],[-71.0392918474297,44.7778627131499],[-71.037518,44.755607],[-71.036705,44.736498],[-71.0348495369664,44.7099585911351],[-71.0310559784326,44.6556978491196],[-71.031039,44.655455],[-71.0290473414933,44.6112487220218],[-71.026655,44.558149],[-71.022992,44.500058],[-71.020773,44.473737],[-71.018885122995,44.4403679887749],[-71.0174597497479,44.4151739238252],[-71.015363,44.378113],[-71.0148948883148,44.3714281717305],[-71.0127549450066,44.3408688971511],[-71.012749,44.340784],[-71.01127,44.301846],[-71.0102711678684,44.284888321572],[-71.0095870854908,44.2732743089574],[-71.008736,44.258825],[-71.008764,44.258443],[-71.008567,44.245491],[-71.0021619977753,44.1106192952439],[-71.001335,44.093205],[-71.001367,44.092931],[-71.0000456550216,44.0695002942463],[-70.998444,44.041099],[-70.9975738927252,44.0217103011212],[-70.9975662146149,44.0215392089212],[-70.996776734038,44.0039471238777],[-70.9966112612483,44.0002598749778],[-70.9948067196432,43.9600490701639],[-70.9946862935724,43.9573656023985],[-70.9932499751707,43.9253599569011],[-70.992842,43.916269],[-70.992653,43.89624],[-70.9921761423154,43.8862615253756],[-70.9917489726216,43.8773227956701],[-70.989929,43.839239],[-70.989067,43.79244],[-70.9890367618669,43.7921536087332],[-70.9890301198621,43.7920907010075],[-70.9852085527186,43.7558958918918],[-70.9852084273384,43.755894704391],[-70.984901,43.752983],[-70.982083,43.715043],[-70.982238,43.711865],[-70.981978,43.701965],[-70.981946,43.70096],[-70.9805779703978,43.6843266363925],[-70.9796640134618,43.6732141736114],[-70.975705,43.625078],[-70.975123330997,43.6144092680652],[-70.9745278116173,43.6034864982594],[-70.972716,43.570255],[-70.970124,43.568544],[-70.968546,43.568856],[-70.961848,43.562964],[-70.957234,43.561358],[-70.95586,43.559787],[-70.955017,43.554239],[-70.953322,43.552718],[-70.951876,43.552238],[-70.950838,43.551026],[-70.953429,43.544382],[-70.953504,43.540603],[-70.954685,43.540509],[-70.955252,43.540887],[-70.955337,43.54098],[-70.955928,43.541925],[-70.958806,43.540625],[-70.9621609367602,43.5410294606817],[-70.962182,43.541032],[-70.963281,43.538929],[-70.963531,43.536756],[-70.963342,43.535247],[-70.962556,43.53431],[-70.95822,43.531586],[-70.957046,43.528743],[-70.957214,43.524994],[-70.956787,43.524216],[-70.954066,43.52261],[-70.954045,43.518797],[-70.956856,43.512719],[-70.9558717906635,43.5118070999209],[-70.955386,43.511357],[-70.954755,43.509802],[-70.954839750821,43.5097554042474],[-70.957958,43.508041],[-70.959185,43.499351],[-70.961948,43.49775],[-70.9659093868205,43.4923751372113],[-70.966718,43.491278],[-70.969572,43.486201],[-70.968975,43.483961],[-70.967404,43.482635],[-70.967968,43.480783],[-70.9691323342411,43.4801591898912],[-70.974245,43.47742],[-70.972956,43.47502],[-70.970946,43.4739],[-70.966017,43.472918],[-70.964542,43.473262],[-70.964433,43.473276],[-70.961428,43.469696],[-70.96045,43.466592],[-70.96399,43.456752],[-70.966266,43.453627],[-70.9669,43.450458],[-70.96581,43.447557],[-70.96164,43.443039],[-70.961046,43.440475],[-70.96115,43.438321],[-70.966633017652,43.4358568031255],[-70.9667673505378,43.4357964307725],[-70.968782,43.434891],[-70.969362,43.432731],[-70.968359,43.429283],[-70.971039,43.425606],[-70.97462,43.423022],[-70.978052,43.421954],[-70.982898,43.419332],[-70.9858810347149,43.4154694501954],[-70.986812,43.414264],[-70.987249,43.411863],[-70.986677,43.403541],[-70.985767,43.40162],[-70.982817,43.399312],[-70.982565,43.39778],[-70.982876,43.394808],[-70.98739,43.393457],[-70.987733,43.391513],[-70.9877292586992,43.3914242777232],[-70.987649,43.389521],[-70.985205,43.386745],[-70.985958,43.38424],[-70.985965,43.380023],[-70.9855356237213,43.3791929587481],[-70.984305,43.376814],[-70.984335,43.376128],[-70.981859,43.373862],[-70.9814884316473,43.3734140004689],[-70.976408,43.367272],[-70.974156,43.362925],[-70.974863,43.357969],[-70.97329039172,43.3550454400433],[-70.9729993714321,43.3545044183081],[-70.9708448134426,43.3504989838063],[-70.967229,43.343777],[-70.966160531571,43.3431464667721],[-70.964028,43.341888],[-70.960439,43.341048],[-70.95786,43.337776],[-70.9572117992277,43.3362747241873],[-70.956528,43.334691],[-70.953034,43.333257],[-70.951525,43.334672],[-70.93711,43.337367],[-70.932735,43.33676],[-70.9322926902251,43.3349479301587],[-70.932198,43.33456],[-70.931641,43.331019],[-70.930783,43.329569],[-70.923949,43.324768],[-70.9235941522853,43.3245564017812],[-70.916421,43.320279],[-70.915406,43.319858],[-70.912004,43.319821],[-70.911625,43.309952],[-70.91246,43.308289],[-70.909805,43.306682],[-70.907405,43.304782],[-70.9066232751184,43.3049179987123],[-70.904485,43.30529],[-70.90231,43.304872],[-70.900386,43.301358],[-70.90139,43.298764],[-70.903905,43.296882],[-70.907405,43.293582],[-70.906005,43.291682],[-70.9003,43.291468],[-70.897332,43.292738],[-70.896332,43.29212],[-70.898264,43.290746],[-70.89922,43.287542],[-70.8986670066456,43.2871134111863],[-70.896304,43.285282],[-70.890204,43.284182],[-70.886504,43.282783],[-70.8839136532146,43.2778798435847],[-70.883704,43.277483],[-70.882804,43.273183],[-70.8820670647059,43.2727140411765],[-70.881704,43.272483],[-70.876842,43.27246],[-70.874298,43.271872],[-70.872585,43.270152],[-70.872748,43.268638],[-70.871252,43.267604],[-70.870289,43.266314],[-70.868417,43.26575],[-70.865888,43.265859],[-70.864578831711,43.2654895958553],[-70.863759137964,43.2652583052946],[-70.86323,43.265109],[-70.863231,43.265098],[-70.861384,43.263143],[-70.859853,43.259763],[-70.859607,43.257342],[-70.858207,43.256286],[-70.855082,43.255191],[-70.852015,43.256808],[-70.843302,43.254321],[-70.8432232362582,43.2542613445076],[-70.839213,43.251224],[-70.839717,43.250393],[-70.841059,43.249699],[-70.841273,43.248653],[-70.8393004485396,43.2443035050265],[-70.838678,43.242931],[-70.837274,43.242321],[-70.83365,43.242868],[-70.828022,43.241597],[-70.826711,43.241301],[-70.825071,43.24093],[-70.824491394134,43.2407369076939],[-70.823309,43.240343],[-70.822959,43.240187],[-70.817865,43.237911],[-70.817828208163,43.2377098446302],[-70.817773,43.237408],[-70.816232,43.234997],[-70.815453,43.229023],[-70.814019,43.229053],[-70.811852,43.228306],[-70.8111814835206,43.2274272354096],[-70.8111675533474,43.2274089788219],[-70.80964,43.225407],[-70.80967,43.224561],[-70.8125190887678,43.2185233108715],[-70.813119,43.217252],[-70.816033,43.21568],[-70.816903,43.214604],[-70.820763,43.19978],[-70.820366,43.197629],[-70.8199772172799,43.1968412369802],[-70.819146,43.195157],[-70.819344,43.193036],[-70.820702,43.191663],[-70.823754,43.191075],[-70.827201,43.189485],[-70.827901,43.188685],[-70.828301,43.186685],[-70.8248158,43.1797146],[-70.824801,43.179685],[-70.823501,43.174585],[-70.824001,43.173285],[-70.8250151719745,43.1727318152866],[-70.826201,43.172085],[-70.828301,43.168985],[-70.827801,43.166385],[-70.829101,43.157886],[-70.8338,43.146886],[-70.8329,43.143286],[-70.83,43.138386],[-70.8293,43.132486],[-70.8281,43.129086],[-70.8268,43.127086],[-70.82,43.122586],[-70.808708,43.117065],[-70.798990272799,43.1102681056809],[-70.793906,43.106712],[-70.78388,43.100867],[-70.7826969713611,43.0996349877412],[-70.779098,43.095887],[-70.767998,43.093588],[-70.7678414658754,43.0934999495549],[-70.7664808011869,43.0927345756676],[-70.766398,43.092688],[-70.7663395859234,43.0926330382108],[-70.762997,43.089488],[-70.7608234008979,43.0860263421707],[-70.757597,43.080888],[-70.756397,43.079988],[-70.7526445792199,43.079315152136],[-70.7525992574996,43.0793070254827],[-70.741897,43.077388],[-70.7407959335595,43.0763595883757],[-70.738078,43.073821],[-70.737973679565,43.0738259822713],[-70.7203013484498,43.0746700004921],[-70.706503,43.075329],[-70.7061144257475,43.0730844190721],[-70.703819,43.059825],[-70.703799,43.059574],[-70.711535,43.057975],[-70.7118300623521,43.0503302026954],[-70.712085,43.043725],[-70.71355,43.042077],[-70.718936,43.03235],[-70.723178,43.029298],[-70.728443,43.027597],[-70.730426,43.025392],[-70.732135,43.022416],[-70.732684,43.016916],[-70.734363,43.013307],[-70.735477,43.012201],[-70.74036,43.011171],[-70.743793,43.008027],[-70.745461,43.004023],[-70.743015,43.001666],[-70.7452656717203,42.9993441637553],[-70.749024,42.995467],[-70.749194,42.992677],[-70.749969,42.991689],[-70.752804,42.991255],[-70.755138,42.991789],[-70.756701,42.991337],[-70.759175,42.989475],[-70.761474,42.986681],[-70.764567,42.980201],[-70.765222,42.975349],[-70.764322,42.973751],[-70.768303,42.971701],[-70.7704174384722,42.9695019114317],[-70.7718,42.968064],[-70.771913,42.966457],[-70.769673,42.964419],[-70.771729,42.961321],[-70.775597,42.957213],[-70.779068,42.956802],[-70.780383,42.955798],[-70.7838959286181,42.9520934032731],[-70.78513,42.950792],[-70.786564,42.947378],[-70.786158,42.944039],[-70.790682,42.942772],[-70.7911654362705,42.9423515825794],[-70.7933603600475,42.9404427804294],[-70.793996,42.93989],[-70.797806,42.930037],[-70.7982963982116,42.926640253833],[-70.798636,42.924288],[-70.798153,42.920926],[-70.794748,42.918125],[-70.802527,42.91764],[-70.805971,42.916549],[-70.8084577191825,42.9131359983346],[-70.808712,42.912787],[-70.810069,42.909549],[-70.810681,42.906887],[-70.8107396969066,42.9042083537484],[-70.8107519219708,42.9036504602527],[-70.8108132937676,42.9008497447933],[-70.8109051940501,42.8966558551731],[-70.810999,42.892375],[-70.8124470975847,42.8893207460251],[-70.813491,42.887119],[-70.815744,42.884529],[-70.816105,42.877889],[-70.817296,42.87229],[-70.821769,42.87188],[-70.8232716394645,42.8713868891986],[-70.8241858387649,42.8710868827364],[-70.830795,42.868918],[-70.837376,42.864996],[-70.848625,42.860939],[-70.8488596714692,42.8610745753088],[-70.8725538144977,42.8747632472602],[-70.8833896662875,42.8810233774657],[-70.8834992324132,42.8810866764316],[-70.886136,42.88261],[-70.902768,42.88653],[-70.9145252357167,42.8865629877879],[-70.9145991974291,42.8865631953055],[-70.914886,42.886564],[-70.914899,42.886589],[-70.927629,42.885326],[-70.9305645786504,42.884643501115],[-70.930799,42.884589],[-70.931699,42.884189],[-70.949199,42.876089],[-70.9556609326778,42.8734371462336],[-70.9665,42.868989],[-70.9747244419216,42.8677305654314],[-70.9972385147257,42.864285652358],[-70.9974413286187,42.8642546194908],[-71.0046387450972,42.8631533316724],[-71.031201,42.859089],[-71.034844624728,42.8562458685835],[-71.044401,42.848789],[-71.047501,42.844089],[-71.0535652698312,42.8331534314519],[-71.0535904200316,42.8331080786315],[-71.053601,42.833089],[-71.064201,42.806289],[-71.0654193227566,42.8065583431177],[-71.0911796423333,42.8122533568157],[-71.0997439643316,42.8141467312729],[-71.102787752512,42.8148196427766],[-71.1157535303384,42.8176860778031],[-71.132503,42.821389],[-71.1479058162874,42.8161054758084],[-71.149703,42.815489],[-71.165603,42.808689],[-71.1662718327869,42.8082749606557],[-71.167703,42.807389],[-71.1743700929581,42.801617486693],[-71.174403,42.801589],[-71.1822787103307,42.7942524268349],[-71.1846539259595,42.792039808225],[-71.186104,42.790689],[-71.1840804591766,42.7657069041662],[-71.1828889002483,42.7509962351274],[-71.181803,42.73759],[-71.1937396072816,42.7401659755138],[-71.1977511242317,42.741031679578],[-71.208137,42.743273],[-71.208227,42.743294],[-71.208302,42.743314],[-71.2136387030069,42.7444684271663],[-71.2165064621218,42.745088776289],[-71.223904,42.746689],[-71.233404,42.745489],[-71.245504,42.742589],[-71.245539259394,42.7425673577623],[-71.2551987703894,42.7366383439844],[-71.255605,42.736389],[-71.2663745651487,42.7271963443499],[-71.267905,42.72589],[-71.2754068854342,42.7159328530776],[-71.2785168854597,42.7118049938274],[-71.278929,42.711258],[-71.2888325141297,42.7020079777689],[-71.294205,42.69699],[-71.313446645429,42.6970968950608],[-71.3134922158094,42.6970971482225],[-71.330206,42.69719],[-71.3303306369927,42.6971955450462],[-71.3516242384972,42.6981428882182],[-71.3517972926831,42.6981505873245],[-71.351874,42.698154],[-71.3651866518468,42.6984694823618],[-71.367434834859,42.6985227596573],[-71.3697250416668,42.69857703283],[-71.3869430269232,42.6989850635301],[-71.3881948332448,42.6990147287553],[-71.432335697233,42.7000607760929],[-71.4323540138531,42.700061210159],[-71.4491741670486,42.7004598130607],[-71.4517143448072,42.7005200100288],[-71.457687763627,42.7006615677213],[-71.467553246573,42.7008953592976],[-71.488035032966,42.7013807353457],[-71.4881010212958,42.7013822991329],[-71.5425377313421,42.702672336764],[-71.5426896188347,42.702675936184],[-71.5673092780746,42.7032593712751],[-71.6197896004541,42.7045030465579],[-71.6306223191203,42.7047597596236],[-71.631814,42.704788],[-71.636214,42.704888],[-71.6518259158306,42.705229714972],[-71.6723850899704,42.7056797159643],[-71.7013916601883,42.706314614297],[-71.7268565049543,42.7068719910348],[-71.745817,42.707287],[-71.7725568791756,42.708009877156],[-71.8053900684015,42.7088974788648],[-71.8238024745524,42.7093952338362],[-71.89877002948,42.7114218822193],[-71.928811,42.712234],[-71.9290194043648,42.7122382005025],[-71.9558665423702,42.7127793190643],[-71.981402,42.713294],[-71.9814290032211,42.7132948192056],[-72.0157292148081,42.7143353960391],[-72.0776725573282,42.7162145916542],[-72.0786269963685,42.7162435467862],[-72.089326931405,42.716568154245],[-72.1110583499481,42.7172274274578],[-72.124526,42.717636],[-72.1453998112964,42.7181525824772],[-72.2035695536582,42.7195921600024],[-72.2830328756509,42.7215587083791],[-72.285954,42.721631],[-72.326282472606,42.7228513823716],[-72.4120332374223,42.7254462915007],[-72.4292200847109,42.7259663837358],[-72.4378719261575,42.726228197638],[-72.4511957433251,42.7266313904827],[-72.458519,42.726853],[-72.458488,42.729094],[-72.461001,42.733209],[-72.467827,42.741209],[-72.473071,42.745916],[-72.474723,42.750729],[-72.475938,42.757702],[-72.477615,42.761245],[-72.479354,42.763119],[-72.484878,42.76554],[-72.4864,42.76698],[-72.487767,42.76938],[-72.491122,42.772465],[-72.495343,42.773286],[-72.497949,42.772918],[-72.498786,42.771981],[-72.499249,42.769054],[-72.50069,42.767657],[-72.507985,42.764414],[-72.510871,42.763752],[-72.513105,42.763822],[-72.516082,42.765949],[-72.516731,42.76867],[-72.514836,42.771436],[-72.510154,42.773221],[-72.508372,42.77461],[-72.508048,42.776885],[-72.508858,42.779919],[-72.511746,42.784114],[-72.5117530563525,42.7841216667994],[-72.515838,42.78856],[-72.518354,42.790651],[-72.5259303081583,42.7957079342932],[-72.5396,42.804832],[-72.54146,42.808948],[-72.542616,42.816702],[-72.543815,42.819001],[-72.544773,42.820468],[-72.5454185789212,42.8242946402347],[-72.545669,42.825779],[-72.5460500906424,42.827814628936],[-72.547244,42.834192],[-72.547402,42.837587],[-72.54855,42.842021],[-72.553426,42.846709],[-72.5562823828981,42.8514260311664],[-72.5565766302034,42.8519119512127],[-72.557247,42.853019]]]]}},{"type":"Feature","properties":{"STATEFP":"44","STATENS":"01219835","GEOIDFQ":"0400000US44","GEOID":"44","STUSPS":"RI","NAME":"Rhode Island","LSAD":"00","ALAND":2677770297,"AWATER":1323680040},"geometry":{"type":"MultiPolygon","coordinates":[[[[-71.288017,41.645575],[-71.286471,41.647571],[-71.281571,41.648207],[-71.278171,41.647309],[-71.276634,41.643649],[-71.276347,41.640531],[-71.272692,41.638535],[-71.272129,41.637064],[-71.277045,41.638031],[-71.283791,41.637797],[-71.285346,41.636853],[-71.285908,41.638009],[-71.285344,41.640379],[-71.288158,41.642948],[-71.288017,41.645575]]],[[[-71.301515,41.585658],[-71.298562,41.584922],[-71.298,41.583134],[-71.297719,41.581767],[-71.297156,41.579768],[-71.299125,41.579768],[-71.300812,41.58061],[-71.301234,41.583029],[-71.301515,41.585658]]],[[[-71.327568,41.452868],[-71.326348,41.45471],[-71.324955,41.45469],[-71.324296,41.453924],[-71.325649,41.452106],[-71.32689,41.45196],[-71.327568,41.452868]]],[[[-71.328827,41.492334],[-71.326957,41.493116],[-71.325657,41.490054],[-71.325365,41.487601],[-71.3264,41.483789],[-71.327822,41.482985],[-71.329002,41.48713],[-71.328827,41.492334]]],[[[-71.343126,41.497292],[-71.341267,41.500494],[-71.33978,41.498823],[-71.338665,41.496179],[-71.338665,41.494926],[-71.343126,41.494926],[-71.343126,41.497292]]],[[[-71.345913,41.53695],[-71.344984,41.537923],[-71.343126,41.535837],[-71.342382,41.532498],[-71.342568,41.52902],[-71.344426,41.529159],[-71.345913,41.529577],[-71.346285,41.534168],[-71.345913,41.53695]]],[[[-71.353819,41.647466],[-71.352835,41.649252],[-71.350304,41.649042],[-71.348898,41.651248],[-71.347633,41.652824],[-71.346367,41.653349],[-71.344118,41.652824],[-71.343274,41.653769],[-71.343836,41.654861],[-71.345946,41.655345],[-71.350023,41.657131],[-71.35157,41.658602],[-71.351007,41.659757],[-71.348336,41.661228],[-71.34693,41.663329],[-71.348898,41.665324],[-71.344821,41.667005],[-71.344258,41.664064],[-71.344021,41.661495],[-71.33765,41.657972],[-71.337515,41.657049],[-71.339337,41.65503],[-71.338072,41.650828],[-71.334979,41.647466],[-71.332448,41.643789],[-71.333432,41.641792],[-71.336525,41.641897],[-71.334979,41.644209],[-71.335682,41.645785],[-71.337088,41.64673],[-71.338705,41.645735],[-71.342645,41.644237],[-71.34468,41.642528],[-71.343666,41.6399],[-71.340603,41.639691],[-71.339056,41.637064],[-71.336103,41.636223],[-71.334697,41.634437],[-71.330711,41.632992],[-71.326824,41.631704],[-71.317122,41.631389],[-71.315247,41.629952],[-71.314029,41.627921],[-71.308123,41.626239],[-71.307321,41.624017],[-71.304046,41.618777],[-71.303723,41.613097],[-71.303526,41.609639],[-71.304327,41.607949],[-71.30264,41.605531],[-71.30489,41.60448],[-71.306093,41.601343],[-71.307561,41.599118],[-71.307773,41.597409],[-71.309517,41.594853],[-71.313466,41.587972],[-71.315716,41.584501],[-71.3167,41.583134],[-71.321612,41.580979],[-71.326103,41.578583],[-71.3312,41.580318],[-71.335949,41.585898],[-71.337048,41.594688],[-71.333751,41.605859],[-71.331182,41.606898],[-71.329559,41.609097],[-71.330057,41.611103],[-71.326609,41.616114],[-71.325558,41.624137],[-71.327386,41.626344],[-71.328841,41.626202],[-71.333994,41.629287],[-71.337369,41.631284],[-71.344961,41.632335],[-71.347352,41.631284],[-71.350726,41.633911],[-71.352248,41.638928],[-71.353257,41.640846],[-71.352976,41.644734],[-71.353819,41.647466]]],[[[-71.362911,41.461746],[-71.361185,41.46462],[-71.359559,41.464229],[-71.3592661841595,41.4642749944011],[-71.3585637269391,41.4643853337156],[-71.358273,41.464431],[-71.357206,41.466124],[-71.352766,41.469245],[-71.3479,41.47059],[-71.341833,41.476012],[-71.336442,41.481985],[-71.33438,41.478204],[-71.336366,41.471738],[-71.335992,41.469647],[-71.323662249488,41.4757688334337],[-71.323531,41.475834],[-71.3191348988858,41.4769160979069],[-71.316519,41.47756],[-71.3172630183702,41.4824707137452],[-71.318065,41.487764],[-71.3194672906501,41.4879256107062],[-71.321154,41.48812],[-71.322818,41.491147],[-71.3229025648486,41.4944362145172],[-71.3230306816626,41.4994194160691],[-71.323125,41.503088],[-71.327804,41.504258],[-71.330694,41.507699],[-71.329315,41.513829],[-71.326035,41.51431],[-71.325451,41.51728],[-71.328031,41.518848],[-71.327128,41.521589],[-71.323991,41.522407],[-71.320901,41.519489],[-71.3198106072285,41.5195441922947],[-71.3186083243694,41.519605048118],[-71.314579,41.519809],[-71.3126663334559,41.5214251112746],[-71.311251,41.522621],[-71.311346,41.524222],[-71.314151,41.531446],[-71.312696,41.536514],[-71.308082,41.539377],[-71.308082,41.542935],[-71.311129,41.544052],[-71.310533,41.54692],[-71.3069543744966,41.5536835553949],[-71.3056506764502,41.5561475276509],[-71.3055392940382,41.5563580389526],[-71.303652,41.559925],[-71.301606522057,41.5620349578324],[-71.3011902457633,41.5624643564622],[-71.296673,41.567124],[-71.294363,41.571416],[-71.288376,41.573274],[-71.285142,41.577127],[-71.284076,41.579393],[-71.28574,41.582771],[-71.289073,41.582706],[-71.285635,41.591642],[-71.285265,41.59237],[-71.280868116751,41.5928311249171],[-71.28065,41.592854],[-71.2787233741915,41.5966339836819],[-71.273445,41.60699],[-71.272412,41.615041],[-71.275234,41.619444],[-71.271862,41.623986],[-71.264824,41.625247],[-71.261021,41.627379],[-71.258879,41.63323],[-71.25550646086,41.6356306146244],[-71.251082,41.63878],[-71.246285,41.639814],[-71.242482,41.638393],[-71.23654,41.638393],[-71.233234,41.64023],[-71.232262,41.643366],[-71.225369,41.647096],[-71.223706,41.650648],[-71.22228,41.6542],[-71.220331,41.655572],[-71.21919,41.653667],[-71.217288,41.646208],[-71.217051,41.642834],[-71.216575,41.639103],[-71.2139295752828,41.639103],[-71.211822,41.639103],[-71.210871,41.642301],[-71.208019,41.653135],[-71.2036776550012,41.6608346711728],[-71.19564,41.67509],[-71.19439,41.674802],[-71.191178,41.674216],[-71.191175,41.674292],[-71.1843331898864,41.6730530682748],[-71.184329906138,41.6730524736456],[-71.18129,41.672502],[-71.17599,41.671402],[-71.1760865819477,41.6686011235154],[-71.17609,41.668502],[-71.17609,41.668102],[-71.1760605603752,41.6680966718022],[-71.1621482835032,41.665578726574],[-71.153989,41.664102],[-71.1535886121892,41.6640375454035],[-71.14587,41.662795],[-71.135188,41.660502],[-71.134688,41.660502],[-71.132888,41.660102],[-71.13267,41.658744],[-71.134478,41.641262],[-71.134484,41.641198],[-71.1347011713227,41.6388899233839],[-71.135675749492,41.6285321972593],[-71.135688,41.628402],[-71.140468,41.623893],[-71.141509,41.616076],[-71.14091,41.607405],[-71.1408678892548,41.607103816627],[-71.140588,41.605102],[-71.1385490700026,41.6034285758646],[-71.137492,41.602561],[-71.1366915595211,41.6013832323699],[-71.131618,41.593918],[-71.131491526431,41.5932525671699],[-71.131312,41.592308],[-71.1276180795753,41.5632308113072],[-71.1265952228316,41.5551792576397],[-71.1224,41.522156],[-71.12057,41.497448],[-71.129229,41.496284],[-71.1346872777598,41.4946103568325],[-71.136867,41.493942],[-71.1381332537541,41.4927419653845],[-71.141093,41.489937],[-71.140224,41.485855],[-71.139087,41.483445],[-71.142439,41.481215],[-71.145747,41.481176],[-71.14646,41.478505],[-71.148905,41.477056],[-71.150859,41.475819],[-71.154394,41.476692],[-71.159274,41.475985],[-71.162086,41.474009],[-71.163097,41.471738],[-71.167345,41.471405],[-71.170233,41.468381],[-71.170131,41.463974],[-71.168648,41.461452],[-71.170444,41.460621],[-71.173619,41.461422],[-71.175535,41.459854],[-71.177916,41.46081],[-71.180544,41.459742],[-71.186279,41.460285],[-71.193979,41.456396],[-71.194967,41.459037],[-71.196857,41.461116],[-71.196607,41.464756],[-71.192354,41.466564],[-71.192459,41.470443],[-71.191924,41.474363],[-71.190016,41.478275],[-71.190167,41.484285],[-71.19939,41.491769],[-71.199692,41.495511],[-71.202262,41.498384],[-71.206382,41.499215],[-71.200788,41.514371],[-71.202034,41.517065],[-71.204773,41.519104],[-71.204796,41.523344],[-71.207306,41.526388],[-71.208257,41.52888],[-71.204929,41.5408],[-71.20683,41.543468],[-71.2117224238898,41.5454484574611],[-71.215995,41.547178],[-71.215953,41.548464],[-71.215343,41.549297],[-71.215701,41.552131],[-71.215015,41.553836],[-71.213532,41.554741],[-71.213778,41.556795],[-71.218739,41.559296],[-71.220276,41.559587],[-71.220998,41.560877],[-71.219933,41.562483],[-71.218714,41.562678],[-71.216863,41.561819],[-71.2142202491351,41.5600726888558],[-71.21407544,41.559977],[-71.211415,41.558219],[-71.209823,41.558709],[-71.209563,41.560292],[-71.210207,41.563039],[-71.20865,41.571028],[-71.208352,41.581172],[-71.214436,41.583659],[-71.214674,41.585971],[-71.209445,41.590593],[-71.209207,41.59397],[-71.2056719676681,41.5942999859263],[-71.205404,41.594325],[-71.2051064629109,41.594643112414],[-71.203741,41.596103],[-71.2041537663438,41.5974408723991],[-71.204454,41.598414],[-71.20778,41.60066],[-71.2119403128885,41.6086905301285],[-71.212656,41.610072],[-71.2121333145449,41.6183296572725],[-71.212118455458,41.6185644088737],[-71.212115,41.618619],[-71.2120462331728,41.619833550797],[-71.211837,41.623529],[-71.215308,41.625491],[-71.2167439753992,41.62558690832],[-71.218018,41.625672],[-71.219336,41.625482],[-71.220074,41.62494],[-71.219972,41.623944],[-71.221005,41.623502],[-71.224126,41.622887],[-71.236487,41.621368],[-71.2380163778589,41.6208537840171],[-71.238792,41.620593],[-71.240709,41.619225],[-71.241056,41.606945],[-71.241532,41.604634],[-71.2432143239567,41.5907019496698],[-71.2436,41.587508],[-71.2404748497378,41.5821777153219],[-71.237788,41.577595],[-71.234877,41.576548],[-71.23613,41.574767],[-71.236259,41.564993],[-71.238204,41.558765],[-71.237016,41.554852],[-71.233844,41.55379],[-71.233688,41.552362],[-71.2338091358247,41.5520358807612],[-71.234877,41.549161],[-71.236523,41.544891],[-71.234877,41.541689],[-71.236642,41.535852],[-71.234775,41.532538],[-71.228935,41.530303],[-71.227989,41.528297],[-71.229444,41.521544],[-71.233446687205,41.5140703883718],[-71.233456,41.514053],[-71.2361266987947,41.5109344337106],[-71.240737,41.505551],[-71.24074,41.501704],[-71.246666,41.494265],[-71.247992,41.49029],[-71.246855,41.487415],[-71.24426,41.485737],[-71.242033,41.485344],[-71.238112,41.486057],[-71.237437,41.485711],[-71.237615,41.482276],[-71.238326,41.480759],[-71.239676,41.480253],[-71.240428,41.476147],[-71.242285,41.475239],[-71.243728,41.475204],[-71.244895,41.473835],[-71.246427,41.472948],[-71.247366,41.472996],[-71.247715,41.47369],[-71.24524,41.480285],[-71.245859,41.481637],[-71.252079,41.485924],[-71.258192,41.487921],[-71.2594550437243,41.488108705786],[-71.264793,41.488902],[-71.2675229404277,41.4882422883687],[-71.26764,41.488214],[-71.26886,41.484698],[-71.274861,41.479846],[-71.27664,41.480038],[-71.2780413926396,41.482075131916],[-71.2792135802541,41.4837790803553],[-71.282314,41.488286],[-71.2847079787526,41.4888278905247],[-71.285486,41.489004],[-71.2856725598751,41.4889675435699],[-71.29133,41.487862],[-71.2932014924303,41.4870779692592],[-71.2952945986939,41.4862010970754],[-71.296918,41.485521],[-71.297392,41.48479],[-71.2970197611259,41.4826827710311],[-71.296516,41.479831],[-71.2966571303438,41.4788030175187],[-71.2970442846926,41.4759830152604],[-71.297065782256,41.4758264286757],[-71.297393,41.473443],[-71.296851,41.469131],[-71.298182,41.467492],[-71.301414,41.467278],[-71.303981,41.463716],[-71.302762,41.459748],[-71.303052,41.459083],[-71.303911,41.45868],[-71.304394,41.454502],[-71.307639,41.452435],[-71.310168,41.451124],[-71.3110451340311,41.451244308655],[-71.312049,41.451382],[-71.311918,41.452885],[-71.310983,41.455106],[-71.312558,41.456498],[-71.314711,41.456389],[-71.316908,41.454788],[-71.31848,41.455724],[-71.319485,41.458385],[-71.320326,41.459783],[-71.323751,41.460129],[-71.326909,41.458942],[-71.327536,41.457072],[-71.331466,41.452803],[-71.3327335083189,41.451539719271],[-71.3329990327522,41.4512750804559],[-71.334764,41.449516],[-71.337483,41.449317],[-71.338036,41.449528],[-71.337544,41.450979],[-71.337933,41.451693],[-71.339006,41.451902],[-71.339697,41.452577],[-71.344177,41.454028],[-71.3468593328697,41.4528116792108],[-71.349049,41.4518187608142],[-71.3491715981652,41.4517631679016],[-71.3515704564481,41.450675390455],[-71.353609,41.449751],[-71.356163,41.450538],[-71.357245,41.456146],[-71.358447,41.457439],[-71.358795,41.459661],[-71.360038,41.460486],[-71.36189,41.460196],[-71.362911,41.461746]]],[[[-71.367036,41.660703],[-71.364786,41.660493],[-71.362115,41.660178],[-71.360709,41.661123],[-71.354663,41.659757],[-71.353398,41.657866],[-71.354241,41.656081],[-71.355507,41.653875],[-71.35635,41.652089],[-71.358178,41.651248],[-71.360006,41.649882],[-71.362537,41.651143],[-71.364083,41.655871],[-71.364646,41.657551],[-71.366333,41.658917],[-71.367036,41.660703]]],[[[-71.372238,41.599854],[-71.369426,41.602062],[-71.36788,41.603954],[-71.367317,41.605952],[-71.365489,41.606688],[-71.36338,41.606688],[-71.363943,41.605426],[-71.36338,41.603534],[-71.364786,41.601431],[-71.369426,41.598172],[-71.371676,41.59733],[-71.373363,41.597436],[-71.372238,41.599854]]],[[[-71.40056,41.46094],[-71.399063,41.463878],[-71.395904,41.464713],[-71.394417,41.46722],[-71.39609,41.471397],[-71.397577,41.473764],[-71.396648,41.478916],[-71.398134,41.484903],[-71.397507,41.486979],[-71.399993,41.488801],[-71.40055,41.490332],[-71.399435,41.492977],[-71.396833,41.493255],[-71.395927,41.492215],[-71.392373,41.491863],[-71.388846,41.492859],[-71.386511,41.493071],[-71.38401,41.493812],[-71.3846500313854,41.4960156349419],[-71.38494,41.497014],[-71.383453,41.50105],[-71.378914,41.504948],[-71.3790501776172,41.5055913750067],[-71.379179,41.5062],[-71.382996,41.5082],[-71.38494,41.510792],[-71.391005,41.514578],[-71.392559,41.517611],[-71.392137,41.524468],[-71.388842,41.534446],[-71.3869611777539,41.5371788186482],[-71.385683,41.539036],[-71.386613,41.545832],[-71.385497,41.548355],[-71.384478,41.556736],[-71.383734,41.558241],[-71.381409,41.558786],[-71.38132,41.563123],[-71.379021,41.567772],[-71.373618,41.573214],[-71.3717860573968,41.5736147374444],[-71.370194,41.573963],[-71.36356,41.57086],[-71.362825,41.565599],[-71.361907,41.564346],[-71.359868,41.556308],[-71.360405,41.547792],[-71.362267,41.543766],[-71.364683,41.541401],[-71.364869,41.539593],[-71.36394,41.53542],[-71.362639,41.532498],[-71.361338,41.526377],[-71.361561,41.523587],[-71.363382,41.518585],[-71.365426,41.516637],[-71.365612,41.513993],[-71.3655976650669,41.5139186020753],[-71.365233,41.512026],[-71.363382,41.510097],[-71.361152,41.510097],[-71.359851,41.510653],[-71.357621,41.508705],[-71.358922,41.503277],[-71.363175,41.501191],[-71.365984,41.498823],[-71.3664768834858,41.4952515857295],[-71.366541,41.494787],[-71.363203,41.489704],[-71.360867,41.486148],[-71.35948,41.483093],[-71.355949,41.481144],[-71.35409,41.480448],[-71.354315,41.478891],[-71.357064,41.479195],[-71.358736,41.477106],[-71.364239,41.476476],[-71.368214,41.477802],[-71.371745,41.477524],[-71.37286,41.475435],[-71.37509,41.473764],[-71.376763,41.474878],[-71.378249,41.479334],[-71.378249,41.482815],[-71.379179,41.486156],[-71.380665,41.488801],[-71.383453,41.488662],[-71.38624,41.487687],[-71.385311,41.485321],[-71.384702,41.482822],[-71.384754,41.478359],[-71.382152,41.472372],[-71.381594,41.468055],[-71.383586,41.464782],[-71.384505,41.464108],[-71.386798,41.464574],[-71.389028,41.465549],[-71.390143,41.464156],[-71.389284,41.460605],[-71.390275,41.455043],[-71.396037,41.452016],[-71.399568,41.448596],[-71.40078,41.454975],[-71.40056,41.46094]]],[[[-71.405096,41.498214],[-71.402966,41.502999],[-71.403626,41.504566],[-71.401407,41.506267],[-71.399621,41.506617],[-71.397391,41.5062],[-71.396276,41.503695],[-71.400349,41.500106],[-71.401791,41.500095],[-71.403238,41.497583],[-71.404475,41.497328],[-71.405096,41.498214]]],[[[-71.613133,41.160281],[-71.610529,41.162643],[-71.610572,41.168374],[-71.609353,41.171727],[-71.607985,41.172862],[-71.607794,41.175399],[-71.605565,41.182139],[-71.601294,41.183213],[-71.597457,41.185186],[-71.594994,41.188392],[-71.593419,41.191445],[-71.592944,41.198911],[-71.58955,41.196557],[-71.5892986001572,41.1968080598376],[-71.585853,41.200249],[-71.580634,41.203374],[-71.578519,41.20908],[-71.576924,41.211024],[-71.576725,41.215738],[-71.576319,41.22491],[-71.577691,41.231232],[-71.574376,41.227838],[-71.570301,41.225342],[-71.567977,41.224673],[-71.565785,41.22495],[-71.562546,41.224217],[-71.55991,41.221632],[-71.55862,41.219193],[-71.555861,41.216637],[-71.554067,41.212957],[-71.555564,41.208315],[-71.557951,41.204515],[-71.561372,41.200601],[-71.564119,41.195372],[-71.566405,41.188207],[-71.566345,41.184277],[-71.564667,41.179674],[-71.561299,41.175765],[-71.5594360124963,41.1742549301644],[-71.5590461149474,41.1739388934082],[-71.55791,41.173018],[-71.554627,41.173423],[-71.5545794230604,41.1733051252579],[-71.552889,41.169117],[-71.550226,41.166787],[-71.544446,41.164912],[-71.545594,41.163453],[-71.543872,41.161321],[-71.545434,41.159961],[-71.545468,41.157486],[-71.547051,41.153684],[-71.551953,41.151718],[-71.556527,41.151569],[-71.561479,41.150491],[-71.56589,41.149009],[-71.568668,41.149368],[-71.575549,41.148241],[-71.578573,41.14762],[-71.580505,41.149092],[-71.584674,41.148222],[-71.587375,41.148062],[-71.5937,41.146339],[-71.595495,41.147371],[-71.599993,41.146932],[-71.611567,41.153905],[-71.613133,41.160281]]],[[[-71.8626677422346,41.310863612697],[-71.862109,41.316612],[-71.860513,41.320248],[-71.857458,41.320789],[-71.851923,41.324664],[-71.847709,41.329604],[-71.844666,41.330585],[-71.836156,41.336013],[-71.830617723719,41.3412470472827],[-71.829384,41.342413],[-71.829902,41.346636],[-71.831303,41.351295],[-71.835703,41.353568],[-71.836768,41.355103],[-71.837873,41.360145],[-71.8377317214459,41.3632966890791],[-71.8377133908183,41.3637056148293],[-71.837633,41.365499],[-71.8355881682153,41.3670686692761],[-71.8349469163787,41.3675609118721],[-71.832499,41.36944],[-71.8321077620934,41.3700842619703],[-71.8320107595774,41.3702439986192],[-71.831613,41.370899],[-71.8320765800314,41.3729621714499],[-71.832674,41.375621],[-71.8313139597931,41.3777248226273],[-71.830637,41.378772],[-71.8316433377617,41.3800224459541],[-71.833531,41.382368],[-71.8330005628195,41.3852672388358],[-71.832655,41.387156],[-71.835204,41.389558],[-71.83817,41.390595],[-71.8386323044412,41.3911510258414],[-71.8410615505958,41.3940727447712],[-71.842131,41.395359],[-71.842244,41.396879],[-71.84115,41.39923],[-71.841726,41.403241],[-71.843256,41.404461],[-71.843472,41.40583],[-71.8428165698118,41.4087322073789],[-71.842563,41.409855],[-71.839649,41.412119],[-71.836883,41.412228],[-71.834107,41.411582],[-71.827902,41.414334],[-71.824573,41.415235],[-71.823873,41.417164],[-71.82033,41.419382],[-71.816904,41.419927],[-71.8129,41.419404],[-71.806812,41.416673],[-71.803684,41.417428],[-71.801439,41.415545],[-71.797683,41.416709],[-71.7976736925498,41.4169104184967],[-71.797235453979,41.426394149577],[-71.7967394589644,41.4371277628393],[-71.796485908112,41.4426147470056],[-71.7956834364983,41.4599806875911],[-71.7949846626488,41.4751025497798],[-71.7935683158896,41.5057530964788],[-71.7925957022037,41.5268010079481],[-71.7917036308261,41.5461059382128],[-71.79050845462,41.5719702287765],[-71.7893586727423,41.5968521603427],[-71.789356,41.59691],[-71.787855198595,41.6344503677445],[-71.7876366458895,41.6399171462982],[-71.786994,41.655992],[-71.7869988956813,41.6561173870817],[-71.7886475406628,41.6983421088834],[-71.789678,41.724734],[-71.7896921119938,41.7251983396573],[-71.790106335744,41.7388279172293],[-71.7910592549219,41.7701826762188],[-71.791062,41.770273],[-71.791258063576,41.774496473912],[-71.7926270381587,41.8039860331338],[-71.7926566350564,41.8046235902365],[-71.792767,41.807001],[-71.792786,41.80867],[-71.793157336947,41.8171691600425],[-71.794161,41.840141],[-71.794161,41.841101],[-71.7944823560536,41.8491578858595],[-71.7946917826635,41.854408530038],[-71.7966877946775,41.9044515922139],[-71.7971589425621,41.9162639874898],[-71.7976528289549,41.9286464718086],[-71.7978012534201,41.9323676992798],[-71.797922,41.935395],[-71.7988268815301,41.9852114703],[-71.7988654335405,41.9873338752955],[-71.799242,42.008065],[-71.76601,42.009745],[-71.7551091980533,42.0099959290799],[-71.6808758163105,42.0117047312646],[-71.6780229685747,42.0117704018878],[-71.661603714444,42.0121483620005],[-71.6067340253166,42.0134114250923],[-71.5941189192252,42.0137018162929],[-71.5911031922974,42.0137712362848],[-71.576908,42.014098],[-71.5636650212292,42.0142829726269],[-71.559439,42.014342],[-71.5536148628593,42.0144620211719],[-71.553360975429,42.0144672531687],[-71.5380362061651,42.0147830590505],[-71.5289280673524,42.0149707554367],[-71.5276999611655,42.014996063691],[-71.527606,42.014998],[-71.527306,42.015098],[-71.5246411875339,42.0152998720856],[-71.5116333994735,42.0162852732493],[-71.5020555032736,42.0170108439625],[-71.5020495411129,42.0170112956242],[-71.500905,42.017098],[-71.499905,42.017198],[-71.498258301062,42.0172202331592],[-71.4913542802411,42.0173134488592],[-71.4837831179649,42.0174156720723],[-71.483712882957,42.0174166203611],[-71.4581166451263,42.0177622119067],[-71.4581035191943,42.0177623891285],[-71.4243569233817,42.0182180239873],[-71.4144186146141,42.0183522075931],[-71.381401,42.018798],[-71.3814370412492,42.0000208695584],[-71.3814657108006,41.9850843199885],[-71.3814702596934,41.9827143923185],[-71.3814919782937,41.9713992187725],[-71.381501,41.966699],[-71.381401,41.964799],[-71.3814576825117,41.9528643404906],[-71.3814576922812,41.9528622835027],[-71.381481898709,41.9477655532284],[-71.3816,41.922899],[-71.3817,41.922699],[-71.3817,41.9155771386792],[-71.3817,41.914816],[-71.3817,41.9146596532258],[-71.3817,41.903598],[-71.3817,41.897062],[-71.3817,41.8937517472527],[-71.3817,41.893199],[-71.3815293543911,41.8932257679386],[-71.3766,41.893999],[-71.3764963977197,41.8940137950418],[-71.3763523440612,41.8940343667888],[-71.373799,41.894399],[-71.3711903265602,41.8945853338171],[-71.370999,41.894599],[-71.365399,41.895299],[-71.364699,41.895399],[-71.362499,41.895599],[-71.354699,41.896499],[-71.3545188256255,41.8965170174374],[-71.352699,41.896699],[-71.3490531544948,41.8971416781915],[-71.3458749094161,41.8975275803866],[-71.3397631896385,41.8982696647821],[-71.3387624937221,41.8983911691788],[-71.338698,41.898399],[-71.3391777169811,41.8945612641509],[-71.339298,41.893599],[-71.339298,41.893399],[-71.3397157557079,41.8901129336013],[-71.3397188707898,41.8900884303672],[-71.340798,41.8816],[-71.338863843395,41.8761112156337],[-71.3378288661724,41.873174138675],[-71.3378266820677,41.8731679405833],[-71.333997,41.8623],[-71.3344939886823,41.8612394827533],[-71.3416734226395,41.845919388344],[-71.342198,41.8448],[-71.341797,41.8437],[-71.3407956584837,41.8424559090253],[-71.335197,41.8355],[-71.33750452,41.83376936],[-71.337597,41.8337],[-71.339597,41.832],[-71.3428393692991,41.8295529288309],[-71.344897,41.828],[-71.3458887317406,41.8258871802048],[-71.347197,41.8231],[-71.339197,41.809],[-71.3390217068965,41.8085909827586],[-71.3390037431442,41.8085490673364],[-71.338897,41.8083],[-71.3392736117647,41.8066052470588],[-71.339297,41.8065],[-71.339297,41.8044],[-71.340797,41.8002],[-71.340697,41.7983],[-71.339297,41.7963],[-71.335797,41.7948],[-71.333896,41.7945],[-71.332196,41.7923],[-71.331060754268,41.7901469477496],[-71.3301161647591,41.7883554848879],[-71.329296,41.7868],[-71.329396,41.7826],[-71.327896,41.780501],[-71.3179242335629,41.7761572941963],[-71.317795,41.776101],[-71.3163878442731,41.7755072318263],[-71.2976875648494,41.7676163988869],[-71.2947580514203,41.7663802515257],[-71.2844017716869,41.762010280821],[-71.261392,41.752301],[-71.2547429944747,41.7447183583796],[-71.2521307457507,41.7417393044712],[-71.2453326038605,41.7339865851448],[-71.2452464955663,41.7338883857474],[-71.2262367316647,41.7122093201479],[-71.225791,41.711701],[-71.224798,41.710498],[-71.227875,41.705498],[-71.232975,41.701953],[-71.240991,41.697744],[-71.243671,41.698404],[-71.2436945481979,41.6983903268528],[-71.24581,41.697162],[-71.245335,41.694855],[-71.2430069827236,41.6892067225421],[-71.242482,41.687933],[-71.2377165785964,41.681741],[-71.237635,41.681635],[-71.234639,41.67746],[-71.2346510265335,41.6773701636506],[-71.235352,41.672134],[-71.236778,41.66805],[-71.238442,41.665565],[-71.240343,41.665565],[-71.244384,41.669116],[-71.250326,41.665032],[-71.253416,41.660593],[-71.254604,41.652247],[-71.256743,41.650293],[-71.257219,41.646741],[-71.25956,41.642595],[-71.2596347852461,41.6426036394508],[-71.263161,41.643011],[-71.267055,41.644945],[-71.270075,41.652439],[-71.26918,41.6549],[-71.267676,41.657397],[-71.269103,41.66006],[-71.272192,41.661303],[-71.2773698209797,41.6660120041908],[-71.277659,41.666275],[-71.2791683740253,41.6697877655558],[-71.280366,41.672575],[-71.2793395571677,41.6764753476156],[-71.278847,41.678347],[-71.282175,41.67959],[-71.285502,41.68243],[-71.287404,41.680478],[-71.289068,41.67959],[-71.287637,41.672463],[-71.290546,41.662395],[-71.293346,41.660238],[-71.297862,41.658284],[-71.297624,41.653845],[-71.299159,41.649531],[-71.301396,41.649978],[-71.303746,41.654788],[-71.304992,41.65935],[-71.306095,41.672575],[-71.302627,41.681747],[-71.298935,41.681524],[-71.293119,41.688347],[-71.2926625181534,41.6917835739017],[-71.291217,41.702666],[-71.2953436947808,41.7072057452012],[-71.2988,41.711008],[-71.29905,41.708696],[-71.301446,41.706441],[-71.303804,41.706567],[-71.305468,41.708519],[-71.307983,41.712756],[-71.305759,41.718662],[-71.307131,41.721648],[-71.3111269758275,41.72277055271],[-71.31482,41.723808],[-71.3178407557834,41.7243155437237],[-71.3229204099121,41.7251690210506],[-71.324188,41.725382],[-71.339456,41.724841],[-71.341119,41.729098],[-71.341119,41.7304249473684],[-71.341119,41.734774],[-71.344447,41.736193],[-71.34825,41.742046],[-71.35229,41.745061],[-71.352562,41.745061],[-71.355818,41.745061],[-71.3558965537634,41.745061],[-71.359896,41.745061],[-71.359421,41.746657],[-71.360134,41.749494],[-71.362348,41.75089],[-71.360847,41.755168],[-71.3612621864308,41.7575674370388],[-71.3612709169199,41.757617892105],[-71.361798,41.760664],[-71.3623927134615,41.7615143651809],[-71.36465,41.764742],[-71.369641,41.764565],[-71.3664555007201,41.7704257825461],[-71.366076,41.771124],[-71.366314,41.775201],[-71.365125,41.777505],[-71.3661042767854,41.7786003341323],[-71.367977,41.780695],[-71.370583,41.780874],[-71.371542,41.783354],[-71.3716853333333,41.7833826666667],[-71.381287,41.785303],[-71.3824715642505,41.7850991833895],[-71.390557,41.783708],[-71.391745,41.78105],[-71.391219805321,41.7797766584559],[-71.3910576408594,41.7793834885434],[-71.3899278956899,41.7766444062255],[-71.389844,41.776441],[-71.388401,41.773862],[-71.385495,41.768664],[-71.385566,41.76031],[-71.3838043664653,41.7585116982739],[-71.3811899042195,41.7558428163091],[-71.38105,41.7557],[-71.3801726493279,41.7498104030589],[-71.380099,41.749316],[-71.380574,41.745947],[-71.376058,41.744174],[-71.3803233268858,41.7393999561717],[-71.380812,41.738853],[-71.3808100315159,41.7388089985901],[-71.3806925743147,41.7361834846806],[-71.380574,41.733533],[-71.3809892502021,41.7281164275111],[-71.38105,41.727324],[-71.378067839149,41.7235758279472],[-71.376534,41.721648],[-71.3703745005778,41.7185279890981],[-71.369879,41.718277],[-71.363937,41.71739],[-71.357282,41.718188],[-71.357282,41.716592],[-71.3642782521499,41.7124639209306],[-71.365717,41.711615],[-71.365717,41.707898],[-71.364412,41.704704],[-71.3646728081203,41.7038412619555],[-71.3653445835741,41.70161906795],[-71.365646,41.700622],[-71.365601,41.693701],[-71.362748,41.691926],[-71.364887,41.688377],[-71.3693778025085,41.6863404497415],[-71.371542,41.685359],[-71.373444,41.678614],[-71.372988,41.672575],[-71.37791,41.666646],[-71.382049,41.667317],[-71.386279,41.67098],[-71.38988,41.671903],[-71.390775,41.680629],[-71.3897912035287,41.6826771719537],[-71.389432,41.683425],[-71.390551,41.684096],[-71.3915049419944,41.6840096539629],[-71.398163,41.683407],[-71.4013082772103,41.6835335631993],[-71.418069,41.684208],[-71.4299621251923,41.6862843496224],[-71.433815,41.686957],[-71.441336,41.686446],[-71.443082,41.688303],[-71.441896,41.690025],[-71.4451744781266,41.6909360049724],[-71.445923,41.691144],[-71.44848,41.688414],[-71.450198,41.686459],[-71.4500564732113,41.6847205440732],[-71.449997,41.68399],[-71.447699,41.67787],[-71.444574,41.674298],[-71.444268,41.673647],[-71.444621,41.673016],[-71.446573,41.671959],[-71.447018,41.671216],[-71.446247,41.66631],[-71.4449324021523,41.664029],[-71.444801,41.663801],[-71.443541,41.663019],[-71.4423769374558,41.6636114769159],[-71.442148,41.663728],[-71.440996,41.666231],[-71.440153,41.666843],[-71.434748,41.666263],[-71.430038,41.667541],[-71.426647,41.669526],[-71.426086,41.670484],[-71.424285,41.670275],[-71.417652,41.665298],[-71.408621,41.663168],[-71.408858,41.657841],[-71.4088799626671,41.6538406570683],[-71.408893,41.651466],[-71.407600631395,41.6343288899893],[-71.407525,41.633326],[-71.403154,41.627468],[-71.403392,41.625513],[-71.408621,41.62196],[-71.407907,41.61965],[-71.402441,41.615563],[-71.404342,41.611832],[-71.4067460740885,41.6111782242582],[-71.4068783634118,41.6111422488484],[-71.409571,41.61041],[-71.411948,41.611121],[-71.416939,41.604901],[-71.414325,41.60259],[-71.403613,41.602959],[-71.403392,41.600635],[-71.40377,41.589321],[-71.4106295372466,41.5867317074016],[-71.410997,41.586593],[-71.419584,41.585781],[-71.4199010917085,41.58571],[-71.42960906356,41.5835362881593],[-71.430249,41.583393],[-71.439519,41.577348],[-71.438806,41.581437],[-71.440945,41.584993],[-71.446412,41.583215],[-71.444272,41.578948],[-71.44705,41.578429],[-71.4468840113494,41.5774075714069],[-71.446412,41.574503],[-71.4438918062973,41.5733432215387],[-71.443322,41.573081],[-71.438093,41.570591],[-71.444091,41.568043],[-71.443831,41.566068],[-71.442157,41.563816],[-71.439064,41.56368],[-71.437356,41.562223],[-71.4359663398523,41.5621649113121],[-71.435179,41.562132],[-71.434371,41.561633],[-71.435227,41.559541],[-71.434783,41.558097],[-71.432716,41.557384],[-71.430175,41.558237],[-71.428407,41.557085],[-71.427873,41.555475],[-71.431045,41.550103],[-71.428646,41.546986],[-71.424777,41.549431],[-71.423357,41.548182],[-71.426671,41.543563],[-71.423119,41.538754],[-71.417652,41.536263],[-71.418128,41.532171],[-71.415887701598,41.5301894282203],[-71.415513,41.529858],[-71.415911,41.527941],[-71.414825,41.523126],[-71.414937,41.516303],[-71.419580644601,41.5036532196857],[-71.421425,41.498629],[-71.420858,41.493215],[-71.418603,41.492126],[-71.420759,41.489979],[-71.420267,41.48358],[-71.417957,41.482073],[-71.417621,41.477934],[-71.418404,41.472652],[-71.4194425306614,41.4716093197427],[-71.421157,41.469888],[-71.422991,41.472682],[-71.427635,41.47254],[-71.430744,41.470636],[-71.430926,41.465655],[-71.430012,41.461141],[-71.426684,41.458825],[-71.425817,41.456002],[-71.426855,41.454127],[-71.430259,41.453036],[-71.432087,41.449389],[-71.431137,41.447301],[-71.433612,41.444995],[-71.438129,41.441654],[-71.43833,41.439585],[-71.4390585068274,41.4391944304806],[-71.4406,41.438368],[-71.442223,41.439721],[-71.442788,41.441398],[-71.448948,41.438479],[-71.4546297295387,41.433953881781],[-71.4546807571771,41.4339132416741],[-71.4546866550124,41.4339085444421],[-71.4547148036345,41.4338861259439],[-71.455845,41.432986],[-71.455004,41.430318],[-71.455388,41.428005],[-71.45482,41.421821],[-71.452643,41.41778],[-71.4526417970114,41.4168711421373],[-71.452639,41.414758],[-71.452974,41.409676],[-71.455371,41.407962],[-71.456211,41.405123],[-71.459242,41.403119],[-71.462325,41.401276],[-71.462523,41.398224],[-71.463743,41.395753],[-71.467312,41.394951],[-71.468984,41.393621],[-71.4703911739429,41.3918384373898],[-71.474918,41.386104],[-71.484203,41.371842],[-71.48294,41.365929],[-71.480439,41.362416],[-71.480702076382,41.3611078587242],[-71.480875,41.360248],[-71.484658,41.361436],[-71.487696,41.361487],[-71.489218,41.362373],[-71.488956,41.364351],[-71.494898,41.368275],[-71.497275,41.371307],[-71.502926,41.3742],[-71.513401,41.375237],[-71.520163,41.376523],[-71.5228036135672,41.3766898820575],[-71.5242390747124,41.3767806006361],[-71.526429,41.376919],[-71.531546,41.376493],[-71.535372,41.374964],[-71.537237,41.373329],[-71.540901,41.373011],[-71.545289,41.374039],[-71.551566,41.374423],[-71.5732988797621,41.3704368343509],[-71.586094,41.36809],[-71.594756,41.365162],[-71.598051,41.365064],[-71.5999408655049,41.3648128692234],[-71.606487,41.363943],[-71.616506,41.362989],[-71.624158,41.36121],[-71.625619309585,41.3607552747436],[-71.632989,41.358462],[-71.638315,41.355434],[-71.6386680036904,41.3554517435717],[-71.642851,41.355662],[-71.68807,41.342823],[-71.6909922249473,41.3421973902265],[-71.696688,41.340978],[-71.701631,41.336968],[-71.70517,41.334285],[-71.716036,41.331089],[-71.7179883566799,41.3312873899857],[-71.72074,41.331567],[-71.72427,41.332089],[-71.7298800177561,41.3316982914577],[-71.730717,41.33164],[-71.746758,41.328095],[-71.7489214513298,41.3269054992995],[-71.751656,41.325402],[-71.761029,41.328493],[-71.7627725409344,41.328611597175],[-71.7630228835294,41.3286286256966],[-71.766395,41.328858],[-71.773702,41.327977],[-71.785957,41.325739],[-71.7966009417609,41.3237460686308],[-71.815337,41.320238],[-71.833755,41.315631],[-71.8361175075275,41.314860367666],[-71.845285,41.31187],[-71.857432,41.306318],[-71.8574721485076,41.306368547736],[-71.859899,41.309424],[-71.862772,41.309791],[-71.8626677422346,41.310863612697]]]]}},{"type":"Feature","properties":{"STATEFP":"23","STATENS":"01779787","GEOIDFQ":"0400000US23","GEOID":"23","STUSPS":"ME","NAME":"Maine","LSAD":"00","ALAND":79888899089,"AWATER":11744562992},"geometry":{"type":"MultiPolygon","coordinates":[[[[-67.322595,44.611595],[-67.321744,44.612771],[-67.320219,44.61332],[-67.318245,44.611139],[-67.31563,44.611985],[-67.31254,44.610632],[-67.309688,44.612155],[-67.310639,44.614016],[-67.311107,44.616706],[-67.30642,44.61891],[-67.30597,44.620838],[-67.301401,44.623611],[-67.299706,44.621121],[-67.29519,44.621121],[-67.291149,44.619261],[-67.289723,44.616723],[-67.284256,44.619768],[-67.282117,44.619937],[-67.28188,44.618415],[-67.279027,44.615877],[-67.274749,44.615031],[-67.270946,44.612662],[-67.269045,44.611139],[-67.263816,44.608771],[-67.260985,44.608656],[-67.261668,44.604598],[-67.263629,44.603611],[-67.26548,44.605048],[-67.273798,44.609955],[-67.277126,44.609955],[-67.280454,44.609786],[-67.280216,44.608263],[-67.278314,44.605725],[-67.280207,44.603448],[-67.283299,44.604183],[-67.287814,44.604534],[-67.291113,44.602432],[-67.291433,44.60105],[-67.292338,44.599125],[-67.298827,44.599198],[-67.303039,44.597402],[-67.308027,44.597161],[-67.310709,44.598303],[-67.314153,44.597468],[-67.314722,44.60168],[-67.313789,44.604048],[-67.31563,44.605217],[-67.318245,44.603694],[-67.319277,44.605006],[-67.319156,44.606521],[-67.320606,44.607222],[-67.322513,44.609069],[-67.322595,44.611595]]],[[[-67.331317,44.652748],[-67.328703,44.653255],[-67.327235,44.651274],[-67.330146,44.647671],[-67.334407,44.648521],[-67.331317,44.652748]]],[[[-67.337972,44.679795],[-67.332981,44.682837],[-67.330129,44.683851],[-67.329653,44.68064],[-67.333931,44.677936],[-67.336308,44.677598],[-67.337972,44.679795]]],[[[-67.355798,44.642264],[-67.354372,44.644632],[-67.352233,44.644801],[-67.352233,44.642941],[-67.353897,44.64108],[-67.35556,44.64108],[-67.355798,44.642264]]],[[[-67.359601,44.579659],[-67.35556,44.583722],[-67.352323,44.585205],[-67.350585,44.584158],[-67.3511,44.581551],[-67.353007,44.578315],[-67.355283,44.576178],[-67.357754,44.575633],[-67.359601,44.579659]]],[[[-67.361502,44.648859],[-67.359839,44.650212],[-67.361027,44.652072],[-67.356749,44.653932],[-67.355798,44.652579],[-67.355085,44.649536],[-67.356749,44.64683],[-67.359839,44.645477],[-67.363166,44.647337],[-67.361502,44.648859]]],[[[-67.36792,44.570009],[-67.362453,44.573903],[-67.361424,44.573057],[-67.364282,44.568749],[-67.367199,44.567418],[-67.36792,44.570009]]],[[[-67.369346,44.669147],[-67.366256,44.668978],[-67.364117,44.667625],[-67.360789,44.66864],[-67.35461,44.668978],[-67.351757,44.669992],[-67.350331,44.669316],[-67.352233,44.667456],[-67.355798,44.665766],[-67.356036,44.663568],[-67.357937,44.663568],[-67.360789,44.664921],[-67.366731,44.664413],[-67.369346,44.669147]]],[[[-67.374099,44.593201],[-67.372673,44.598617],[-67.368558,44.601926],[-67.366665,44.599661],[-67.369108,44.597602],[-67.371247,44.594386],[-67.372911,44.592863],[-67.374099,44.593201]]],[[[-67.393114,44.598448],[-67.390737,44.601156],[-67.38836,44.603186],[-67.385556,44.603897],[-67.383607,44.601663],[-67.385746,44.599463],[-67.389311,44.598617],[-67.390262,44.59574],[-67.392876,44.596586],[-67.393114,44.598448]]],[[[-67.396079,44.574496],[-67.394302,44.576443],[-67.392163,44.574411],[-67.395883,44.572452],[-67.396079,44.574496]]],[[[-67.396679,44.588462],[-67.393351,44.589647],[-67.392638,44.584907],[-67.396051,44.583213],[-67.397396,44.584852],[-67.396679,44.588462]]],[[[-67.40765,44.572839],[-67.403555,44.575124],[-67.403809,44.572887],[-67.405473,44.570855],[-67.406186,44.567977],[-67.408044,44.569012],[-67.40765,44.572839]]],[[[-67.429479,44.597432],[-67.426864,44.598786],[-67.426151,44.597432],[-67.427801,44.595258],[-67.4294,44.596505],[-67.429479,44.597432]]],[[[-67.443858,44.555399],[-67.437643,44.557655],[-67.433428,44.558921],[-67.431618,44.557308],[-67.435183,44.555615],[-67.440174,44.554937],[-67.4441,44.554979],[-67.443858,44.555399]]],[[[-67.464856,44.570979],[-67.462237,44.572798],[-67.457682,44.575464],[-67.453722,44.572379],[-67.460562,44.569652],[-67.464541,44.570155],[-67.464856,44.570979]]],[[[-67.474478,44.568335],[-67.471376,44.569095],[-67.469647,44.567977],[-67.47131,44.566453],[-67.474242,44.566648],[-67.474478,44.568335]]],[[[-67.483335,44.560963],[-67.481896,44.563005],[-67.481045,44.565046],[-67.478441,44.565098],[-67.479717,44.562085],[-67.481557,44.560066],[-67.483025,44.560004],[-67.483335,44.560963]]],[[[-67.491275,44.603694],[-67.490325,44.604371],[-67.488186,44.602509],[-67.486522,44.600147],[-67.488661,44.60014],[-67.491513,44.601663],[-67.491275,44.603694]]],[[[-67.507438,44.622813],[-67.504348,44.622813],[-67.498881,44.621967],[-67.497693,44.62146],[-67.500545,44.619937],[-67.503872,44.617061],[-67.508388,44.621121],[-67.507438,44.622813]]],[[[-67.536872,44.532115],[-67.532965,44.532884],[-67.529196,44.531989],[-67.530255,44.530374],[-67.533817,44.529159],[-67.535946,44.529834],[-67.536872,44.532115]]],[[[-67.541611,44.58934],[-67.538635,44.590527],[-67.534368,44.589249],[-67.533345,44.583384],[-67.529542,44.583553],[-67.523125,44.58423],[-67.515994,44.587277],[-67.515994,44.591339],[-67.51841,44.595882],[-67.514244,44.597668],[-67.507913,44.592863],[-67.502684,44.588293],[-67.495554,44.588462],[-67.490342,44.586587],[-67.481529,44.580414],[-67.482124,44.577442],[-67.486282,44.575657],[-67.4908,44.575258],[-67.499969,44.578037],[-67.504823,44.58186],[-67.512429,44.584569],[-67.520035,44.579659],[-67.521461,44.573734],[-67.516804,44.572547],[-67.51433,44.568654],[-67.511478,44.566114],[-67.505299,44.56476],[-67.498644,44.564252],[-67.495554,44.561542],[-67.489988,44.560965],[-67.489136,44.559679],[-67.491751,44.556123],[-67.499969,44.554836],[-67.505917,44.553707],[-67.510527,44.553074],[-67.51841,44.554241],[-67.533279,44.564354],[-67.541611,44.578037],[-67.541611,44.58934]]],[[[-67.563768,44.510547],[-67.560646,44.51379],[-67.552559,44.515663],[-67.546417,44.515631],[-67.539429,44.515385],[-67.534745,44.519619],[-67.530968,44.518512],[-67.529542,44.513089],[-67.523838,44.511564],[-67.516029,44.506653],[-67.512496,44.499955],[-67.510628,44.496414],[-67.511364,44.494613],[-67.514978,44.491263],[-67.526745,44.483638],[-67.529676,44.479804],[-67.531552,44.474105],[-67.53537,44.472355],[-67.539049,44.472059],[-67.54309,44.473755],[-67.543803,44.480538],[-67.545704,44.486304],[-67.547368,44.490543],[-67.545229,44.495629],[-67.554736,44.500715],[-67.563622,44.507248],[-67.563768,44.510547]]],[[[-67.602747,44.444237],[-67.601797,44.444746],[-67.595624,44.444076],[-67.599955,44.441753],[-67.602034,44.442709],[-67.602747,44.444237]]],[[[-67.611939,44.452712],[-67.609165,44.450854],[-67.609383,44.447903],[-67.60639,44.447025],[-67.605599,44.445933],[-67.608689,44.443558],[-67.611599,44.443584],[-67.61176,44.446376],[-67.614217,44.448841],[-67.611939,44.452712]]],[[[-67.621286,44.507835],[-67.618434,44.512242],[-67.620334,44.515277],[-67.619761,44.519754],[-67.617959,44.521563],[-67.61541,44.521973],[-67.610591,44.522749],[-67.599182,44.52258],[-67.604886,44.515462],[-67.602747,44.509021],[-67.59942,44.50936],[-67.593953,44.511733],[-67.593953,44.515123],[-67.587738,44.516196],[-67.585872,44.522071],[-67.577315,44.521732],[-67.576365,44.519699],[-67.5764982650251,44.5195021266612],[-67.579692,44.514784],[-67.582113,44.513459],[-67.58706,44.511055],[-67.583257,44.508174],[-67.585353,44.505613],[-67.587229,44.504425],[-67.589259,44.50084],[-67.588249,44.498342],[-67.590627,44.49415],[-67.587613,44.492377],[-67.580168,44.490712],[-67.577078,44.488169],[-67.578742,44.485117],[-67.576536,44.483333],[-67.572324,44.483082],[-67.571374,44.479351],[-67.562651,44.472104],[-67.565194,44.470871],[-67.570423,44.471889],[-67.571136,44.465613],[-67.570423,44.460015],[-67.56971,44.457301],[-67.566606,44.455768],[-67.571774,44.453403],[-67.574206,44.45173],[-67.581378,44.45013],[-67.585764,44.448097],[-67.589199,44.447291],[-67.588346,44.449754],[-67.592755,44.458572],[-67.595286,44.462195],[-67.593715,44.467479],[-67.594546,44.470043],[-67.599182,44.47579],[-67.601605,44.481975],[-67.603162,44.485024],[-67.612254,44.485286],[-67.614692,44.487037],[-67.612492,44.488],[-67.605362,44.488508],[-67.603698,44.489695],[-67.605837,44.496985],[-67.604919,44.502056],[-67.607199,44.503576],[-67.610115,44.503088],[-67.615107,44.502241],[-67.617483,44.504445],[-67.620573,44.503766],[-67.621286,44.507835]]],[[[-67.622926,44.464459],[-67.620811,44.464426],[-67.616533,44.463408],[-67.61582,44.461373],[-67.618434,44.460185],[-67.62295,44.46239],[-67.622926,44.464459]]],[[[-67.634834,44.490712],[-67.63317,44.497325],[-67.632933,44.499189],[-67.629605,44.498681],[-67.629367,44.496985],[-67.63008,44.492238],[-67.630318,44.490034],[-67.631506,44.48766],[-67.633941,44.48708],[-67.635763,44.487931],[-67.634834,44.490712]]],[[[-67.647669,44.514445],[-67.644817,44.517495],[-67.642677,44.515292],[-67.641014,44.513767],[-67.635547,44.513767],[-67.631982,44.514784],[-67.628179,44.514953],[-67.625564,44.513258],[-67.628179,44.511394],[-67.634121,44.511055],[-67.635547,44.509699],[-67.638162,44.508004],[-67.641014,44.506479],[-67.641727,44.504614],[-67.645054,44.504614],[-67.647669,44.506818],[-67.648857,44.511055],[-67.647669,44.514445]]],[[[-67.66288,44.514614],[-67.659315,44.51597],[-67.658602,44.513089],[-67.660979,44.511564],[-67.663118,44.512581],[-67.66288,44.514614]]],[[[-67.669278,44.524377],[-67.666664,44.528952],[-67.665,44.531493],[-67.661673,44.532341],[-67.658583,44.530816],[-67.663336,44.527257],[-67.665238,44.521665],[-67.667615,44.521665],[-67.669278,44.524377]]],[[[-67.673794,44.490476],[-67.664287,44.495054],[-67.662861,44.494376],[-67.664713,44.492238],[-67.666902,44.489967],[-67.671893,44.487763],[-67.673794,44.490476]]],[[[-67.676676,44.470379],[-67.674607,44.472947],[-67.672645,44.473289],[-67.672131,44.470805],[-67.67302,44.469004],[-67.673794,44.465546],[-67.67522,44.466055],[-67.676676,44.470379]]],[[[-67.676884,44.463002],[-67.67227,44.46331],[-67.669858,44.463525],[-67.668565,44.462663],[-67.669516,44.460627],[-67.67519,44.461665],[-67.676884,44.463002]]],[[[-67.677597,44.482676],[-67.673794,44.481659],[-67.67118,44.483863],[-67.666189,44.485728],[-67.663899,44.484792],[-67.667377,44.481998],[-67.670554,44.481174],[-67.671234,44.478053],[-67.673171,44.475884],[-67.676225,44.475769],[-67.680389,44.480374],[-67.677597,44.482676]]],[[[-67.698751,44.487763],[-67.693046,44.486407],[-67.691858,44.48522],[-67.692654,44.483646],[-67.698578,44.485053],[-67.699939,44.486915],[-67.698751,44.487763]]],[[[-67.708638,44.460733],[-67.704353,44.460599],[-67.70493,44.458082],[-67.706832,44.456895],[-67.708638,44.460733]]],[[[-67.740846,44.470064],[-67.734165,44.469278],[-67.732264,44.467412],[-67.733214,44.465207],[-67.73773,44.463002],[-67.740845,44.466409],[-67.740846,44.470064]]],[[[-67.746745,44.465241],[-67.742959,44.465207],[-67.743197,44.463511],[-67.745098,44.462323],[-67.747464,44.463768],[-67.746745,44.465241]]],[[[-67.759296,44.49835],[-67.756724,44.49775],[-67.755556,44.500309],[-67.756346,44.502841],[-67.755012,44.504808],[-67.753004,44.505087],[-67.752229,44.500818],[-67.752704,44.497258],[-67.751548,44.494849],[-67.755812,44.496084],[-67.75722,44.494884],[-67.759834,44.496241],[-67.759296,44.49835]]],[[[-67.766489,44.530985],[-67.762924,44.532679],[-67.759597,44.533018],[-67.758884,44.531324],[-67.762211,44.529291],[-67.765776,44.52946],[-67.766489,44.530985]]],[[[-67.766014,44.537593],[-67.7634,44.53844],[-67.761261,44.537423],[-67.763875,44.534374],[-67.76744,44.534374],[-67.766014,44.537593]]],[[[-67.792159,44.480811],[-67.7798,44.47708],[-67.782414,44.475045],[-67.784078,44.47284],[-67.789024,44.472355],[-67.791496,44.476675],[-67.795955,44.476177],[-67.792159,44.480811]]],[[[-67.805944,44.517259],[-67.804043,44.519123],[-67.802141,44.516751],[-67.802398,44.512949],[-67.804281,44.51387],[-67.805944,44.517259]]],[[[-67.819492,44.510649],[-67.816165,44.513192],[-67.81046,44.512683],[-67.804722,44.50814],[-67.802299,44.500794],[-67.802631,44.497746],[-67.799652,44.496112],[-67.794197,44.494205],[-67.791208,44.493867],[-67.794298,44.490137],[-67.795962,44.486068],[-67.796675,44.482846],[-67.800215,44.482082],[-67.804043,44.484202],[-67.806182,44.485898],[-67.807608,44.491154],[-67.810698,44.494206],[-67.814501,44.49658],[-67.817353,44.503022],[-67.81664,44.507429],[-67.819492,44.510649]]],[[[-67.825857,44.442819],[-67.824092,44.445641],[-67.822322,44.446275],[-67.821144,44.445434],[-67.821734,44.44219],[-67.824143,44.441131],[-67.825857,44.442819]]],[[[-67.835892,44.536576],[-67.832802,44.539964],[-67.825672,44.540812],[-67.828762,44.536068],[-67.826622,44.533527],[-67.824959,44.526919],[-67.826147,44.522682],[-67.823295,44.519123],[-67.824246,44.517598],[-67.825909,44.517937],[-67.829712,44.516412],[-67.832802,44.519971],[-67.834228,44.524716],[-67.834941,44.531663],[-67.835892,44.536576]]],[[[-67.834941,44.485389],[-67.831614,44.485728],[-67.828286,44.485559],[-67.828049,44.487933],[-67.826147,44.490646],[-67.822582,44.487254],[-67.822582,44.484711],[-67.825196,44.482846],[-67.827335,44.481319],[-67.829329,44.482664],[-67.832089,44.479624],[-67.835892,44.481828],[-67.834941,44.485389]]],[[[-67.839457,44.544369],[-67.837318,44.546063],[-67.837793,44.548434],[-67.838031,44.551314],[-67.83613,44.552161],[-67.834228,44.547926],[-67.830425,44.548265],[-67.825909,44.549451],[-67.825909,44.545047],[-67.831614,44.545047],[-67.83613,44.543353],[-67.838982,44.542336],[-67.839457,44.544369]]],[[[-67.842072,44.462323],[-67.838163,44.464177],[-67.834042,44.460858],[-67.830634,44.456655],[-67.832735,44.45319],[-67.836414,44.450969],[-67.838475,44.450946],[-67.840045,44.454432],[-67.840765,44.458041],[-67.842072,44.462323]]],[[[-67.853956,44.450787],[-67.849915,44.452993],[-67.845161,44.449769],[-67.846112,44.447563],[-67.849202,44.447563],[-67.853956,44.448072],[-67.855619,44.449769],[-67.853956,44.450787]]],[[[-67.874361,44.374278],[-67.871328,44.374657],[-67.864208,44.368506],[-67.864394,44.366789],[-67.865977,44.366273],[-67.874361,44.372635],[-67.874361,44.374278]]],[[[-67.875584,44.445697],[-67.872257,44.451636],[-67.869405,44.456725],[-67.866553,44.456895],[-67.862987,44.45452],[-67.863463,44.451296],[-67.863938,44.447903],[-67.858901,44.445162],[-67.857759,44.435006],[-67.853953,44.434137],[-67.850628,44.423973],[-67.853956,44.423125],[-67.855144,44.418711],[-67.859422,44.419051],[-67.860135,44.422785],[-67.863225,44.423464],[-67.866077,44.422955],[-67.863938,44.418711],[-67.865542,44.418097],[-67.868929,44.420409],[-67.869642,44.422785],[-67.869642,44.42652],[-67.87606,44.440437],[-67.875584,44.445697]]],[[[-68.03522,44.33274],[-68.033754,44.333974],[-68.032096,44.336672],[-68.029126,44.335979],[-68.030407,44.332244],[-68.030076,44.328668],[-68.031502,44.325098],[-68.034355,44.327818],[-68.034117,44.330029],[-68.03522,44.33274]]],[[[-68.103757,44.364362],[-68.10043,44.365382],[-68.097102,44.361983],[-68.093774,44.356206],[-68.094296,44.353318],[-68.094725,44.351447],[-68.098766,44.354166],[-68.103282,44.358245],[-68.104708,44.361983],[-68.103757,44.364362]]],[[[-68.138221,44.417353],[-68.132279,44.418711],[-68.126099,44.418541],[-68.120632,44.414467],[-68.11778,44.409543],[-68.121108,44.406487],[-68.128,44.406657],[-68.129664,44.41192],[-68.132279,44.414806],[-68.138221,44.417353]]],[[[-68.142023,44.435854],[-68.141786,44.438061],[-68.139884,44.441624],[-68.139409,44.44417],[-68.134655,44.450109],[-68.129902,44.44926],[-68.124911,44.445358],[-68.125148,44.442133],[-68.128951,44.4384],[-68.131566,44.433478],[-68.132754,44.430593],[-68.133942,44.427368],[-68.140122,44.425501],[-68.142974,44.428896],[-68.142023,44.435854]]],[[[-68.149154,44.386957],[-68.147774,44.392437],[-68.143687,44.393581],[-68.139475,44.399564],[-68.135368,44.403091],[-68.129426,44.404789],[-68.126099,44.398676],[-68.125386,44.393921],[-68.125624,44.387127],[-68.133942,44.379313],[-68.140549,44.376804],[-68.144393,44.383044],[-68.148369,44.384109],[-68.149154,44.386957]]],[[[-68.160325,44.467073],[-68.154145,44.465038],[-68.148678,44.461306],[-68.145589,44.457404],[-68.151768,44.458252],[-68.156997,44.463172],[-68.162226,44.465207],[-68.160325,44.467073]]],[[[-68.166267,44.406657],[-68.159374,44.41209],[-68.15462,44.413448],[-68.15462,44.411581],[-68.157235,44.408185],[-68.159136,44.405808],[-68.163652,44.403261],[-68.165791,44.400374],[-68.169254,44.402998],[-68.166267,44.406657]]],[[[-68.181694,44.404234],[-68.178388,44.407336],[-68.175774,44.405638],[-68.176012,44.40394],[-68.176487,44.402582],[-68.180243,44.403358],[-68.181694,44.404234]]],[[[-68.184087,44.388045],[-68.181241,44.388486],[-68.17873,44.388388],[-68.177913,44.386448],[-68.181954,44.385259],[-68.184246,44.386719],[-68.184087,44.388045]]],[[[-68.190035,44.4686],[-68.18338,44.468769],[-68.178864,44.467582],[-68.173873,44.467243],[-68.168406,44.465546],[-68.166029,44.464529],[-68.166267,44.463002],[-68.172209,44.463681],[-68.181716,44.465546],[-68.191699,44.467412],[-68.190035,44.4686]]],[[[-68.19669,44.400204],[-68.194788,44.401563],[-68.190861,44.401229],[-68.191699,44.398846],[-68.194994,44.399089],[-68.19669,44.400204]]],[[[-68.203582,44.242753],[-68.202632,44.245468],[-68.197696,44.24635],[-68.1936,44.244106],[-68.193068,44.23901],[-68.195073,44.23791],[-68.198985,44.236698],[-68.203209,44.239266],[-68.203582,44.242753]]],[[[-68.204058,44.495054],[-68.200968,44.494037],[-68.19978,44.491663],[-68.201206,44.490646],[-68.206435,44.493019],[-68.204058,44.495054]]],[[[-68.212852,44.476571],[-68.208336,44.475893],[-68.204533,44.477419],[-68.20382,44.475045],[-68.209762,44.473858],[-68.21309,44.474875],[-68.212852,44.476571]]],[[[-68.21404,44.398846],[-68.207623,44.400204],[-68.202632,44.400374],[-68.202176,44.397436],[-68.210951,44.396808],[-68.21404,44.398846]]],[[[-68.240962,44.2528],[-68.238305,44.258782],[-68.240887,44.26181],[-68.239724,44.264755],[-68.235264,44.266298],[-68.230558,44.266269],[-68.228307,44.263645],[-68.222035,44.263965],[-68.218507,44.261248],[-68.215874,44.261974],[-68.214389,44.261278],[-68.211365,44.256854],[-68.213683,44.255581],[-68.217243,44.257507],[-68.224024,44.256956],[-68.227778,44.255766],[-68.231378,44.256097],[-68.23713,44.25343],[-68.239085,44.251752],[-68.240962,44.2528]]],[[[-68.248947,44.17576],[-68.24563,44.176647],[-68.24202,44.176656],[-68.239234,44.174596],[-68.242111,44.171648],[-68.245478,44.170228],[-68.247672,44.172217],[-68.248947,44.17576]]],[[[-68.253009,44.155089],[-68.249926,44.157168],[-68.246127,44.158399],[-68.242324,44.157376],[-68.244958,44.154823],[-68.246666,44.151659],[-68.244118,44.14574],[-68.243608,44.142788],[-68.246433,44.141209],[-68.249805,44.143951],[-68.249692,44.147144],[-68.252252,44.149303],[-68.251356,44.151919],[-68.253009,44.155089]]],[[[-68.270133,44.275768],[-68.261814,44.276108],[-68.255159,44.275427],[-68.248266,44.276959],[-68.245652,44.274236],[-68.248742,44.270151],[-68.255159,44.269981],[-68.26324,44.270322],[-68.269657,44.272874],[-68.270133,44.275768]]],[[[-68.26942,44.285637],[-68.265617,44.284956],[-68.266092,44.282744],[-68.268469,44.282064],[-68.270608,44.283255],[-68.26942,44.285637]]],[[[-68.274719,44.258675],[-68.271437,44.259222],[-68.266805,44.257386],[-68.262128,44.260774],[-68.250643,44.257556],[-68.249455,44.251938],[-68.246306,44.246535],[-68.243535,44.245632],[-68.244914,44.242534],[-68.243144,44.240987],[-68.245098,44.238203],[-68.248913,44.235443],[-68.252999,44.235119],[-68.260402,44.237143],[-68.266669,44.234033],[-68.274427,44.237099],[-68.276857,44.240794],[-68.274719,44.258675]]],[[[-68.304121,44.283765],[-68.301269,44.283255],[-68.293425,44.27866],[-68.291049,44.275938],[-68.293425,44.275768],[-68.295565,44.277469],[-68.299367,44.276618],[-68.302933,44.276959],[-68.304121,44.280873],[-68.304121,44.283765]]],[[[-68.342387,44.193686],[-68.337872,44.197264],[-68.334782,44.200161],[-68.334782,44.202035],[-68.336445,44.20425],[-68.336683,44.206635],[-68.333356,44.20868],[-68.325512,44.207487],[-68.321234,44.203739],[-68.320283,44.201013],[-68.316005,44.200672],[-68.314341,44.197605],[-68.317618,44.196448],[-68.321178,44.199032],[-68.324324,44.196242],[-68.327597,44.194115],[-68.331856,44.192666],[-68.336445,44.190277],[-68.339773,44.190277],[-68.343338,44.190618],[-68.342387,44.193686]]],[[[-68.34524,44.436364],[-68.341199,44.436364],[-68.337159,44.435685],[-68.334544,44.43263],[-68.335257,44.431781],[-68.338347,44.431102],[-68.33906,44.429914],[-68.341674,44.428556],[-68.343814,44.430933],[-68.345715,44.434157],[-68.34524,44.436364]]],[[[-68.354034,44.180221],[-68.348329,44.186357],[-68.343576,44.185164],[-68.338822,44.184653],[-68.33591,44.181746],[-68.334782,44.176812],[-68.339773,44.170334],[-68.344051,44.169141],[-68.347416,44.169459],[-68.348805,44.167436],[-68.350944,44.169482],[-68.353424,44.174694],[-68.354034,44.180221]]],[[[-68.365996,44.125519],[-68.363388,44.127483],[-68.361506,44.127416],[-68.361439,44.126173],[-68.364205,44.12421],[-68.365695,44.124274],[-68.365996,44.125519]]],[[[-68.372573,44.143222],[-68.37186,44.145268],[-68.369721,44.145439],[-68.369008,44.141857],[-68.368532,44.139128],[-68.37186,44.137934],[-68.372573,44.143222]]],[[[-68.375441,44.11628],[-68.371672,44.117636],[-68.368824,44.120732],[-68.365376,44.121233],[-68.363823,44.120075],[-68.361021,44.120918],[-68.358373,44.12509],[-68.353396,44.127592],[-68.350379,44.12843],[-68.346524,44.127056],[-68.346074,44.12502],[-68.347582,44.123333],[-68.346186,44.121744],[-68.341643,44.121042],[-68.338377,44.118257],[-68.342256,44.114775],[-68.342526,44.111387],[-68.337675,44.110231],[-68.331786,44.110878],[-68.33047,44.109232],[-68.337138,44.101472],[-68.342219,44.103081],[-68.341478,44.106523],[-68.345464,44.107844],[-68.348677,44.104649],[-68.357181,44.103983],[-68.35819,44.105876],[-68.360857,44.105834],[-68.364188,44.102066],[-68.365087,44.098285],[-68.366743,44.09739],[-68.368616,44.098303],[-68.368295,44.107114],[-68.369444,44.109832],[-68.374768,44.110819],[-68.376475,44.112748],[-68.375441,44.11628]]],[[[-68.375976,44.187399],[-68.371521,44.192637],[-68.369647,44.194239],[-68.364469,44.197534],[-68.360338,44.198816],[-68.354162,44.199491],[-68.349756,44.19539],[-68.354271,44.192322],[-68.358787,44.187721],[-68.362353,44.184312],[-68.36729,44.182393],[-68.370434,44.180221],[-68.375251,44.181658],[-68.37884,44.184473],[-68.375976,44.187399]]],[[[-68.38208,44.144074],[-68.377089,44.144757],[-68.377089,44.143563],[-68.380892,44.139128],[-68.382059,44.139518],[-68.383391,44.141759],[-68.38208,44.144074]]],[[[-68.394202,44.409713],[-68.38921,44.413278],[-68.385883,44.409883],[-68.384219,44.406317],[-68.387309,44.40411],[-68.390636,44.403261],[-68.393251,44.405808],[-68.394202,44.409713]]],[[[-68.407222,44.111122],[-68.404556,44.111418],[-68.401332,44.111318],[-68.402452,44.109242],[-68.403709,44.107735],[-68.406716,44.107668],[-68.408525,44.108492],[-68.407222,44.111122]]],[[[-68.435558,44.293463],[-68.431517,44.291081],[-68.430091,44.288189],[-68.432053,44.285902],[-68.433621,44.287511],[-68.434927,44.290186],[-68.436594,44.291948],[-68.435558,44.293463]]],[[[-68.45618,44.31183],[-68.454958,44.313281],[-68.450294,44.313704],[-68.448155,44.312004],[-68.449581,44.308942],[-68.447442,44.302139],[-68.447556,44.3004],[-68.448868,44.297546],[-68.45443,44.298336],[-68.455761,44.299757],[-68.453618,44.305643],[-68.455689,44.309233],[-68.45618,44.31183]]],[[[-68.456879,44.344288],[-68.453706,44.348489],[-68.451245,44.352467],[-68.450094,44.357323],[-68.446717,44.360113],[-68.441362,44.361645],[-68.4354,44.369718],[-68.43167,44.371775],[-68.425813,44.372008],[-68.422723,44.375236],[-68.420822,44.375236],[-68.421535,44.372008],[-68.422486,44.367761],[-68.41892,44.363683],[-68.418207,44.361134],[-68.414642,44.357225],[-68.418683,44.351787],[-68.420584,44.350087],[-68.424862,44.353316],[-68.427239,44.350597],[-68.427239,44.348388],[-68.4251,44.346858],[-68.426764,44.344138],[-68.428903,44.345328],[-68.430567,44.342949],[-68.429141,44.340229],[-68.428903,44.336829],[-68.428903,44.333599],[-68.42819,44.329008],[-68.430567,44.325948],[-68.431755,44.324248],[-68.436984,44.323737],[-68.438648,44.321697],[-68.440549,44.321187],[-68.445724,44.324921],[-68.443877,44.328838],[-68.442451,44.333769],[-68.442213,44.336659],[-68.444352,44.339549],[-68.44768,44.337849],[-68.450056,44.335809],[-68.452122,44.336171],[-68.454997,44.33912],[-68.456879,44.344288]]],[[[-68.461227,44.260109],[-68.455048,44.258918],[-68.453384,44.256194],[-68.458375,44.254151],[-68.459522,44.255929],[-68.461227,44.260109]]],[[[-68.469784,44.215154],[-68.467882,44.216176],[-68.465268,44.213109],[-68.46503,44.209873],[-68.469784,44.213109],[-68.469784,44.215154]]],[[[-68.470143,44.201647],[-68.465743,44.203739],[-68.464793,44.206976],[-68.458375,44.205443],[-68.453843,44.201683],[-68.454224,44.199534],[-68.459182,44.197681],[-68.468146,44.199553],[-68.470143,44.201647]]],[[[-68.477805,44.101971],[-68.472728,44.102956],[-68.469784,44.10142],[-68.470537,44.099618],[-68.473011,44.0982],[-68.477645,44.100439],[-68.477805,44.101971]]],[[[-68.482619,44.227758],[-68.479053,44.229632],[-68.475963,44.231165],[-68.473349,44.229802],[-68.470021,44.22878],[-68.467645,44.224693],[-68.468833,44.222478],[-68.470972,44.220775],[-68.473349,44.219412],[-68.479529,44.219753],[-68.482022,44.221021],[-68.483569,44.224522],[-68.482619,44.227758]]],[[[-68.4907,44.202717],[-68.488023,44.210157],[-68.486118,44.213428],[-68.48143,44.216857],[-68.476677,44.214983],[-68.4743,44.211917],[-68.47121,44.207317],[-68.472398,44.203057],[-68.4743,44.201865],[-68.47834,44.198116],[-68.485233,44.199479],[-68.490271,44.199911],[-68.4907,44.202717]]],[[[-68.493314,44.282574],[-68.4907,44.283255],[-68.482143,44.279341],[-68.475524,44.273579],[-68.469308,44.270492],[-68.467407,44.267598],[-68.468833,44.263514],[-68.474303,44.265717],[-68.480912,44.266464],[-68.486568,44.269097],[-68.491041,44.277368],[-68.493314,44.282574]]],[[[-68.503772,44.145609],[-68.49783,44.143051],[-68.50095,44.14156],[-68.503947,44.142876],[-68.503772,44.145609]]],[[[-68.501158,44.153966],[-68.501008,44.15982],[-68.496075,44.162116],[-68.49426,44.166631],[-68.487036,44.170734],[-68.484282,44.167777],[-68.483807,44.162151],[-68.477865,44.160787],[-68.475963,44.166243],[-68.475726,44.170334],[-68.480225,44.180795],[-68.475319,44.182149],[-68.470259,44.180903],[-68.461913,44.190843],[-68.451482,44.191641],[-68.447917,44.184653],[-68.446967,44.178005],[-68.445303,44.175619],[-68.448155,44.172891],[-68.441262,44.170334],[-68.437222,44.173062],[-68.435796,44.168118],[-68.427952,44.171698],[-68.421772,44.174937],[-68.420822,44.178176],[-68.4251,44.182267],[-68.422961,44.186528],[-68.425813,44.188743],[-68.424441,44.190753],[-68.422588,44.190252],[-68.418785,44.187231],[-68.413216,44.187721],[-68.412265,44.18363],[-68.409413,44.181414],[-68.408207,44.176298],[-68.403883,44.174619],[-68.402045,44.172039],[-68.394677,44.169652],[-68.394076,44.165797],[-68.388973,44.161128],[-68.383268,44.155842],[-68.384903,44.154955],[-68.392877,44.154181],[-68.394626,44.151689],[-68.393489,44.148679],[-68.394439,44.147144],[-68.392505,44.142106],[-68.393935,44.141032],[-68.398064,44.139799],[-68.403111,44.135089],[-68.405878,44.13397],[-68.410609,44.133948],[-68.414262,44.13077],[-68.418834,44.130611],[-68.423912,44.120362],[-68.427001,44.118827],[-68.438518,44.11618],[-68.448646,44.125581],[-68.448227,44.128934],[-68.447505,44.133493],[-68.451677,44.134766],[-68.455539,44.136922],[-68.4579,44.13964],[-68.4579,44.144245],[-68.453622,44.150044],[-68.455998,44.153113],[-68.458375,44.155159],[-68.457424,44.157206],[-68.455761,44.160275],[-68.459564,44.160616],[-68.464793,44.154477],[-68.471448,44.155501],[-68.475963,44.154648],[-68.476677,44.151237],[-68.480833,44.14637],[-68.484045,44.14595],[-68.484026,44.14263],[-68.487266,44.142949],[-68.488634,44.146813],[-68.49024,44.148955],[-68.492363,44.147315],[-68.497147,44.147015],[-68.50401,44.150726],[-68.501158,44.153966]]],[[[-68.518703,44.113222],[-68.516369,44.118144],[-68.512566,44.121215],[-68.511266,44.125082],[-68.506979,44.127237],[-68.502346,44.127016],[-68.498305,44.124628],[-68.496166,44.122068],[-68.49093,44.123439],[-68.490224,44.121215],[-68.492892,44.116921],[-68.490462,44.112001],[-68.491521,44.109833],[-68.495929,44.108247],[-68.501395,44.105857],[-68.500445,44.101932],[-68.501871,44.099884],[-68.503611,44.096567],[-68.506592,44.098466],[-68.508288,44.10159],[-68.512566,44.102785],[-68.517725,44.104678],[-68.518703,44.113222]]],[[[-68.530394,44.333583],[-68.528635,44.344605],[-68.520671,44.358357],[-68.52193,44.367591],[-68.518573,44.381022],[-68.512697,44.384799],[-68.50766,44.385219],[-68.501364,44.382281],[-68.498637,44.369686],[-68.491175,44.355866],[-68.485953,44.340568],[-68.488085,44.332409],[-68.484911,44.328025],[-68.478816,44.324928],[-68.479765,44.322037],[-68.478785,44.319563],[-68.483807,44.315235],[-68.491423,44.311783],[-68.495217,44.315966],[-68.500207,44.323227],[-68.506302,44.324521],[-68.515173,44.324797],[-68.518009,44.323289],[-68.525112,44.324],[-68.533481,44.329958],[-68.530394,44.333583]]],[[[-68.552972,44.227588],[-68.549882,44.22844],[-68.54394,44.227588],[-68.538473,44.225885],[-68.53063,44.226055],[-68.528284,44.225204],[-68.529679,44.222478],[-68.534959,44.223978],[-68.539164,44.221819],[-68.540673,44.220945],[-68.542633,44.221349],[-68.544891,44.220264],[-68.54798,44.221797],[-68.551308,44.224352],[-68.552972,44.227588]]],[[[-68.559259,44.04502],[-68.555043,44.049235],[-68.553922,44.046521],[-68.554359,44.043474],[-68.555957,44.03947],[-68.55919,44.040617],[-68.559259,44.04502]]],[[[-68.572461,44.216857],[-68.567946,44.217709],[-68.564856,44.216687],[-68.560815,44.214643],[-68.559627,44.213109],[-68.562954,44.212939],[-68.564618,44.211917],[-68.569847,44.214472],[-68.572461,44.216857]]],[[[-68.579116,44.097579],[-68.576502,44.10014],[-68.575736,44.101517],[-68.573102,44.101654],[-68.571273,44.099969],[-68.572657,44.09708],[-68.576502,44.09519],[-68.579116,44.097579]]],[[[-68.588582,44.146936],[-68.585944,44.148625],[-68.582452,44.149544],[-68.578663,44.148194],[-68.578879,44.146036],[-68.581731,44.143477],[-68.585058,44.142454],[-68.586009,44.143136],[-68.586009,44.145183],[-68.588148,44.145695],[-68.588582,44.146936]]],[[[-68.589337,44.231335],[-68.586009,44.231335],[-68.584108,44.232527],[-68.581493,44.232357],[-68.578166,44.230824],[-68.576027,44.229291],[-68.578166,44.226736],[-68.582919,44.226566],[-68.587198,44.226396],[-68.591714,44.229972],[-68.589337,44.231335]]],[[[-68.592189,44.06753],[-68.588148,44.072312],[-68.584101,44.071589],[-68.585534,44.067701],[-68.588257,44.063873],[-68.588036,44.061248],[-68.590554,44.058659],[-68.59314,44.063431],[-68.592189,44.06753]]],[[[-68.598553,44.14595],[-68.595279,44.146377],[-68.593377,44.145183],[-68.595041,44.142283],[-68.598844,44.144671],[-68.598553,44.14595]]],[[[-68.605499,44.178772],[-68.596705,44.177579],[-68.596824,44.175563],[-68.598634,44.174602],[-68.606925,44.176045],[-68.605499,44.178772]]],[[[-68.610253,44.143136],[-68.6074,44.142113],[-68.602409,44.142113],[-68.601934,44.140748],[-68.601458,44.138702],[-68.603835,44.136996],[-68.605499,44.135461],[-68.608589,44.137166],[-68.609064,44.140066],[-68.611441,44.141942],[-68.610253,44.143136]]],[[[-68.621186,44.15064],[-68.617383,44.156438],[-68.613342,44.157632],[-68.611743,44.155246],[-68.61199,44.149558],[-68.609562,44.148195],[-68.612154,44.146036],[-68.617621,44.145354],[-68.621423,44.14723],[-68.621186,44.15064]]],[[[-68.621661,44.142454],[-68.617621,44.142283],[-68.61667,44.138531],[-68.617145,44.136655],[-68.623563,44.140578],[-68.621661,44.142454]]],[[[-68.627365,44.125225],[-68.625226,44.125225],[-68.62071,44.126419],[-68.618809,44.130343],[-68.616908,44.130172],[-68.614531,44.129319],[-68.611916,44.128125],[-68.608113,44.128637],[-68.608542,44.126714],[-68.610888,44.124674],[-68.613079,44.124355],[-68.615006,44.120448],[-68.618979,44.11955],[-68.623099,44.119406],[-68.62689,44.121642],[-68.629742,44.123177],[-68.627365,44.125225]]],[[[-68.634496,44.137678],[-68.632119,44.137678],[-68.62689,44.13529],[-68.62689,44.133755],[-68.628792,44.133414],[-68.634496,44.136143],[-68.634496,44.137678]]],[[[-68.634971,44.151323],[-68.630931,44.152857],[-68.626652,44.151493],[-68.6238,44.147912],[-68.628792,44.147741],[-68.633783,44.145012],[-68.635447,44.148082],[-68.634971,44.151323]]],[[[-68.639962,44.128125],[-68.637823,44.12949],[-68.633783,44.130002],[-68.629742,44.128808],[-68.633307,44.125395],[-68.639826,44.123602],[-68.639962,44.128125]]],[[[-68.647568,44.133925],[-68.644716,44.135972],[-68.641151,44.135461],[-68.641151,44.133584],[-68.644003,44.132219],[-68.644478,44.131025],[-68.647093,44.130514],[-68.647568,44.133925]]],[[[-68.649707,44.148764],[-68.647806,44.152005],[-68.640676,44.152687],[-68.640676,44.151152],[-68.644003,44.148594],[-68.648044,44.147741],[-68.649707,44.148764]]],[[[-68.655412,44.145865],[-68.652084,44.146377],[-68.648519,44.145524],[-68.648994,44.142966],[-68.65256,44.14109],[-68.655649,44.14416],[-68.655412,44.145865]]],[[[-68.657888,44.128891],[-68.655412,44.12949],[-68.651371,44.129661],[-68.65042,44.128125],[-68.651609,44.126419],[-68.654873,44.127381],[-68.657635,44.127062],[-68.657888,44.128891]]],[[[-68.658794,44.110212],[-68.65417,44.11112],[-68.649082,44.110508],[-68.646396,44.108728],[-68.641231,44.10858],[-68.642401,44.10613],[-68.637511,44.104277],[-68.636685,44.102942],[-68.637174,44.099408],[-68.640604,44.099757],[-68.64433,44.100419],[-68.645283,44.101436],[-68.651267,44.101422],[-68.650963,44.103621],[-68.651384,44.10576],[-68.654455,44.105464],[-68.658794,44.107245],[-68.658794,44.110212]]],[[[-68.671099,44.075898],[-68.667092,44.079445],[-68.662906,44.077442],[-68.656829,44.078572],[-68.646414,44.079914],[-68.64276,44.079191],[-68.635209,44.081191],[-68.630025,44.083994],[-68.626652,44.090581],[-68.622212,44.095493],[-68.617858,44.097238],[-68.614957,44.094563],[-68.608589,44.094336],[-68.610728,44.089044],[-68.606212,44.087166],[-68.601325,44.08632],[-68.600508,44.072312],[-68.598844,44.06753],[-68.60027,44.063944],[-68.601856,44.049305],[-68.601101,44.045263],[-68.604741,44.038857],[-68.606925,44.031827],[-68.60998,44.027652],[-68.612154,44.019864],[-68.610308,44.01648],[-68.603553,44.015101],[-68.601696,44.012514],[-68.60649,44.011647],[-68.612845,44.0129],[-68.615896,44.009761],[-68.618809,44.011318],[-68.620235,44.014907],[-68.61976,44.016787],[-68.619997,44.019693],[-68.623563,44.019864],[-68.627841,44.021573],[-68.629505,44.020548],[-68.628326,44.017968],[-68.628554,44.016275],[-68.634355,44.017603],[-68.638471,44.016036],[-68.642312,44.016206],[-68.646847,44.01301],[-68.650942,44.007675],[-68.652881,44.003845],[-68.654699,44.002086],[-68.657031,44.003823],[-68.657443,44.009374],[-68.65706,44.013802],[-68.661044,44.017051],[-68.658873,44.023176],[-68.65579,44.027277],[-68.65557,44.032496],[-68.653647,44.037921],[-68.646618,44.043958],[-68.642339,44.047717],[-68.640913,44.050621],[-68.644716,44.053866],[-68.649945,44.050621],[-68.654936,44.044983],[-68.656362,44.048229],[-68.660825,44.047892],[-68.65538,44.054016],[-68.654867,44.05929],[-68.653035,44.061894],[-68.650658,44.065139],[-68.652797,44.069238],[-68.65964,44.069017],[-68.661713,44.070862],[-68.664908,44.073037],[-68.667278,44.072706],[-68.669698,44.072997],[-68.671099,44.075898]]],[[[-68.686253,44.288617],[-68.683408,44.287742],[-68.683408,44.285809],[-68.684611,44.285517],[-68.685997,44.285882],[-68.687347,44.287523],[-68.686253,44.288617]]],[[[-68.68697,44.275187],[-68.686982,44.276399],[-68.685669,44.277055],[-68.684429,44.275304],[-68.684502,44.272423],[-68.686326,44.272131],[-68.687736,44.273801],[-68.68697,44.275187]]],[[[-68.731618,44.22269],[-68.72372,44.227108],[-68.719199,44.22754],[-68.717274,44.229248],[-68.716722,44.230514],[-68.71123,44.231795],[-68.704173,44.234469],[-68.701284,44.233038],[-68.698432,44.233038],[-68.6955581556122,44.2352434683192],[-68.695104,44.235592],[-68.69788,44.236854],[-68.6982545939358,44.2386295825506],[-68.698907,44.241722],[-68.69731,44.247076],[-68.693896154815,44.2517491008494],[-68.691766,44.254665],[-68.684884,44.26045],[-68.678704,44.264705],[-68.677278,44.268279],[-68.677754,44.274236],[-68.677206,44.276097],[-68.679655,44.27781],[-68.675852,44.280702],[-68.670623,44.279852],[-68.666345,44.275938],[-68.662542,44.269981],[-68.6566,44.269641],[-68.654699,44.263003],[-68.648994,44.265726],[-68.642815,44.265556],[-68.638965,44.264105],[-68.637586,44.261471],[-68.634114,44.260734],[-68.630931,44.258067],[-68.629267,44.256534],[-68.624751,44.258747],[-68.622137,44.255513],[-68.618571,44.250406],[-68.618096,44.248703],[-68.609216,44.244495],[-68.605024,44.233889],[-68.604073,44.225204],[-68.602647,44.222989],[-68.591,44.221967],[-68.582444,44.219923],[-68.583632,44.214643],[-68.57674,44.209361],[-68.564856,44.205613],[-68.564618,44.196753],[-68.56343,44.194197],[-68.564143,44.191641],[-68.567946,44.188573],[-68.579445,44.185263],[-68.588148,44.18755],[-68.600983,44.191981],[-68.600745,44.194367],[-68.597655,44.194878],[-68.591,44.19573],[-68.588624,44.197775],[-68.589099,44.201865],[-68.596705,44.204932],[-68.595516,44.207317],[-68.602409,44.210384],[-68.605261,44.205102],[-68.610015,44.202546],[-68.620473,44.200161],[-68.6194290616962,44.1967597172663],[-68.617858,44.191641],[-68.61358,44.184312],[-68.614531,44.180903],[-68.619997,44.177494],[-68.627919,44.169689],[-68.635209,44.170505],[-68.64329,44.173403],[-68.645667,44.169993],[-68.64638,44.165902],[-68.638536,44.165561],[-68.638061,44.163003],[-68.641389,44.157888],[-68.651371,44.154818],[-68.661354,44.154136],[-68.668009,44.152261],[-68.667771,44.14902],[-68.666583,44.140834],[-68.666236,44.134953],[-68.675056,44.137131],[-68.681899,44.138212],[-68.685892,44.148502],[-68.687257,44.152289],[-68.697294,44.155421],[-68.698152,44.158097],[-68.701997,44.158399],[-68.704136,44.157376],[-68.709055,44.157423],[-68.70889,44.159252],[-68.705324,44.161298],[-68.704611,44.164197],[-68.707464,44.166243],[-68.7091778855013,44.1673697655382],[-68.710316,44.168118],[-68.713881,44.1688],[-68.716971,44.169311],[-68.718531,44.165634],[-68.720646,44.166805],[-68.721252,44.171016],[-68.720174,44.174443],[-68.718397,44.176642],[-68.719892,44.181189],[-68.717829,44.18709],[-68.712217,44.190277],[-68.712779,44.19322],[-68.712874,44.196531],[-68.713881,44.19965],[-68.724319,44.197722],[-68.731666,44.202246],[-68.725765,44.204591],[-68.719348,44.206635],[-68.71959,44.211009],[-68.71973,44.21125],[-68.718682,44.211875],[-68.717866,44.211829],[-68.717275,44.212222],[-68.717191,44.212797],[-68.717866,44.213593],[-68.719019,44.213649],[-68.719047,44.213313],[-68.718984,44.213064],[-68.72032,44.213135],[-68.721143,44.213226],[-68.721945,44.213752],[-68.72191,44.214309],[-68.722867,44.214758],[-68.724842,44.214864],[-68.72557,44.215032],[-68.725538,44.215418],[-68.724673,44.215509],[-68.724828,44.216441],[-68.725632,44.216889],[-68.72641,44.217182],[-68.726661,44.217639],[-68.726706,44.218674],[-68.727339,44.218966],[-68.72814,44.218891],[-68.730426,44.219027],[-68.73152,44.2195],[-68.732984,44.22102],[-68.731618,44.22269]]],[[[-68.743174,44.301546],[-68.741585,44.303241],[-68.742488,44.305484],[-68.741979,44.306337],[-68.739867,44.307712],[-68.738837,44.307582],[-68.733822,44.308616],[-68.732303,44.307988],[-68.728308,44.304686],[-68.716075,44.299815],[-68.711137,44.297317],[-68.709591,44.298626],[-68.707509,44.296841],[-68.705486,44.295711],[-68.704177,44.293986],[-68.704713,44.292796],[-68.700039,44.291134],[-68.694779,44.291606],[-68.692344,44.289565],[-68.692927,44.288471],[-68.691804,44.286133],[-68.689134,44.286502],[-68.686435,44.283948],[-68.687493,44.282125],[-68.690265,44.28176],[-68.690971,44.278638],[-68.689901,44.276259],[-68.696504,44.272511],[-68.699121,44.272689],[-68.699656,44.271381],[-68.7013727431511,44.2711234885273],[-68.702036,44.271024],[-68.705605,44.273225],[-68.711018,44.274117],[-68.713041,44.275961],[-68.7197,44.281002],[-68.724269,44.281573],[-68.727729,44.285358],[-68.727358,44.288471],[-68.727533,44.291236],[-68.728991,44.292194],[-68.733195,44.294417],[-68.735672,44.29511],[-68.736596,44.296332],[-68.737858,44.29688],[-68.73925,44.296514],[-68.742639,44.29686],[-68.742867,44.297454],[-68.741956,44.298589],[-68.742232,44.299275],[-68.743174,44.299479],[-68.743736,44.300574],[-68.743174,44.301546]]],[[[-68.749743,44.301127],[-68.749037,44.301311],[-68.747543,44.300666],[-68.747267,44.299674],[-68.747707,44.29907],[-68.748484,44.298968],[-68.749651,44.300165],[-68.749743,44.301127]]],[[[-68.751159,43.88539],[-68.74902,43.886094],[-68.747106,43.885417],[-68.743691,43.885634],[-68.742227,43.887392],[-68.740126,43.888393],[-68.735547,43.889529],[-68.733746,43.890908],[-68.734384,43.892612],[-68.733296,43.893585],[-68.731733,43.893489],[-68.731344,43.890259],[-68.733145,43.888176],[-68.735772,43.887689],[-68.737874,43.887257],[-68.740726,43.88604],[-68.741252,43.884173],[-68.741836,43.88301],[-68.744104,43.88255],[-68.746956,43.883199],[-68.748044,43.884011],[-68.74932,43.883903],[-68.750596,43.882848],[-68.751497,43.884119],[-68.751159,43.88539]]],[[[-68.757456,44.270597],[-68.752938,44.269222],[-68.749032,44.268375],[-68.74579,44.266862],[-68.741613,44.267533],[-68.739313,44.26896],[-68.737173,44.266407],[-68.735034,44.265726],[-68.735985,44.263684],[-68.731707,44.263514],[-68.730518,44.262663],[-68.734321,44.259939],[-68.740272,44.262435],[-68.744821,44.261701],[-68.747653,44.261653],[-68.749472,44.262945],[-68.753963,44.262592],[-68.754089,44.263781],[-68.752401,44.264946],[-68.75415,44.266342],[-68.75574,44.267897],[-68.757648,44.26879],[-68.757456,44.270597]]],[[[-68.764744,44.245639],[-68.762407,44.248026],[-68.759991,44.247682],[-68.75735,44.246469],[-68.753024,44.246192],[-68.750067,44.244727],[-68.749771,44.242914],[-68.753159,44.241882],[-68.757404,44.240902],[-68.760704,44.239849],[-68.761999,44.241508],[-68.764671,44.241464],[-68.764744,44.245639]]],[[[-68.787324,44.211406],[-68.783899,44.211925],[-68.781895,44.214691],[-68.778873,44.216497],[-68.77442,44.2194],[-68.772501,44.218103],[-68.768366,44.218438],[-68.767616,44.217271],[-68.769099,44.213978],[-68.777512,44.207235],[-68.776391,44.203228],[-68.779956,44.201013],[-68.783364,44.201245],[-68.783283,44.202546],[-68.781144,44.203909],[-68.782472,44.207262],[-68.78517,44.20932],[-68.787324,44.211406]]],[[[-68.789938,44.139981],[-68.787562,44.142539],[-68.786374,44.144117],[-68.783333,44.145347],[-68.781144,44.144927],[-68.780405,44.14307],[-68.782808,44.140834],[-68.7861,44.140092],[-68.789089,44.137604],[-68.792221,44.136835],[-68.789938,44.139981]]],[[[-68.798094,44.285336],[-68.793741,44.286998],[-68.789881,44.285243],[-68.786984,44.285265],[-68.785185,44.284106],[-68.791187,44.282179],[-68.792525,44.280944],[-68.79523,44.280487],[-68.793956,44.282728],[-68.795217,44.284717],[-68.798094,44.285336]]],[[[-68.799446,44.235933],[-68.792125,44.236647],[-68.787959,44.234817],[-68.78389,44.231431],[-68.784114,44.228321],[-68.781189,44.226262],[-68.785528,44.224827],[-68.788715,44.226012],[-68.793656,44.225876],[-68.797059,44.223819],[-68.797631,44.225762],[-68.796422,44.228209],[-68.799824,44.231343],[-68.799446,44.235933]]],[[[-68.803486,44.141516],[-68.800872,44.144074],[-68.796831,44.145268],[-68.794454,44.146633],[-68.791364,44.146974],[-68.793028,44.144757],[-68.794454,44.142539],[-68.799446,44.140322],[-68.801347,44.140151],[-68.802535,44.137422],[-68.803486,44.141516]]],[[[-68.810854,44.295164],[-68.80824,44.294144],[-68.804396,44.293546],[-68.802773,44.291422],[-68.800396,44.288699],[-68.806079,44.290906],[-68.809459,44.292311],[-68.813469,44.294654],[-68.810854,44.295164]]],[[[-68.82559,44.292442],[-68.822831,44.293111],[-68.817509,44.293293],[-68.819173,44.290401],[-68.821907,44.290139],[-68.824402,44.290061],[-68.82559,44.292442]]],[[[-68.826541,44.136399],[-68.823927,44.13964],[-68.819411,44.141004],[-68.814182,44.140663],[-68.810379,44.143222],[-68.807764,44.144074],[-68.805625,44.14288],[-68.807289,44.140493],[-68.8059,44.13852],[-68.808002,44.137252],[-68.811045,44.13843],[-68.813362,44.137164],[-68.816159,44.136638],[-68.817515,44.137005],[-68.819007,44.134353],[-68.821312,44.134011],[-68.82464,44.135375],[-68.826541,44.136399]]],[[[-68.826541,43.847674],[-68.82327,43.851868],[-68.820371,43.855663],[-68.815845,43.861557],[-68.811157,43.860213],[-68.809666,43.856929],[-68.812974,43.855633],[-68.816254,43.85499],[-68.818424,43.851383],[-68.821215,43.849668],[-68.824086,43.846737],[-68.826541,43.847674]]],[[[-68.829411,44.260981],[-68.827492,44.262492],[-68.824384,44.262171],[-68.82155,44.260109],[-68.818274,44.259336],[-68.816321,44.258407],[-68.817955,44.257323],[-68.821519,44.256957],[-68.823903,44.257134],[-68.828476,44.259865],[-68.829411,44.260981]]],[[[-68.830365,44.216841],[-68.826022,44.220185],[-68.825837,44.223085],[-68.824877,44.226055],[-68.822502,44.222544],[-68.822263,44.21822],[-68.826777,44.216917],[-68.830365,44.216841]]],[[[-68.831439,44.233743],[-68.827492,44.235763],[-68.827624,44.240352],[-68.823419,44.242333],[-68.818222,44.243255],[-68.81842,44.240402],[-68.815608,44.237806],[-68.819957,44.235436],[-68.819081,44.231003],[-68.818698,44.226396],[-68.821312,44.228951],[-68.824402,44.22878],[-68.82813,44.229101],[-68.831056,44.231136],[-68.831439,44.233743]]],[[[-68.851285,44.233097],[-68.851636,44.235933],[-68.850683,44.236711],[-68.849187,44.236131],[-68.849274,44.233662],[-68.84688,44.231119],[-68.84817,44.229291],[-68.852331,44.228661],[-68.851285,44.233097]]],[[[-68.863044,44.259004],[-68.860213,44.260926],[-68.858866,44.26062],[-68.859816,44.257726],[-68.860054,44.255854],[-68.862086,44.255209],[-68.863051,44.257775],[-68.863044,44.259004]]],[[[-68.893134,44.036591],[-68.892387,44.039188],[-68.889051,44.03943],[-68.886912,44.035159],[-68.884535,44.032937],[-68.884309,44.030778],[-68.890254,44.032591],[-68.889051,44.030374],[-68.891428,44.029862],[-68.893804,44.033108],[-68.893134,44.036591]]],[[[-68.899108,43.821925],[-68.894755,43.826244],[-68.89368,43.833047],[-68.891091,43.835522],[-68.886885,43.835826],[-68.884313,43.838296],[-68.877642,43.838417],[-68.876224,43.836597],[-68.878141,43.833968],[-68.883616,43.832245],[-68.886725,43.822195],[-68.891428,43.820242],[-68.898319,43.820987],[-68.899108,43.821925]]],[[[-68.905926,43.853844],[-68.901589,43.857877],[-68.901292,43.8611],[-68.902008,43.862857],[-68.900697,43.865841],[-68.902377,43.869169],[-68.896181,43.873037],[-68.890073,43.875496],[-68.887026,43.874053],[-68.881683,43.868582],[-68.879198,43.862907],[-68.878831,43.8583],[-68.88192,43.859843],[-68.883559,43.856519],[-68.886436,43.85453],[-68.889526,43.855558],[-68.892176,43.854222],[-68.891428,43.850931],[-68.895903,43.85103],[-68.896181,43.848531],[-68.900459,43.848702],[-68.903074,43.848188],[-68.907704,43.849347],[-68.905926,43.853844]]],[[[-68.908303,44.061296],[-68.904935,44.062248],[-68.901176,44.06422],[-68.901828,44.066184],[-68.899271,44.066932],[-68.89428,44.064883],[-68.892378,44.06215],[-68.894755,44.060613],[-68.896657,44.059076],[-68.895468,44.054635],[-68.895231,44.049339],[-68.899543,44.056107],[-68.903826,44.059114],[-68.906651,44.056838],[-68.908541,44.058051],[-68.908303,44.061296]]],[[[-68.911847,44.096399],[-68.908778,44.099542],[-68.910917,44.104663],[-68.908984,44.110001],[-68.909016,44.112172],[-68.899033,44.123433],[-68.887387,44.125481],[-68.872413,44.122751],[-68.863619,44.119338],[-68.861242,44.111489],[-68.863857,44.106369],[-68.869086,44.101761],[-68.865996,44.100737],[-68.860054,44.103127],[-68.856489,44.105175],[-68.853399,44.1091],[-68.852924,44.111318],[-68.847219,44.114219],[-68.847219,44.117291],[-68.846982,44.120533],[-68.851735,44.121898],[-68.853874,44.124286],[-68.851735,44.126163],[-68.845318,44.127869],[-68.844367,44.131111],[-68.8441363901467,44.1311523778302],[-68.839613,44.131964],[-68.83795,44.127528],[-68.838425,44.123263],[-68.840326,44.119338],[-68.837237,44.116608],[-68.83429,44.117858],[-68.829869,44.118144],[-68.826779,44.121045],[-68.822976,44.122922],[-68.81953,44.122056],[-68.814419,44.118656],[-68.814222,44.116116],[-68.806101,44.116779],[-68.803486,44.113025],[-68.806338,44.110294],[-68.806814,44.106369],[-68.801283,44.10199],[-68.79493,44.10159],[-68.7910087244978,44.0983420001029],[-68.7892690205011,44.096901],[-68.78539,44.093688],[-68.785898,44.089471],[-68.772112,44.078886],[-68.775915,44.074105],[-68.779718,44.068469],[-68.774489,44.064371],[-68.777904,44.061784],[-68.784479,44.053999],[-68.790262,44.054079],[-68.793844,44.049962],[-68.79493,44.046094],[-68.798232,44.043042],[-68.804437,44.045239],[-68.807289,44.043531],[-68.807053,44.040819],[-68.804437,44.037893],[-68.806576,44.03533],[-68.811548,44.03442],[-68.814657,44.032425],[-68.818667,44.03181],[-68.828417,44.031566],[-68.832245,44.032937],[-68.837712,44.036013],[-68.8392514456895,44.0382259531786],[-68.84104,44.040797],[-68.844129,44.040456],[-68.846217,44.038736],[-68.84998,44.035636],[-68.849121,44.032083],[-68.849897,44.028286],[-68.854855,44.027042],[-68.859341,44.02952],[-68.862431,44.029349],[-68.858628,44.024564],[-68.862845,44.025037],[-68.870036,44.031741],[-68.87379,44.03945],[-68.873126,44.044385],[-68.870512,44.050877],[-68.873665,44.053057],[-68.877167,44.057368],[-68.88097,44.059418],[-68.881207,44.060955],[-68.879781,44.064029],[-68.882396,44.066078],[-68.881445,44.070689],[-68.879781,44.075129],[-68.884535,44.078544],[-68.887149,44.079056],[-68.890239,44.083666],[-68.892141,44.087764],[-68.895468,44.08691],[-68.894993,44.072909],[-68.895706,44.068299],[-68.898796,44.071031],[-68.9005,44.075016],[-68.906906,44.078523],[-68.906639,44.084349],[-68.905451,44.089812],[-68.906877,44.094251],[-68.911027,44.094118],[-68.911847,44.096399]]],[[[-68.916146,44.04746],[-68.913891,44.04992],[-68.913532,44.053781],[-68.910442,44.053098],[-68.906639,44.04746],[-68.906334,44.044866],[-68.910013,44.043381],[-68.912106,44.041481],[-68.912859,44.043203],[-68.918048,44.045752],[-68.916146,44.04746]]],[[[-68.942291,44.284361],[-68.940627,44.289295],[-68.93785,44.291975],[-68.935471,44.290906],[-68.933239,44.292991],[-68.93121,44.293438],[-68.930122,44.298173],[-68.928197,44.303227],[-68.919301,44.309872],[-68.916161,44.312075],[-68.911393,44.313279],[-68.913532,44.317531],[-68.904025,44.322122],[-68.902599,44.324503],[-68.904975,44.327053],[-68.909254,44.329773],[-68.91377,44.328413],[-68.913532,44.325013],[-68.918048,44.324503],[-68.918944,44.330428],[-68.919474,44.337594],[-68.916394,44.337795],[-68.915671,44.339974],[-68.912581,44.339804],[-68.911005,44.343778],[-68.908837,44.345361],[-68.908833,44.351366],[-68.911913,44.353443],[-68.911879,44.358269],[-68.911634,44.365027],[-68.906369,44.373854],[-68.904611,44.372978],[-68.901762,44.374711],[-68.90353,44.378613],[-68.898457,44.380258],[-68.893091,44.379058],[-68.885486,44.377869],[-68.882158,44.379568],[-68.88192,44.386363],[-68.882871,44.391968],[-68.880085,44.39309],[-68.878593,44.388061],[-68.875404,44.383677],[-68.868444,44.38144],[-68.86457,44.374811],[-68.864892,44.369838],[-68.864818,44.366902],[-68.86044,44.364907],[-68.862668,44.362578],[-68.865454,44.358584],[-68.864103,44.354877],[-68.867449,44.35074],[-68.872406,44.343966],[-68.883585,44.338072],[-68.890682,44.336396],[-68.892841,44.33202],[-68.891903,44.329263],[-68.890952,44.326713],[-68.892903,44.326621],[-68.894969,44.327946],[-68.897288,44.326634],[-68.896657,44.322972],[-68.895194,44.320802],[-68.893788,44.317583],[-68.899984,44.31566],[-68.899746,44.311919],[-68.89737,44.308347],[-68.893804,44.305966],[-68.889289,44.305626],[-68.886436,44.304435],[-68.891135,44.297351],[-68.894709,44.296345],[-68.896534,44.29365],[-68.894757,44.291692],[-68.896153,44.289509],[-68.899683,44.286046],[-68.898251,44.283728],[-68.903074,44.279937],[-68.905473,44.268414],[-68.907653,44.264215],[-68.906159,44.261221],[-68.906419,44.258902],[-68.913704,44.251836],[-68.912106,44.249469],[-68.912581,44.244532],[-68.918761,44.239253],[-68.9239,44.237277],[-68.92648,44.233035],[-68.930244,44.230956],[-68.932071,44.233123],[-68.931478,44.236689],[-68.926367,44.244872],[-68.924703,44.250831],[-68.924227,44.258833],[-68.927317,44.265131],[-68.922088,44.266833],[-68.921613,44.272279],[-68.925654,44.276193],[-68.924465,44.28351],[-68.928268,44.28385],[-68.927317,44.289975],[-68.931358,44.286062],[-68.935161,44.281808],[-68.939914,44.279596],[-68.943394,44.280726],[-68.942291,44.284361]]],[[[-68.944269,44.112697],[-68.94134,44.11712],[-68.936087,44.120746],[-68.931833,44.124116],[-68.933717,44.127367],[-68.934918,44.129153],[-68.932784,44.133328],[-68.926477,44.135254],[-68.924337,44.136923],[-68.923282,44.141162],[-68.918048,44.14595],[-68.915909,44.14902],[-68.913163,44.147757],[-68.909735,44.149863],[-68.90994,44.151119],[-68.906661,44.153786],[-68.902697,44.153054],[-68.891204,44.159251],[-68.8906677804649,44.1594215358027],[-68.8901218147421,44.1595951712202],[-68.886912,44.160616],[-68.878778,44.165779],[-68.872024,44.170562],[-68.865955,44.172103],[-68.864029,44.175207],[-68.855788,44.17865],[-68.850504,44.181524],[-68.846121,44.184431],[-68.843001,44.18462],[-68.840743,44.182627],[-68.83499,44.182942],[-68.832416,44.185233],[-68.824712,44.186133],[-68.821813,44.182563],[-68.818998,44.180574],[-68.819204,44.17966],[-68.824512,44.178417],[-68.826303,44.176471],[-68.824039,44.175279],[-68.822551,44.174317],[-68.82174,44.170958],[-68.819173,44.171187],[-68.819411,44.166584],[-68.819096,44.163022],[-68.817042,44.160389],[-68.81398,44.160115],[-68.811092,44.16198],[-68.80824,44.161298],[-68.807065,44.157816],[-68.810379,44.156524],[-68.815132,44.154818],[-68.814182,44.152943],[-68.812756,44.150044],[-68.808002,44.151237],[-68.804912,44.152602],[-68.804704,44.153876],[-68.80206,44.150555],[-68.804675,44.147997],[-68.812085,44.146034],[-68.815608,44.146803],[-68.820124,44.143904],[-68.826779,44.143563],[-68.828443,44.144927],[-68.82464,44.148509],[-68.826066,44.150896],[-68.829631,44.150726],[-68.83177,44.149532],[-68.834147,44.147144],[-68.841753,44.147656],[-68.845555,44.146633],[-68.844129,44.144074],[-68.842941,44.142539],[-68.846744,44.140493],[-68.850071,44.13981],[-68.850547,44.137763],[-68.853874,44.137934],[-68.855776,44.140151],[-68.85839,44.141516],[-68.862193,44.139981],[-68.861955,44.136399],[-68.858866,44.131281],[-68.857202,44.127528],[-68.858152,44.126163],[-68.863381,44.127016],[-68.865996,44.126504],[-68.868848,44.127016],[-68.875028,44.127016],[-68.878118,44.12821],[-68.880732,44.129063],[-68.88406,44.129405],[-68.890002,44.128381],[-68.896181,44.126675],[-68.903549,44.127357],[-68.898558,44.129575],[-68.892378,44.132305],[-68.889526,44.134864],[-68.885961,44.137763],[-68.88097,44.138787],[-68.876929,44.140151],[-68.875265,44.142369],[-68.876454,44.145098],[-68.881207,44.145439],[-68.8881,44.144927],[-68.893091,44.141687],[-68.893091,44.139299],[-68.900222,44.136911],[-68.90759,44.13094],[-68.909729,44.131793],[-68.913294,44.131964],[-68.91472,44.129405],[-68.91781,44.127528],[-68.922326,44.127869],[-68.926604,44.12531],[-68.932071,44.118656],[-68.934448,44.114219],[-68.935161,44.111148],[-68.935874,44.109271],[-68.940152,44.110294],[-68.942529,44.109271],[-68.944269,44.112697]]],[[[-68.951942,44.219623],[-68.949547,44.22262],[-68.947223,44.227118],[-68.942529,44.233634],[-68.938488,44.238402],[-68.94039,44.244872],[-68.936111,44.246235],[-68.931833,44.248618],[-68.932546,44.243681],[-68.932546,44.241637],[-68.935636,44.237721],[-68.937775,44.233974],[-68.939677,44.226481],[-68.943955,44.22069],[-68.948249,44.219856],[-68.950848,44.217113],[-68.951942,44.219623]]],[[[-68.964699,44.194644],[-68.964395,44.200757],[-68.96083,44.201609],[-68.958216,44.202632],[-68.95679,44.207573],[-68.953462,44.208254],[-68.952374,44.205677],[-68.954413,44.203483],[-68.958941,44.198095],[-68.957865,44.196505],[-68.960107,44.194242],[-68.958687,44.192094],[-68.961543,44.18951],[-68.965108,44.191896],[-68.964699,44.194644]]],[[[-68.965584,44.255428],[-68.965514,44.258666],[-68.962732,44.261386],[-68.96083,44.259684],[-68.959404,44.257981],[-68.956314,44.261556],[-68.956268,44.266302],[-68.9537,44.272789],[-68.949253,44.273763],[-68.948096,44.277676],[-68.947261,44.27806],[-68.943242,44.275342],[-68.940152,44.276703],[-68.936349,44.275682],[-68.933259,44.272789],[-68.933497,44.269556],[-68.937538,44.267684],[-68.937775,44.265811],[-68.942766,44.26445],[-68.945143,44.261726],[-68.941816,44.259343],[-68.937062,44.259513],[-68.936349,44.25662],[-68.9373,44.255088],[-68.940865,44.255598],[-68.941816,44.252874],[-68.945856,44.248278],[-68.949659,44.249299],[-68.952036,44.248448],[-68.952987,44.246064],[-68.955285,44.243618],[-68.957744,44.246729],[-68.966841,44.250892],[-68.965584,44.255428]]],[[[-68.983542,44.175111],[-68.981271,44.176897],[-68.979607,44.175534],[-68.980082,44.172636],[-68.982433,44.171429],[-68.984096,44.172095],[-68.983542,44.175111]]],[[[-69.014546,43.908665],[-69.011218,43.90798],[-69.007802,43.907278],[-69.005195,43.904064],[-69.004801,43.901301],[-69.008366,43.900445],[-69.011218,43.89976],[-69.012882,43.900959],[-69.012882,43.904726],[-69.014546,43.908665]]],[[[-69.037601,43.916199],[-69.031659,43.916884],[-69.029757,43.915343],[-69.032372,43.912946],[-69.035462,43.911405],[-69.037601,43.913459],[-69.037601,43.916199]]],[[[-69.046157,44.076239],[-69.04378,44.082044],[-69.038094,44.085838],[-69.034749,44.081703],[-69.032036,44.07934],[-69.036175,44.074361],[-69.041166,44.073678],[-69.045682,44.073336],[-69.046157,44.076239]]],[[[-69.051148,44.067018],[-69.04996,44.068896],[-69.04687,44.068896],[-69.04283,44.068213],[-69.044883,44.067501],[-69.047108,44.065993],[-69.046456,44.064457],[-69.046157,44.061894],[-69.048059,44.060357],[-69.051588,44.063007],[-69.051148,44.067018]]],[[[-69.059943,44.001573],[-69.059467,44.004309],[-69.059467,44.007215],[-69.054476,44.00807],[-69.049044,44.011127],[-69.045919,44.009608],[-69.042592,44.007044],[-69.045231,44.00385],[-69.046708,44.002297],[-69.050078,43.999599],[-69.052118,43.996402],[-69.054714,43.992853],[-69.057566,43.994563],[-69.05923,43.996615],[-69.062082,44.000034],[-69.059943,44.001573]]],[[[-69.07254,44.012172],[-69.062649,44.014931],[-69.058852,44.01486],[-69.05614,44.012172],[-69.061131,44.00995],[-69.064934,44.00807],[-69.068499,44.005676],[-69.071589,44.004821],[-69.073015,44.00807],[-69.07254,44.012172]]],[[[-69.073253,44.040883],[-69.071351,44.042933],[-69.066835,44.040541],[-69.068974,44.03832],[-69.072285,44.036616],[-69.075392,44.039003],[-69.073253,44.040883]]],[[[-69.083126,43.981522],[-69.077531,43.984132],[-69.072798,43.98121],[-69.07254,43.978659],[-69.078482,43.973015],[-69.083126,43.981522]]],[[[-69.09607,43.983961],[-69.089415,43.986697],[-69.080858,43.98892],[-69.075867,43.991143],[-69.071114,43.99405],[-69.066598,43.996957],[-69.065409,43.994392],[-69.067129,43.990533],[-69.069635,43.985912],[-69.074441,43.985671],[-69.078006,43.986184],[-69.084424,43.984303],[-69.088464,43.981395],[-69.093118,43.97915],[-69.096302,43.979293],[-69.09607,43.983961]]],[[[-69.13247,43.871263],[-69.129583,43.876807],[-69.130758,43.879413],[-69.128104,43.88755],[-69.128553,43.889941],[-69.127919,43.894965],[-69.124769,43.897364],[-69.118938,43.898262],[-69.1191,43.8953],[-69.120781,43.890319],[-69.120473,43.887978],[-69.121502,43.883488],[-69.122452,43.880576],[-69.125304,43.877835],[-69.125542,43.873551],[-69.122665,43.872381],[-69.1212155747248,43.871891459013],[-69.120551,43.871667],[-69.1210244746699,43.8707891938962],[-69.122215,43.868582],[-69.127577,43.870152],[-69.13038,43.868447],[-69.13247,43.871263]]],[[[-69.225843,43.918767],[-69.225604,43.92],[-69.224179,43.923561],[-69.222516,43.925444],[-69.217762,43.925615],[-69.215848,43.924339],[-69.212939,43.921404],[-69.213324,43.919837],[-69.215136,43.918821],[-69.217518,43.91643],[-69.220195,43.914937],[-69.22513,43.915343],[-69.227507,43.916199],[-69.225843,43.918767]]],[[[-69.296553,43.871324],[-69.297028,43.873209],[-69.295602,43.87595],[-69.292741,43.875233],[-69.291418,43.871578],[-69.287521,43.873037],[-69.28348,43.873723],[-69.282767,43.86961],[-69.282501,43.864579],[-69.285599,43.863345],[-69.288949,43.863986],[-69.291848,43.863264],[-69.295364,43.862585],[-69.298216,43.864984],[-69.296553,43.871324]]],[[[-69.300333,43.937055],[-69.29679,43.940506],[-69.292988,43.942389],[-69.292037,43.935543],[-69.285857,43.931435],[-69.288947,43.931093],[-69.292988,43.933318],[-69.296077,43.932804],[-69.299336,43.932915],[-69.300726,43.934866],[-69.300333,43.937055]]],[[[-69.314666,43.917285],[-69.311758,43.919107],[-69.307401,43.91811],[-69.30621,43.91525],[-69.307428,43.910876],[-69.307237,43.908693],[-69.309863,43.906268],[-69.312267,43.908481],[-69.31552,43.913613],[-69.314666,43.917285]]],[[[-69.322935,43.901644],[-69.317706,43.90387],[-69.314101,43.902272],[-69.310814,43.897705],[-69.308674,43.895136],[-69.307961,43.891025],[-69.310338,43.889997],[-69.313666,43.891196],[-69.314141,43.895307],[-69.317231,43.896848],[-69.319132,43.896677],[-69.321622,43.898857],[-69.322935,43.901644]]],[[[-69.323508,43.860573],[-69.319132,43.866869],[-69.317231,43.875607],[-69.318565,43.879711],[-69.315245,43.882835],[-69.312181,43.881619],[-69.310338,43.878349],[-69.305882,43.877418],[-69.308262,43.866571],[-69.310829,43.859486],[-69.315963,43.856916],[-69.321031,43.856708],[-69.323508,43.860573]]],[[[-69.323569,43.758994],[-69.321141,43.765763],[-69.3183946833514,43.7683224500964],[-69.3163854893788,43.7701949332673],[-69.313631,43.772762],[-69.307908,43.773767],[-69.306751,43.775095],[-69.302995,43.774591],[-69.300376,43.772144],[-69.300818,43.768599],[-69.314325,43.756707],[-69.322559,43.755883],[-69.323569,43.758994]]],[[[-69.351694,43.927155],[-69.343138,43.934858],[-69.340576,43.933846],[-69.343552,43.925518],[-69.346465,43.922533],[-69.351875,43.922543],[-69.351694,43.927155]]],[[[-69.384717,43.909183],[-69.381779,43.910651],[-69.379561,43.913873],[-69.37166,43.914487],[-69.370905,43.912745],[-69.374036,43.907295],[-69.379124,43.902093],[-69.383544,43.89565],[-69.384289,43.89811],[-69.383068,43.90113],[-69.383781,43.905069],[-69.384717,43.909183]]],[[[-69.395655,43.960565],[-69.394828,43.964867],[-69.392813,43.96583],[-69.387346,43.967199],[-69.387346,43.965146],[-69.389904,43.960369],[-69.391473,43.957662],[-69.393288,43.95642],[-69.396854,43.95796],[-69.395655,43.960565]]],[[[-69.42799,43.922191],[-69.426801,43.924416],[-69.422048,43.923047],[-69.423046,43.919793],[-69.422558,43.917004],[-69.424489,43.914399],[-69.427277,43.912261],[-69.42894,43.916541],[-69.42799,43.922191]]],[[[-69.441894,43.916331],[-69.438258,43.931099],[-69.439398,43.939137],[-69.437021,43.942046],[-69.433932,43.946325],[-69.435595,43.949063],[-69.432981,43.952143],[-69.430455,43.951094],[-69.429178,43.944614],[-69.422998,43.941875],[-69.421072,43.938261],[-69.420146,43.935885],[-69.424151,43.934114],[-69.42565,43.930357],[-69.42792,43.928798],[-69.431555,43.920308],[-69.433694,43.916712],[-69.438066,43.909539],[-69.442519,43.909055],[-69.441894,43.916331]]],[[[-69.588899,43.77478],[-69.586238,43.779873],[-69.582924,43.779096],[-69.581531,43.771862],[-69.582282,43.7719453634304],[-69.584621,43.772205],[-69.588186,43.770489],[-69.588899,43.77478]]],[[[-69.602209,43.794684],[-69.601258,43.798802],[-69.599602,43.803263],[-69.597111,43.803611],[-69.59389,43.80412],[-69.595652,43.801341],[-69.596913,43.796963],[-69.598848,43.79391],[-69.599594,43.790738],[-69.603025,43.790295],[-69.602209,43.794684]]],[[[-69.618846,43.757444],[-69.61647,43.761907],[-69.61338,43.769288],[-69.612904,43.774608],[-69.610765,43.778899],[-69.605299,43.780271],[-69.60411,43.778212],[-69.606249,43.775638],[-69.609577,43.771176],[-69.609795,43.764751],[-69.609339,43.762079],[-69.61198,43.758901],[-69.611608,43.754473],[-69.613956,43.751084],[-69.6150297951782,43.751671735467],[-69.61742,43.75298],[-69.6174630795566,43.7531148577425],[-69.618846,43.757444]]],[[[-69.635667,43.805437],[-69.633058,43.807505],[-69.633214,43.80829],[-69.635088,43.808356],[-69.635511,43.809251],[-69.63418,43.810577],[-69.632925,43.811073],[-69.633001,43.81258],[-69.630198,43.8141],[-69.628789,43.81372],[-69.628305,43.81121],[-69.626497,43.808098],[-69.626732,43.805159],[-69.634127,43.803491],[-69.635667,43.805437]]],[[[-69.760309,43.710438],[-69.75904,43.713053],[-69.754324,43.710044],[-69.754086,43.707123],[-69.757176,43.703343],[-69.760028,43.705577],[-69.760309,43.710438]]],[[[-69.941532,43.730068],[-69.937337,43.730829],[-69.934291,43.726666],[-69.931158,43.72413],[-69.935198,43.723443],[-69.939009,43.723825],[-69.941595,43.726844],[-69.941532,43.730068]]],[[[-69.994143,43.837388],[-69.99034,43.842531],[-69.986537,43.84356],[-69.985824,43.841503],[-69.988914,43.837045],[-69.987725,43.834988],[-69.99034,43.831902],[-69.99343,43.831902],[-69.99747,43.832931],[-69.994143,43.837388]]],[[[-70.017911,43.816983],[-70.015059,43.820413],[-70.014346,43.823157],[-70.009592,43.825215],[-70.005314,43.827444],[-69.999847,43.829502],[-70.000085,43.825729],[-69.998421,43.824186],[-69.996757,43.8247],[-69.996995,43.8223],[-70.004125,43.814925],[-70.009354,43.811324],[-70.013157,43.810295],[-70.014821,43.811152],[-70.014108,43.814239],[-70.018861,43.814582],[-70.017911,43.816983]]],[[[-70.037638,43.714854],[-70.035261,43.71829],[-70.032171,43.7231],[-70.028844,43.726363],[-70.025516,43.726192],[-70.021001,43.724646],[-70.02314,43.722584],[-70.027418,43.717775],[-70.031221,43.714683],[-70.0328224035977,43.7140213902588],[-70.036212,43.712621],[-70.0368358115972,43.7135978382164],[-70.037638,43.714854]]],[[[-70.048809,43.792969],[-70.046165,43.79636],[-70.036925,43.801375],[-70.035737,43.80412],[-70.033835,43.809265],[-70.029808,43.811123],[-70.027016,43.809128],[-70.028606,43.803777],[-70.03223,43.800461],[-70.035499,43.795028],[-70.041203,43.790567],[-70.039064,43.785076],[-70.042392,43.782502],[-70.046562,43.781998],[-70.048561,43.790375],[-70.048809,43.792969]]],[[[-70.049047,43.722756],[-70.042867,43.728253],[-70.040015,43.728768],[-70.040253,43.726707],[-70.044055,43.723272],[-70.04667,43.72018],[-70.049047,43.722756]]],[[[-70.061236,43.746285],[-70.051186,43.756757],[-70.049997,43.761049],[-70.044769,43.764825],[-70.04377,43.763641],[-70.045748994356,43.7583675377953],[-70.046165,43.757259],[-70.0524052139847,43.7510191976389],[-70.0533424734481,43.750082],[-70.061325,43.7421],[-70.061236,43.746285]]],[[[-70.060931,43.762422],[-70.059267,43.765512],[-70.060218,43.767228],[-70.057366,43.770661],[-70.054989,43.770661],[-70.055464,43.768258],[-70.053325,43.765168],[-70.057366,43.762079],[-70.060455,43.760019],[-70.062594,43.759675],[-70.060931,43.762422]]],[[[-70.074003,43.785076],[-70.071626,43.787478],[-70.063545,43.789023],[-70.06307,43.78765],[-70.06925,43.783875],[-70.071864,43.780271],[-70.074478,43.779928],[-70.074003,43.785076]]],[[[-70.078757,43.796743],[-70.073528,43.801375],[-70.070913,43.803262],[-70.066635,43.804291],[-70.065922,43.80189],[-70.066635,43.799488],[-70.069963,43.796743],[-70.073765,43.795714],[-70.078281,43.795371],[-70.078757,43.796743]]],[[[-70.081609,43.712621],[-70.078757,43.715198],[-70.072098,43.718956],[-70.071304,43.713772],[-70.079285,43.706989],[-70.081609,43.712621]]],[[[-70.08969,43.715026],[-70.083748,43.720523],[-70.079707,43.720867],[-70.081609,43.716057],[-70.084223,43.714167],[-70.088264,43.712965],[-70.08969,43.715026]]],[[[-70.096107,43.72413],[-70.091354,43.728424],[-70.090403,43.731344],[-70.086362,43.732375],[-70.085412,43.730829],[-70.087789,43.728596],[-70.089452,43.726363],[-70.092304,43.723959],[-70.09587,43.721554],[-70.09682,43.722584],[-70.096107,43.72413]]],[[[-70.101227,43.675468],[-70.0933024384592,43.6871680092081],[-70.09285,43.687836],[-70.087257,43.691029],[-70.0880359362162,43.6848033620449],[-70.088455,43.681454],[-70.096039,43.672276],[-70.101227,43.675468]]],[[[-70.114646,43.780615],[-70.105474,43.785587],[-70.102287,43.783875],[-70.096039,43.78838],[-70.089653,43.785187],[-70.10202,43.77681],[-70.106626,43.778618],[-70.105615,43.782159],[-70.111026,43.780345],[-70.114646,43.780615]]],[[[-70.118174,43.686375],[-70.115961,43.689202],[-70.103475,43.700938],[-70.100683,43.705962],[-70.095727,43.709278],[-70.093113,43.710524],[-70.092137,43.709468],[-70.097184,43.700929],[-70.091929,43.698111],[-70.087621,43.699913],[-70.093704,43.6918],[-70.099594,43.695366],[-70.104426,43.694579],[-70.115908,43.682978],[-70.118291,43.683343],[-70.118174,43.686375]]],[[[-70.123678,43.701453],[-70.12249,43.704374],[-70.118687,43.70781],[-70.115835,43.7097],[-70.111794,43.710044],[-70.112032,43.707467],[-70.115597,43.705061],[-70.122252,43.700078],[-70.1226942961085,43.7005044776642],[-70.123678,43.701453]]],[[[-70.131442,43.79164],[-70.123434,43.793907],[-70.122214,43.793777],[-70.122132,43.792979],[-70.124917,43.790768],[-70.13083,43.79024],[-70.131902,43.790825],[-70.131442,43.79164]]],[[[-70.138137,43.727555],[-70.129353,43.736831],[-70.125818,43.745451],[-70.123524,43.745657],[-70.121313,43.748261],[-70.117841,43.74793],[-70.115031,43.74915],[-70.107922,43.74791],[-70.10341,43.756111],[-70.097829,43.758502],[-70.096126,43.757238],[-70.098339,43.752851],[-70.09685,43.750356],[-70.097494,43.748344],[-70.100874,43.746131],[-70.103691,43.740497],[-70.107152,43.737116],[-70.107836,43.73442],[-70.111096,43.730678],[-70.107334,43.725414],[-70.110526,43.72181],[-70.111712,43.724631],[-70.114618,43.724372],[-70.116784,43.722944],[-70.117059,43.721407],[-70.115741,43.720858],[-70.114973,43.718992],[-70.1150259344312,43.7187497974074],[-70.115357,43.717235],[-70.1192,43.716302],[-70.120682,43.712569],[-70.127159,43.708288],[-70.128147,43.708562],[-70.128147,43.710538],[-70.125404,43.711639],[-70.123824,43.712887],[-70.124191,43.713949],[-70.126226,43.715259],[-70.123756,43.718827],[-70.126775,43.720748],[-70.132977,43.718607],[-70.137204,43.720913],[-70.138302,43.725194],[-70.138137,43.727555]]],[[[-70.153183,43.712642],[-70.1492611858971,43.7144243885345],[-70.148976,43.714554],[-70.14689,43.714389],[-70.145188,43.714719],[-70.144459,43.713522],[-70.1450180398106,43.712366750842],[-70.1467,43.708891],[-70.148747,43.708805],[-70.152755,43.711017],[-70.153183,43.712642]]],[[[-70.160281,43.749718],[-70.145545,43.76122],[-70.146971,43.766713],[-70.145545,43.775809],[-70.138177,43.774951],[-70.131786,43.774935],[-70.12653,43.779585],[-70.124407,43.777226],[-70.127243,43.773235],[-70.12236,43.774952],[-70.120351,43.77272],[-70.125104,43.770661],[-70.130809,43.770832],[-70.132948,43.767571],[-70.133898,43.763967],[-70.1327656714393,43.7641032605758],[-70.126768,43.764825],[-70.120113,43.765168],[-70.115359,43.764653],[-70.118212,43.762079],[-70.122014,43.760877],[-70.123441,43.757615],[-70.128432,43.75504],[-70.135087,43.753152],[-70.1379296687637,43.7544151016869],[-70.138177,43.754525],[-70.13984,43.75195],[-70.141504,43.749546],[-70.146971,43.74989],[-70.151833,43.746542],[-70.15315,43.747314],[-70.153626,43.750233],[-70.15746,43.748658],[-70.160281,43.749718]]],[[[-70.173571,43.683734],[-70.171339,43.687546],[-70.163884,43.692404],[-70.156787,43.694706],[-70.146115,43.701635],[-70.140553,43.707639],[-70.137701,43.70592],[-70.133661,43.702312],[-70.135563,43.700658],[-70.139127,43.699219],[-70.140268,43.695758],[-70.145498,43.690312],[-70.153864,43.686158],[-70.151724,43.681689],[-70.154503,43.680933],[-70.160115,43.678562],[-70.163371,43.678595],[-70.168227,43.675136],[-70.170284,43.675441],[-70.169075,43.678767],[-70.173353,43.680314],[-70.173571,43.683734]]],[[[-70.187614,43.739416],[-70.184287,43.742506],[-70.180484,43.744224],[-70.176681,43.745426],[-70.177156,43.743365],[-70.178345,43.740618],[-70.179771,43.739244],[-70.18191,43.739244],[-70.184524,43.73684],[-70.188565,43.73684],[-70.187614,43.739416]]],[[[-70.196646,43.715198],[-70.194031,43.717431],[-70.190466,43.722241],[-70.186663,43.723272],[-70.18595,43.721039],[-70.189515,43.716572],[-70.192843,43.71348],[-70.197121,43.711247],[-70.196646,43.715198]]],[[[-70.201162,43.651945],[-70.199498,43.654525],[-70.200686,43.662951],[-70.197834,43.663123],[-70.193794,43.668109],[-70.189753,43.670688],[-70.187139,43.673954],[-70.183098,43.675157],[-70.1821330758975,43.6737607840638],[-70.18191,43.673438],[-70.18191,43.67],[-70.182147,43.665702],[-70.17718,43.663447],[-70.176664,43.659768],[-70.179592,43.655384],[-70.184049,43.651086],[-70.190229,43.651602],[-70.194982,43.649882],[-70.199736,43.649366],[-70.201162,43.651945]]],[[[-70.20973,43.641477],[-70.208592,43.641891],[-70.207295,43.642731],[-70.206867,43.643564],[-70.207417,43.644094],[-70.207374,43.644553],[-70.203426,43.647186],[-70.202775,43.647011],[-70.203497,43.646052],[-70.20225,43.645203],[-70.201148,43.645674],[-70.200203,43.64613],[-70.198563,43.645514],[-70.197462,43.644633],[-70.195321,43.645416],[-70.194229,43.645613],[-70.192605,43.646958],[-70.190704,43.645582],[-70.197405,43.638743],[-70.205934,43.633633],[-70.20701,43.634288],[-70.206741,43.635331],[-70.206713,43.636544],[-70.205581,43.63802],[-70.205941,43.638429],[-70.205715,43.638866],[-70.206022,43.639327],[-70.207352,43.639649],[-70.208235,43.639406],[-70.210082,43.640492],[-70.20973,43.641477]]],[[[-70.213948,43.666161],[-70.206153,43.671719],[-70.204951,43.681855],[-70.201893,43.685483],[-70.196535,43.688784],[-70.192605,43.689767],[-70.1911767184891,43.6904711709189],[-70.182147,43.694923],[-70.182385,43.69183],[-70.186426,43.686674],[-70.1870222604793,43.6854522095929],[-70.187852,43.683752],[-70.189278,43.679111],[-70.193081,43.673438],[-70.200211,43.670516],[-70.203539,43.666733],[-70.210825,43.661695],[-70.21313,43.662973],[-70.213948,43.666161]]],[[[-70.238002,43.547295],[-70.224401,43.547199],[-70.229319,43.54391],[-70.226326,43.542197],[-70.2270329404388,43.5403615662484],[-70.227842,43.538261],[-70.2298440000862,43.5379803156618],[-70.234675,43.537303],[-70.245499,43.539635],[-70.238002,43.547295]]],[[[-70.617249,42.99202],[-70.614672,42.992914],[-70.61243,42.991814],[-70.610931,42.989028],[-70.602766,42.983383],[-70.601349,42.981083],[-70.607834,42.977764],[-70.618523,42.985657],[-70.617249,42.99202]]],[[[-71.080003,45.306987],[-71.078407,45.306232],[-71.073743,45.307718],[-71.066197,45.311353],[-71.063932,45.312696],[-71.059265,45.313753],[-71.055691,45.312885],[-71.052431,45.311087],[-71.047928,45.313273],[-71.042485,45.313043],[-71.03821,45.311922],[-71.03467,45.310678],[-71.032455,45.310074],[-71.030565,45.312652],[-71.02708,45.314648],[-71.024009,45.315436],[-71.021753,45.314409],[-71.014268,45.316761],[-71.00905,45.319022],[-71.007575,45.32205],[-71.002563,45.327819],[-71.0024,45.328482],[-71.005087,45.331545],[-71.008234,45.333294],[-71.010583,45.333564],[-71.01129,45.334424],[-71.011435,45.337883],[-71.011185,45.339881],[-71.01292,45.343297],[-71.012757,45.34476],[-71.01081,45.34725],[-71.004848,45.345419],[-71.001771,45.343658],[-70.997676,45.340372],[-70.99273,45.338173],[-70.991084,45.338249],[-70.990233,45.336277],[-70.989324,45.334655],[-70.985595,45.332188],[-70.982553,45.332655],[-70.980888,45.332242],[-70.977674,45.332487],[-70.975895,45.333461],[-70.973296,45.333638],[-70.967188,45.332401],[-70.96111,45.33676],[-70.952377,45.339097],[-70.950282,45.337486],[-70.950824,45.33453],[-70.949365,45.331536],[-70.948255,45.330077],[-70.945171,45.329071],[-70.945231,45.325649],[-70.943887,45.324336],[-70.940616,45.323221],[-70.939188,45.320177],[-70.929923,45.318462],[-70.927226,45.314847],[-70.921435,45.313867],[-70.917904,45.311924],[-70.920049,45.307713],[-70.919869,45.305389],[-70.913828,45.300332],[-70.912111,45.296197],[-70.913732,45.292746],[-70.918753,45.287033],[-70.919951,45.284953],[-70.9217,45.279445],[-70.921474,45.278873],[-70.916473,45.27733],[-70.915194,45.274735],[-70.911488,45.270451],[-70.907978,45.269316],[-70.905184,45.265456],[-70.906618,45.261487],[-70.898565,45.258502],[-70.898343,45.254868],[-70.896627,45.253107],[-70.895137,45.252252],[-70.897583,45.248242],[-70.898482,45.244088],[-70.896898,45.242031],[-70.892822,45.239172],[-70.889142,45.238129],[-70.885029,45.234873],[-70.878495,45.23327],[-70.874899,45.234074],[-70.857042,45.22916],[-70.854319,45.231021],[-70.84443,45.234513],[-70.839772,45.234156],[-70.837529,45.23497],[-70.837089,45.237227],[-70.83877,45.237555],[-70.8411,45.238926],[-70.848319,45.244707],[-70.846505,45.252972],[-70.849261,45.256398],[-70.848554,45.263325],[-70.84328,45.265658],[-70.84108,45.267144],[-70.839042,45.269132],[-70.836483,45.275615],[-70.8350669265968,45.276743165189],[-70.831535,45.279557],[-70.82979,45.286941],[-70.829661,45.290369],[-70.831919,45.290946],[-70.835536,45.293804],[-70.82755,45.296647],[-70.822832,45.29855],[-70.819162,45.29894],[-70.817099,45.297777],[-70.816224,45.29812],[-70.812338,45.302006],[-70.811849,45.305547],[-70.814013,45.308849],[-70.808613,45.311606],[-70.807826,45.317102],[-70.80642,45.320598],[-70.807058,45.322464],[-70.808322,45.325824],[-70.808352,45.328264],[-70.810266,45.327744],[-70.813021,45.328018],[-70.816585,45.330554],[-70.818141,45.332589],[-70.819049,45.335057],[-70.819828,45.340109],[-70.819471,45.341435],[-70.81608,45.345811],[-70.812535,45.346466],[-70.810114,45.348498],[-70.809768,45.351677],[-70.812175,45.352858],[-70.81445,45.356544],[-70.81026,45.357844],[-70.808712,45.362647],[-70.807577,45.363425],[-70.803848,45.364247],[-70.802648,45.364933],[-70.802745,45.366556],[-70.806244,45.376558],[-70.807664,45.378118],[-70.812406,45.383346],[-70.813383,45.387031],[-70.817675,45.390401],[-70.822268,45.390522],[-70.824053,45.391094],[-70.825156,45.393265],[-70.824219,45.396364],[-70.826033,45.398408],[-70.825612,45.400305],[-70.819309,45.404461],[-70.817081,45.408139],[-70.812797,45.411369],[-70.811356,45.416173],[-70.802216,45.417975],[-70.801351,45.420657],[-70.798677,45.424146],[-70.798028,45.426706],[-70.795009,45.428145],[-70.791798,45.428161],[-70.788126,45.426603],[-70.781471,45.431159],[-70.77236,45.428743],[-70.76792,45.428642],[-70.765288,45.426315],[-70.758728,45.428018],[-70.755567,45.428361],[-70.753977,45.427789],[-70.751531,45.426134],[-70.749518,45.422957],[-70.744077,45.421091],[-70.744787,45.417182],[-70.743775,45.411925],[-70.734871,45.406406],[-70.730844,45.404599],[-70.731356,45.402211],[-70.729972,45.399359],[-70.722734,45.39527],[-70.712286,45.390611],[-70.707705,45.391973],[-70.705116,45.39344],[-70.698776,45.394505],[-70.696605,45.39217],[-70.692497,45.392579],[-70.687307,45.393243],[-70.684614,45.395071],[-70.683543,45.395208],[-70.677995,45.394362],[-70.66116,45.386039],[-70.660775,45.378176],[-70.660029,45.377901],[-70.651175,45.377123],[-70.645952,45.378675],[-70.634661,45.383608],[-70.635166,45.385388],[-70.638933,45.388916],[-70.636718,45.392405],[-70.636002,45.395601],[-70.634014,45.397916],[-70.62885,45.399871],[-70.623421,45.400358],[-70.621464,45.402668],[-70.623849,45.405965],[-70.630695,45.407298],[-70.635271,45.412147],[-70.634947,45.415622],[-70.631354,45.41634],[-70.630503,45.418705],[-70.627459,45.421633],[-70.629962,45.425077],[-70.631332,45.426831],[-70.635498,45.427817],[-70.6415,45.431861],[-70.643658,45.434718],[-70.64262,45.435859],[-70.645949,45.437752],[-70.649739,45.442771],[-70.650684,45.444915],[-70.653364,45.445491],[-70.662954,45.446546],[-70.674903,45.452399],[-70.681156,45.452176],[-70.681074,45.45841],[-70.681954,45.461849],[-70.68411,45.462956],[-70.690417,45.46361],[-70.692726,45.46678],[-70.691762,45.471233],[-70.692095,45.474657],[-70.699508,45.478971],[-70.70463,45.479575],[-70.707945,45.480877],[-70.717047,45.487732],[-70.717803,45.490188],[-70.715852,45.493143],[-70.711445,45.498123],[-70.711845,45.502113],[-70.716135,45.504475],[-70.721226,45.505946],[-70.723167,45.507606],[-70.723396,45.510394],[-70.722845,45.512772],[-70.721611,45.515058],[-70.716606,45.518488],[-70.710845,45.520045],[-70.708353,45.525245],[-70.705812,45.52828],[-70.702433,45.529554],[-70.699077,45.530212],[-70.700613,45.531543],[-70.70013,45.533344],[-70.696906,45.537399],[-70.696172,45.540404],[-70.69292,45.542415],[-70.687605,45.549099],[-70.683949,45.551152],[-70.679728,45.550656],[-70.677166,45.552166],[-70.683594,45.556569],[-70.686496,45.55972],[-70.688712,45.561636],[-70.688214,45.563981],[-70.685624,45.565318],[-70.685355,45.567189],[-70.68772,45.569355],[-70.683646,45.569087],[-70.678462,45.570677],[-70.671778,45.576325],[-70.672119,45.578419],[-70.663275,45.58351],[-70.659286,45.58688],[-70.65916,45.589639],[-70.654662,45.592247],[-70.649578,45.598147],[-70.650424,45.599267],[-70.644687,45.607083],[-70.635306,45.610211],[-70.62596,45.610725],[-70.619816,45.611978],[-70.617198,45.616379],[-70.61116,45.621034],[-70.608121,45.6226],[-70.606193,45.626386],[-70.601275,45.627165],[-70.596417,45.629805],[-70.592252,45.629865],[-70.591275,45.630551],[-70.589587,45.634027],[-70.586838,45.635443],[-70.58394,45.638908],[-70.583403,45.64243],[-70.579836,45.643407],[-70.575628,45.648285],[-70.570559,45.650722],[-70.564789,45.65515],[-70.565028,45.657197],[-70.562019,45.660591],[-70.563747,45.661939],[-70.563779,45.662693],[-70.5584,45.666671],[-70.5528308290872,45.6678281400238],[-70.552793,45.667836],[-70.547305,45.666098],[-70.541415,45.666715],[-70.534333,45.670751],[-70.530961,45.670317],[-70.526751,45.666464],[-70.519537,45.670001],[-70.51947,45.671738],[-70.518948,45.672286],[-70.510171,45.679323],[-70.506292,45.681034],[-70.502698,45.681671],[-70.502108,45.683452],[-70.497437,45.685246],[-70.496603,45.687021],[-70.485033,45.693348],[-70.479097,45.69526],[-70.469869,45.701639],[-70.470525,45.703075],[-70.468,45.70421],[-70.465982,45.706256],[-70.462999,45.706102],[-70.460457,45.705878],[-70.456688,45.706988],[-70.45379,45.706165],[-70.451503,45.704432],[-70.446903,45.704044],[-70.44411,45.703903],[-70.441511,45.705216],[-70.438878,45.704387],[-70.430787,45.707222],[-70.426348,45.7072],[-70.429589,45.710197],[-70.422879,45.712413],[-70.418130735406,45.7138489560441],[-70.414232,45.715028],[-70.413016,45.716546],[-70.40632,45.717876],[-70.400404,45.719834],[-70.400337,45.721862],[-70.397554,45.723728],[-70.397238,45.726988],[-70.397385,45.729081],[-70.394545,45.729541],[-70.390379,45.728539],[-70.383552,45.734869],[-70.384883,45.73573],[-70.389543,45.736046],[-70.394002,45.740083],[-70.394641,45.742853],[-70.391891,45.745927],[-70.388658,45.747586],[-70.388501,45.749717],[-70.396133,45.756255],[-70.401749,45.75788],[-70.406548,45.761813],[-70.40563,45.77026],[-70.407697,45.772984],[-70.405677,45.776528],[-70.408854,45.779586],[-70.410722,45.784486],[-70.415359,45.784662],[-70.415684,45.786158],[-70.414639,45.790724],[-70.417641,45.79377],[-70.417674,45.79457],[-70.416922,45.795279],[-70.408,45.797586],[-70.406334,45.797494],[-70.404275,45.796259],[-70.401857,45.795915],[-70.399634,45.796235],[-70.395907,45.798885],[-70.396362,45.802703],[-70.398159,45.80412],[-70.39662,45.808486],[-70.390375,45.812606],[-70.388224,45.813946],[-70.387916,45.819043],[-70.380752,45.824639],[-70.375757,45.827712],[-70.373097,45.827738],[-70.369368,45.831158],[-70.371823,45.834212],[-70.368724,45.83599],[-70.36702,45.834993],[-70.363855,45.834838],[-70.362606,45.835544],[-70.3595,45.835439],[-70.356439,45.83759],[-70.356215,45.839389],[-70.352688,45.840497],[-70.35288,45.842295],[-70.349927,45.844927],[-70.349245,45.847072],[-70.346328,45.849267],[-70.343966,45.849677],[-70.34244,45.852192],[-70.329748,45.853795],[-70.327775,45.855141],[-70.326606021088,45.855284852315],[-70.317154,45.856448],[-70.313064,45.85829],[-70.306162,45.85974],[-70.30297,45.863338],[-70.29806,45.864393],[-70.284204,45.872034],[-70.279991,45.876158],[-70.277481,45.87697],[-70.275908,45.87875],[-70.273788,45.879681],[-70.272885,45.882565],[-70.26753,45.885892],[-70.262655,45.887853],[-70.259117,45.890755],[-70.261139,45.892348],[-70.265754,45.893467],[-70.260067,45.898992],[-70.255602,45.901207],[-70.253704,45.902981],[-70.253897,45.906524],[-70.254524,45.908352],[-70.258992,45.909352],[-70.25958,45.910767],[-70.25788,45.918138],[-70.2585139719923,45.9185718964218],[-70.261055,45.920311],[-70.262824,45.919832],[-70.263315,45.920152],[-70.26231,45.922352],[-70.263313,45.923832],[-70.262198,45.925203],[-70.259156,45.926536],[-70.258523,45.928573],[-70.255019,45.929977],[-70.252526,45.933176],[-70.24092,45.939095],[-70.240162,45.940944],[-70.240177,45.943729],[-70.244109,45.944914],[-70.24277,45.94626],[-70.252963,45.955234],[-70.254483,45.954354],[-70.255427,45.952647],[-70.261195,45.952284],[-70.258534,45.954872],[-70.260182,45.957473],[-70.258587,45.959327],[-70.26541,45.962692],[-70.267425,45.963054],[-70.272156,45.961197],[-70.274869,45.962252],[-70.274325,45.964295],[-70.276249,45.966873],[-70.280814,45.965211],[-70.289632,45.963201],[-70.298571,45.962948],[-70.301563,45.96448],[-70.305326,45.964878],[-70.31297,45.961856],[-70.31628,45.963113],[-70.316936,45.963456],[-70.31687,45.96389],[-70.311746,45.966276],[-70.312055,45.971544],[-70.310573,45.977058],[-70.307463,45.97812],[-70.309725,45.98021],[-70.307463,45.982541],[-70.301298,45.985353],[-70.295986,45.985969],[-70.287754,45.99182],[-70.284571,45.995384],[-70.284932,45.995613],[-70.289388,45.995354],[-70.292868,45.997397],[-70.303034,45.998976],[-70.303625,45.999479],[-70.305624,46.004323],[-70.306427,46.010272],[-70.310909,46.011873],[-70.312023,46.016428],[-70.317629,46.01908],[-70.317596,46.019492],[-70.309821,46.024067],[-70.303466,46.026799],[-70.298708,46.030359],[-70.302071,46.032751],[-70.299151,46.038486],[-70.293639,46.041845],[-70.290511,46.044159],[-70.289241,46.04689],[-70.27965,46.052196],[-70.280706,46.053761],[-70.278334,46.057019],[-70.278169,46.059671],[-70.27889,46.060654],[-70.28158,46.060443],[-70.284176,46.062758],[-70.287295,46.062576],[-70.292845,46.060679],[-70.306734,46.061344],[-70.308967,46.062464],[-70.310609,46.064544],[-70.306477,46.068387],[-70.303752,46.070956],[-70.30202,46.073854],[-70.302476,46.077249],[-70.30003,46.078501],[-70.302351,46.080553],[-70.301076,46.083254],[-70.293288,46.085764],[-70.28978,46.094325],[-70.284778,46.097182],[-70.285471,46.100054],[-70.278682,46.099892],[-70.272689,46.102298],[-70.266349,46.100993],[-70.254021,46.0996],[-70.252413,46.100625],[-70.252411,46.106221],[-70.255038,46.108348],[-70.255069,46.1102],[-70.251282,46.117947],[-70.243629,46.128794],[-70.239566,46.142762],[-70.236714,46.144937],[-70.237947,46.147378],[-70.240264,46.150076],[-70.246989,46.151917],[-70.250354,46.15611],[-70.255253,46.158953],[-70.259975,46.163414],[-70.26486,46.164798],[-70.26626,46.16935],[-70.271192,46.172072],[-70.273594,46.172485],[-70.278034,46.175001],[-70.285957,46.182905],[-70.290896,46.185838],[-70.289943,46.188593],[-70.292736,46.191599],[-70.285526,46.196991],[-70.278416,46.203769],[-70.275985,46.207587],[-70.272054,46.209833],[-70.270942,46.21194],[-70.274116,46.215177],[-70.268197,46.218654],[-70.26698,46.225237],[-70.260645,46.231452],[-70.258599,46.235588],[-70.255284,46.245896],[-70.251445,46.248656],[-70.251946,46.252502],[-70.254591,46.254231],[-70.252906,46.259075],[-70.248421,46.267072],[-70.242597,46.273495],[-70.23976,46.276623],[-70.239925,46.279129],[-70.232682,46.284428],[-70.231268,46.291193],[-70.220479,46.293288],[-70.214423,46.295314],[-70.212182,46.298534],[-70.205719,46.299865],[-70.20516,46.302986],[-70.206186,46.309595],[-70.203119,46.31438],[-70.204373,46.316505],[-70.207046,46.319247],[-70.207443,46.321536],[-70.206028,46.324312],[-70.208733,46.328961],[-70.207415,46.331316],[-70.200592,46.337248],[-70.195831,46.340745],[-70.195664,46.343059],[-70.191412,46.348072],[-70.191498,46.349961],[-70.188739,46.349993],[-70.181942,46.35213],[-70.181418,46.354418],[-70.174709,46.358472],[-70.171969,46.359294],[-70.165926,46.357496],[-70.161337,46.360984],[-70.158433,46.359327],[-70.156353,46.361436],[-70.148529,46.358923],[-70.144494,46.361897],[-70.141164,46.362669],[-70.140303,46.365322],[-70.136441,46.36988],[-70.133367,46.368906],[-70.129734,46.369384],[-70.127552,46.371943],[-70.127542,46.378747],[-70.125459,46.381352],[-70.118597,46.384233],[-70.114839,46.386463],[-70.11044,46.38611],[-70.108304,46.391297],[-70.100177,46.398435],[-70.100607,46.399303],[-70.100413,46.405017],[-70.096533,46.407277],[-70.096286,46.40943],[-70.089248,46.410666],[-70.086686,46.40918],[-70.080292,46.410531],[-70.076128,46.409389],[-70.066736,46.412171],[-70.064158,46.413704],[-70.05695,46.415155],[-70.026521,46.557217],[-70.0233609283763,46.5735207117177],[-70.019747,46.592166],[-69.997086,46.69523],[-69.994248,46.698564],[-69.95,46.742523],[-69.943121,46.750034],[-69.874514,46.818615],[-69.818552,46.87503],[-69.566383,47.125032],[-69.439198,47.250033],[-69.328192,47.358494],[-69.22442,47.459686],[-69.219996,47.457159],[-69.214297,47.456517],[-69.206142,47.454085],[-69.203886,47.452203],[-69.200722,47.453689],[-69.195822,47.455488],[-69.191731,47.454875],[-69.189825,47.453618],[-69.185733,47.455402],[-69.181951,47.45561],[-69.178412,47.456615],[-69.173397,47.455763],[-69.170958,47.453409],[-69.164362,47.451037],[-69.164744,47.448631],[-69.161625,47.447354],[-69.158771,47.448698],[-69.157602,47.450985],[-69.156074,47.451035],[-69.152383,47.450202],[-69.15043,47.448714],[-69.146439,47.44886],[-69.14305,47.446523],[-69.141547,47.444298],[-69.139737,47.444759],[-69.139375,47.446631],[-69.131542,47.444439],[-69.124672,47.442086],[-69.122471,47.442413],[-69.116505,47.438662],[-69.112895,47.438013],[-69.112756,47.435899],[-69.108215,47.435831],[-69.10726,47.431159],[-69.107838,47.427711],[-69.104092,47.428988],[-69.103605,47.430756],[-69.098511,47.431217],[-69.097364,47.430326],[-69.096756,47.427013],[-69.091923,47.427017],[-69.090897,47.424699],[-69.086849,47.425228],[-69.082508,47.423976],[-69.080656,47.424068],[-69.0756,47.426711],[-69.069354,47.427228],[-69.066715,47.43024],[-69.062685,47.43043],[-69.064171,47.432972],[-69.061192,47.433052],[-69.055465,47.432274],[-69.052934,47.429207],[-69.050467,47.426509],[-69.04889,47.425079],[-69.051881,47.423449],[-69.050043,47.422446],[-69.046375,47.424684],[-69.047913,47.427387],[-69.043947,47.427634],[-69.042702,47.426651],[-69.042255,47.423462],[-69.039301,47.42217],[-69.039422,47.420053],[-69.042375,47.416331],[-69.035718,47.414435],[-69.036882,47.407977],[-69.030989,47.409055],[-69.032534,47.406324],[-69.032499,47.402216],[-69.039138,47.404068],[-69.042547,47.404633],[-69.037378,47.401504],[-69.042371,47.401143],[-69.042002,47.399269],[-69.03857,47.396901],[-69.040023,47.39546],[-69.043248,47.397189],[-69.045403,47.39191],[-69.044259,47.389259],[-69.04288,47.387841],[-69.039818,47.386309],[-69.03928,47.385052],[-69.041605,47.382831],[-69.043958,47.383682],[-69.046448,47.383934],[-69.05014,47.380928],[-69.050111,47.378558],[-69.054503,47.377967],[-69.053965,47.328058],[-69.054932,47.315298],[-69.049118,47.306471],[-69.050793,47.303944],[-69.051337,47.299774],[-69.052614,47.298289],[-69.052748,47.294403],[-69.052278,47.293078],[-69.050699,47.292552],[-69.050094,47.2915],[-69.04939,47.284689],[-69.050984,47.28063],[-69.049843,47.277884],[-69.047846,47.274243],[-69.046652,47.271097],[-69.048447,47.269459],[-69.047076,47.267089],[-69.048936,47.264744],[-69.048083,47.263044],[-69.049326,47.262107],[-69.050367,47.259821],[-69.050737,47.25733],[-69.050252,47.255876],[-69.041516,47.245639],[-69.033456,47.240984],[-69.02851,47.239596],[-69.024264,47.237854],[-69.005619,47.230223],[-68.991496,47.224808],[-68.980428,47.220125],[-68.978628,47.217704],[-68.975089,47.216687],[-68.971383,47.214486],[-68.966433,47.212712],[-68.96113,47.205582],[-68.958414,47.205491],[-68.95335,47.206749],[-68.952511,47.206087],[-68.951769,47.20292],[-68.950397,47.202476],[-68.948923,47.202819],[-68.942484,47.206386],[-68.93571,47.202249],[-68.933909,47.199992],[-68.929251,47.199449],[-68.929808,47.197266],[-68.92793,47.196969],[-68.926421,47.19786],[-68.924645,47.197791],[-68.920253,47.195048],[-68.919752,47.189859],[-68.916869,47.189333],[-68.913866,47.188054],[-68.912043,47.186444],[-68.909729,47.186292],[-68.907472,47.184906],[-68.90524,47.180919],[-68.902425,47.178839],[-68.900085,47.177719],[-68.89877,47.181353],[-68.895685,47.182883],[-68.893204,47.182974],[-68.890154,47.182241],[-68.88241,47.183357],[-68.877914,47.186601],[-68.874487,47.188405],[-68.871096,47.189252],[-68.863163,47.188622],[-68.857519,47.19095],[-68.851302,47.1944],[-68.848505,47.197558],[-68.831915,47.203735],[-68.8265554515914,47.206916063232],[-68.822886,47.209094],[-68.817912,47.210898],[-68.812157,47.215461],[-68.803699,47.21551],[-68.781377,47.221048],[-68.769721,47.22135],[-68.764346,47.222044],[-68.752104,47.226645],[-68.744509,47.230433],[-68.734774,47.235414],[-68.728579,47.236142],[-68.717867,47.240919],[-68.713638,47.240989],[-68.710919,47.240327],[-68.70857,47.238705],[-68.705314,47.238066],[-68.701841,47.238535],[-68.6977451663273,47.240745395786],[-68.693434,47.243072],[-68.690414,47.243987],[-68.687662,47.244215],[-68.684487,47.242886],[-68.675913,47.242626],[-68.664071,47.236762],[-68.661957,47.236327],[-68.658467,47.237149],[-68.653902,47.239479],[-68.648029,47.239706],[-68.639,47.241394],[-68.635093,47.242312],[-68.6254657220838,47.2423880373416],[-68.624964,47.242392],[-68.619749,47.243218],[-68.612411,47.244803],[-68.607906,47.247497],[-68.604819,47.249418],[-68.6043802154548,47.2497511056331],[-68.598047,47.254559],[-68.594681,47.257419],[-68.593304,47.259462],[-68.594053,47.261218],[-68.595028,47.263161],[-68.598657,47.267868],[-68.598726,47.269879],[-68.595354,47.271943],[-68.592516,47.274726],[-68.5917940212054,47.276738171146],[-68.590605,47.280052],[-68.588725,47.281721],[-68.582984,47.285493],[-68.578551,47.287551],[-68.571094,47.287049],[-68.560378,47.28369],[-68.553896,47.28225],[-68.551747,47.282226],[-68.546641,47.28298],[-68.539587,47.285173],[-68.52907,47.292644],[-68.523492,47.294768],[-68.517982,47.296092],[-68.507432,47.296636],[-68.504006,47.296337],[-68.496912,47.294065],[-68.490386,47.293815],[-68.486742,47.29465],[-68.479558,47.296007],[-68.474851,47.297534],[-68.470282,47.296804],[-68.46628,47.294873],[-68.463964,47.29228],[-68.4619049217417,47.2889986740063],[-68.460064,47.286065],[-68.45825,47.284625],[-68.449875,47.282142],[-68.441979,47.283458],[-68.432555,47.28193],[-68.428715,47.281519],[-68.425148,47.282425],[-68.416615,47.287432],[-68.411073,47.288325],[-68.401748,47.286958],[-68.389863,47.286652],[-68.383514,47.286177],[-68.378678,47.287561],[-68.376829,47.28852],[-68.375848,47.290065],[-68.375615,47.292268],[-68.376319,47.294257],[-68.376955,47.295628],[-68.378667,47.297412],[-68.384105,47.301506],[-68.384943,47.302923],[-68.384706,47.305094],[-68.381746,47.307813],[-68.381308,47.309161],[-68.384622,47.322303],[-68.384281,47.326943],[-68.381448,47.332813],[-68.380334,47.340242],[-68.378616,47.343144],[-68.374487,47.347508],[-68.370265,47.351052],[-68.365728,47.353797],[-68.361559,47.355605],[-68.355171,47.35707],[-68.3534742581574,47.3572332019036],[-68.343007,47.35824],[-68.3370986383111,47.3595968900349],[-68.336236,47.359795],[-68.329879,47.36023],[-68.3289144432025,47.3600438856602],[-68.321478,47.358609],[-68.309933,47.356233],[-68.303778,47.355524],[-68.300718,47.356095],[-68.2945220550778,47.3587008576666],[-68.292679,47.359476],[-68.289315,47.360207],[-68.284101,47.360389],[-68.278284,47.358604],[-68.272501,47.354923],[-68.26971,47.353733],[-68.265138,47.352543],[-68.247987,47.352514],[-68.240168,47.354217],[-68.234604,47.355035],[-68.227607,47.353049],[-68.224646,47.350787],[-68.224174,47.349827],[-68.224139,47.346696],[-68.222893,47.344526],[-68.217712,47.340847],[-68.214551,47.339637],[-68.211222,47.339112],[-68.204263,47.33973],[-68.202346,47.33941],[-68.1789019659064,47.330341275846],[-68.176055,47.32924],[-68.161333,47.327752],[-68.15515,47.32542],[-68.15357,47.324162],[-68.152462,47.321534],[-68.153509,47.314038],[-68.1534385289134,47.3133426250473],[-68.153275,47.311729],[-68.152302,47.309878],[-68.145452,47.304093],[-68.142086723235,47.3008752773693],[-68.137059,47.296068],[-68.128226,47.29419],[-68.125407,47.292155],[-68.121463,47.288272],[-68.119682,47.28729],[-68.092501,47.276696],[-68.082896,47.271921],[-68.080175,47.26991],[-68.077521,47.266666],[-68.076009,47.262095],[-68.074061,47.259764],[-68.061842,47.256451],[-68.0614397052923,47.2562741557969],[-68.037335,47.245678],[-68.033916,47.24364],[-68.022372,47.238236],[-68.016103,47.234446],[-68.006314,47.226444],[-67.998171,47.217842],[-67.991871,47.212042],[-67.989848,47.210054],[-67.986071,47.209342],[-67.973833,47.206907],[-67.969845,47.205221],[-67.96347,47.202842],[-67.956783,47.199248],[-67.952269,47.196142],[-67.951269,47.192442],[-67.9513421856731,47.1897519728822],[-67.951511,47.183547],[-67.949369,47.182542],[-67.944669,47.177042],[-67.943069,47.176142],[-67.939168,47.171442],[-67.9386671331163,47.1704404180105],[-67.935868,47.164843],[-67.9321553656567,47.1604980445749],[-67.927419,47.154955],[-67.9218789044741,47.1522674889451],[-67.919767,47.151243],[-67.9134887556395,47.1491725151577],[-67.910367,47.148143],[-67.9046,47.137556],[-67.901166,47.135143],[-67.893266,47.129943],[-67.892166,47.128643],[-67.890026,47.124678],[-67.889155,47.118772],[-67.889193,47.113401],[-67.888914,47.110063],[-67.88565,47.10732],[-67.883844,47.105834],[-67.881302,47.103913],[-67.877161,47.101807],[-67.870367,47.100896],[-67.864574,47.099207],[-67.849008,47.093455],[-67.83689,47.087036],[-67.832373,47.085551],[-67.823304,47.084318],[-67.820828,47.083518],[-67.816345,47.081188],[-67.810716,47.07609],[-67.804512,47.07339],[-67.795022,47.069587],[-67.790515,47.067921],[-67.7902398132541,47.0500761478937],[-67.790092,47.040491],[-67.789766,47.000044],[-67.7895822099251,46.9592223727434],[-67.78923,46.880993],[-67.7892881985803,46.8721839442437],[-67.7897981545374,46.7949959709482],[-67.789799,46.794868],[-67.789284,46.758219],[-67.7888979872449,46.6894471785789],[-67.788406,46.601795],[-67.7883613858839,46.5999149677871],[-67.7862514754652,46.5110036567689],[-67.7851977227088,46.4665986724436],[-67.784509,46.437576],[-67.7835304655852,46.3729416568925],[-67.7821144049956,46.2794077508457],[-67.782114,46.279381],[-67.7817688120185,46.1861660034429],[-67.7815780041139,46.1346399969687],[-67.7814355963656,46.0961840295727],[-67.781096,46.004479],[-67.7811217320847,46.0007806059404],[-67.781378,45.963948],[-67.7813004287742,45.9582148559792],[-67.781095,45.943032],[-67.779984,45.938163],[-67.777626,45.934207],[-67.776873,45.93407],[-67.774907,45.935007],[-67.773564,45.934823],[-67.771585,45.931956],[-67.768754,45.932214],[-67.765847,45.930587],[-67.765901,45.927953],[-67.761785,45.927593],[-67.75752,45.925926],[-67.758647,45.923851],[-67.750422,45.917898],[-67.751866,45.914973],[-67.754178,45.913614],[-67.755701,45.911684],[-67.757728,45.912284],[-67.759665,45.909925],[-67.763725,45.91043],[-67.765002,45.909791],[-67.76471,45.908202],[-67.767439,45.904667],[-67.768709,45.901997],[-67.767827,45.898568],[-67.768745,45.897951],[-67.77527,45.896177],[-67.778082,45.897527],[-67.779157,45.89512],[-67.783314,45.895167],[-67.785344,45.895648],[-67.796926,45.887961],[-67.798964,45.884256],[-67.803318,45.883718],[-67.803908,45.882895],[-67.804724,45.874043],[-67.803678,45.869379],[-67.802348,45.86763],[-67.796491,45.865788],[-67.7969029833585,45.8653462082493],[-67.797804,45.86438],[-67.795807,45.861668],[-67.796514,45.859961],[-67.78968,45.851754],[-67.783108,45.846517],[-67.777975,45.843704],[-67.772056,45.841348],[-67.769179,45.839335],[-67.76503,45.83403],[-67.763955,45.829983],[-67.762812,45.82852],[-67.755068,45.82367],[-67.763767,45.820315],[-67.765534,45.818807],[-67.766842,45.818533],[-67.772758,45.81938],[-67.77763,45.819222],[-67.780082,45.818194],[-67.780507,45.817622],[-67.780443,45.816206],[-67.801989,45.803546],[-67.806598,45.794723],[-67.803626,45.781624],[-67.8048518118508,45.7736813283462],[-67.805457,45.76976],[-67.809083,45.767497],[-67.806308,45.755405],[-67.793083,45.750559],[-67.781892,45.731189],[-67.809833,45.729274],[-67.803148,45.696127],[-67.817892,45.693705],[-67.8054831422691,45.6802407212124],[-67.803313,45.677886],[-67.768648,45.677581],[-67.754245,45.667791],[-67.747382,45.670443],[-67.744381,45.672993],[-67.73873,45.667747],[-67.735662,45.66693],[-67.733889,45.664489],[-67.73035,45.663239],[-67.726325,45.662949],[-67.724325,45.66404],[-67.720401,45.662522],[-67.719651,45.662819],[-67.71799,45.665243],[-67.718056,45.667986],[-67.7236,45.670384],[-67.724333,45.672506],[-67.730845,45.678223],[-67.73372,45.684233],[-67.734605,45.688987],[-67.729908,45.689012],[-67.727648,45.688468],[-67.723951,45.684594],[-67.717837,45.679449],[-67.713036,45.681213],[-67.709466,45.68138],[-67.710464,45.679372],[-67.706092,45.673635],[-67.701386,45.669101],[-67.69797,45.659738],[-67.691155,45.653521],[-67.692623,45.650366],[-67.679542,45.638095],[-67.675417,45.630959],[-67.666456,45.624461],[-67.663148,45.625411],[-67.64581,45.613597],[-67.640238,45.616178],[-67.644206,45.62322],[-67.638891,45.625075],[-67.631762,45.621409],[-67.608505,45.606198],[-67.589773,45.606765],[-67.583341,45.602493],[-67.561359,45.594906],[-67.556931,45.595066],[-67.556345,45.59726],[-67.546014,45.59736],[-67.534465,45.594619],[-67.5189923357528,45.5880987598696],[-67.51858,45.587925],[-67.499444,45.587014],[-67.490923,45.591488],[-67.488452,45.594643],[-67.489018,45.596944],[-67.493506,45.598816],[-67.49389,45.601182],[-67.489793,45.60118],[-67.485265,45.601615],[-67.476704,45.604157],[-67.47242,45.60058],[-67.468484,45.600626],[-67.466081,45.603177],[-67.455406,45.604665],[-67.449674,45.60286],[-67.4475,45.597021],[-67.4307404960628,45.5845361873504],[-67.429716,45.583773],[-67.425452,45.579086],[-67.423646,45.572153],[-67.428362,45.568906],[-67.426603,45.5606],[-67.422142,45.556569],[-67.422679,45.554155],[-67.4211086271808,45.550350326922],[-67.420976,45.550029],[-67.423692,45.547198],[-67.425399,45.540795],[-67.428338,45.540626],[-67.429057,45.541207],[-67.43067,45.54139],[-67.432236,45.541023],[-67.434559,45.535912],[-67.435275,45.530781],[-67.435044,45.528783],[-67.431893,45.523588],[-67.432207,45.519996],[-67.429135,45.519041],[-67.426578,45.51771],[-67.425818,45.514532],[-67.420543,45.511113],[-67.416416,45.503515],[-67.416462,45.502147],[-67.418628,45.50165],[-67.420966,45.505054],[-67.422649,45.505863],[-67.424242,45.505907],[-67.4250730223992,45.5041718345157],[-67.425674,45.502917],[-67.427713,45.501336],[-67.429681,45.501592],[-67.432566,45.503849],[-67.434554,45.503449],[-67.437097,45.505104],[-67.441593,45.505044],[-67.449161,45.510115],[-67.450802,45.510088],[-67.45354,45.508771],[-67.453197,45.507105],[-67.449968,45.504933],[-67.448883,45.502083],[-67.449381,45.499596],[-67.451567,45.498991],[-67.456182,45.502271],[-67.462882,45.508691],[-67.470416,45.505307],[-67.47091,45.504279],[-67.470732,45.500067],[-67.468185,45.498565],[-67.464048,45.497621],[-67.464401,45.496613],[-67.467635,45.495175],[-67.471269,45.497227],[-67.473244,45.496061],[-67.476855,45.49724],[-67.47946,45.496427],[-67.481318,45.494021],[-67.484679,45.49547],[-67.488001,45.493762],[-67.488661,45.491155],[-67.489636,45.489114],[-67.495085,45.488677],[-67.499445,45.491013],[-67.503088,45.489688],[-67.503771,45.488522],[-67.503157,45.485367],[-67.499767,45.47805],[-67.494351,45.473048],[-67.486907,45.468024],[-67.485981,45.464636],[-67.482353,45.460825],[-67.481929,45.458288],[-67.484851,45.456001],[-67.484328,45.451955],[-67.483756,45.449565],[-67.481213,45.447695],[-67.477965,45.446428],[-67.476509,45.44337],[-67.478179,45.441511],[-67.480332,45.440856],[-67.4772,45.43159],[-67.473366,45.425328],[-67.47256,45.423321],[-67.469149,45.422655],[-67.461303,45.422243],[-67.460293,45.419983],[-67.460502,45.418609],[-67.458495,45.41596],[-67.456128,45.414106],[-67.452938,45.409974],[-67.448106,45.407823],[-67.438163,45.39889],[-67.430001,45.392965],[-67.426958,45.39019],[-67.426178,45.385201],[-67.422798,45.381032],[-67.422507,45.379088],[-67.418747,45.37726],[-67.419007,45.376026],[-67.421501,45.374078],[-67.423773,45.373461],[-67.427243,45.37369],[-67.430097,45.371862],[-67.431232,45.370787],[-67.434281,45.365438],[-67.433536,45.361324],[-67.42596,45.357681],[-67.425792,45.356351],[-67.427797,45.355471],[-67.427815,45.352191],[-67.430956,45.350562],[-67.430489,45.348751],[-67.428872,45.344228],[-67.431484,45.340942],[-67.434996,45.340133],[-67.442029,45.334601],[-67.442138,45.332154],[-67.445421,45.330223],[-67.453469,45.328246],[-67.456288,45.32644],[-67.456676,45.32564],[-67.456384,45.323925],[-67.452268,45.319628],[-67.452267,45.316839],[-67.453336,45.314256],[-67.458293,45.308255],[-67.460554,45.300379],[-67.465548,45.299755],[-67.468674,45.297353],[-67.465833,45.297223],[-67.466091,45.29416],[-67.466479,45.293817],[-67.474128,45.291472],[-67.47601,45.288833],[-67.478153,45.288384],[-67.47969,45.289767],[-67.482315,45.291412],[-67.484258,45.291868],[-67.485683,45.291433],[-67.486524,45.290633],[-67.485856,45.287046],[-67.489464,45.282653],[-67.489333,45.281282],[-67.4870023436665,45.2805232728727],[-67.483985,45.279541],[-67.48234,45.275977],[-67.476588,45.274926],[-67.476424,45.268904],[-67.474804,45.2635],[-67.47156,45.261138],[-67.472954,45.258736],[-67.46357,45.244097],[-67.462081,45.242748],[-67.460236,45.241926],[-67.453473,45.241127],[-67.446942,45.232735],[-67.43998,45.227047],[-67.437101,45.222658],[-67.437177,45.219662],[-67.43141,45.210039],[-67.427848,45.201738],[-67.429083,45.199066],[-67.428889,45.193213],[-67.425619,45.19114],[-67.418159,45.189947],[-67.412742,45.184367],[-67.410258,45.181544],[-67.407139,45.179425],[-67.400338,45.177376],[-67.398265,45.173322],[-67.399128,45.168861],[-67.4044112500969,45.1670295369917],[-67.404658,45.166944],[-67.40537,45.164864],[-67.40537,45.162852],[-67.404629,45.159926],[-67.3923597409456,45.1548506310588],[-67.390579,45.154114],[-67.383635,45.152259],[-67.380187,45.151791],[-67.371677,45.143038],[-67.356846,45.133223],[-67.357117,45.131782],[-67.354187,45.129775],[-67.348975,45.12948],[-67.345585,45.126392],[-67.340806,45.125435],[-67.339869,45.125594],[-67.329829,45.131654],[-67.321564,45.131354],[-67.317564,45.138113],[-67.319925,45.142419],[-67.3055807835454,45.1448078832081],[-67.305472,45.144826],[-67.298209,45.146672],[-67.296174,45.147952],[-67.294881,45.149666],[-67.294363,45.153506],[-67.296979,45.155267],[-67.301729,45.157119],[-67.302568,45.161348],[-67.299238,45.168937],[-67.29591,45.1704],[-67.291417,45.17145],[-67.291707,45.174491],[-67.293484,45.176114],[-67.293742,45.177966],[-67.290785,45.181702],[-67.291287,45.18432],[-67.290603,45.187589],[-67.289794,45.188663],[-67.283619,45.192022],[-67.271076,45.191081],[-67.2696469384832,45.1905869590141],[-67.261542,45.187785],[-67.2614376815925,45.1877111391153],[-67.257795,45.185132],[-67.253553,45.18239],[-67.246697,45.180765],[-67.244012,45.178274],[-67.242293,45.17224],[-67.240643,45.171167],[-67.233047,45.168587],[-67.230201,45.165549],[-67.227324,45.163652],[-67.223156,45.1637],[-67.218315,45.166401],[-67.203933,45.171407],[-67.191167,45.165876],[-67.16787,45.164595],[-67.161247,45.162879],[-67.159406,45.162193],[-67.157919,45.161004],[-67.145652,45.146667],[-67.128935,45.132168],[-67.1227728932442,45.1247660867642],[-67.112414,45.112323],[-67.094735,45.075458],[-67.090786,45.068721],[-67.105899,45.065786],[-67.108611,45.059472],[-67.116692,45.058465],[-67.117688,45.05673],[-67.1024089685519,45.046747824373],[-67.099749,45.04501],[-67.096014,45.039322],[-67.09744,45.038146],[-67.101718,45.036634],[-67.106234,45.033107],[-67.101718,45.033275],[-67.096965,45.033443],[-67.092211,45.035795],[-67.088056,45.034821],[-67.082074,45.029608],[-67.074914,45.019254],[-67.072753,45.008329],[-67.068274,45.001014],[-67.05461,44.986764],[-67.050617,44.9795],[-67.049684,44.974285],[-67.056559,44.970421],[-67.0568453395219,44.9702183819622],[-67.0580602043431,44.9693587258287],[-67.058936,44.968739],[-67.05751,44.966049],[-67.053945,44.964199],[-67.0539011615375,44.9642211563383],[-67.050617,44.965881],[-67.043725,44.963863],[-67.0409051162211,44.9604269462437],[-67.039446,44.958649],[-67.0385279826039,44.9480713906654],[-67.038299,44.945433],[-67.032554,44.944351],[-67.033474,44.939923],[-67.027325,44.939304],[-67.023284,44.938968],[-67.021582,44.937349],[-67.014252,44.937117],[-67.010449,44.935266],[-67.010925,44.933079],[-67.014015,44.930218],[-67.015975,44.928156],[-67.01449,44.925843],[-67.004745,44.923151],[-67.003794,44.920795],[-67.000467,44.919785],[-66.990937,44.917835],[-66.98787,44.916082],[-66.984466,44.912557],[-66.983116,44.907666],[-66.983558,44.903277],[-66.984067,44.898238],[-66.985901,44.89715],[-66.989235,44.89648],[-66.992148,44.894029],[-66.994762,44.89184],[-66.990351,44.882551],[-66.987394,44.880389],[-66.9859228597445,44.8739487558023],[-66.9847543715774,44.8688334385439],[-66.983354,44.862703],[-66.982044043753,44.8603817817786],[-66.9819899383582,44.8602859080205],[-66.980977,44.858491],[-66.9801817175993,44.8563671579108],[-66.980033,44.85597],[-66.984067,44.853099],[-66.9866475848458,44.8519620685454],[-66.99296,44.849181],[-66.9959189348694,44.8454215000971],[-66.996523,44.844654],[-66.9961348446572,44.8437408036138],[-66.995695,44.842706],[-66.990722,44.839618],[-66.988583,44.837259],[-66.990009,44.831022],[-66.98882,44.824954],[-66.986318,44.820657],[-66.982403,44.811466],[-66.975035,44.812983],[-66.975009,44.815495],[-66.966468,44.819063],[-66.952112,44.82007],[-66.949895,44.817419],[-66.950569,44.814539],[-66.961068,44.807269],[-66.970026,44.805713],[-66.97626,44.808315],[-66.979708,44.80736],[-66.982167,44.803404],[-66.989351,44.79878],[-66.989286,44.796967],[-66.995154,44.791073],[-66.997549,44.788659],[-67.001967,44.787269],[-67.005458,44.788192],[-67.009499,44.787349],[-67.010286,44.782454],[-67.012116,44.778282],[-67.019481,44.775033],[-67.024472,44.773683],[-67.023759,44.770984],[-67.01995,44.771427],[-67.019719,44.769634],[-67.02615,44.768199],[-67.033504,44.767609],[-67.04335,44.765071],[-67.043962,44.763053],[-67.048003,44.761196],[-67.051093,44.762378],[-67.048953,44.764403],[-67.050142,44.767271],[-67.050617,44.769971],[-67.050617,44.77284],[-67.050617,44.774864],[-67.053945,44.775371],[-67.056559,44.771659],[-67.06464,44.770984],[-67.068919,44.768959],[-67.0684674853521,44.7687274919052],[-67.06464,44.766765],[-67.062026,44.765415],[-67.061075,44.759677],[-67.063308,44.758238],[-67.064378,44.751932],[-67.070345,44.751407],[-67.071215,44.745956],[-67.073439,44.741957],[-67.083477,44.739899],[-67.092542,44.742693],[-67.098931,44.741311],[-67.104095,44.739928],[-67.104078,44.737059],[-67.098629,44.733681],[-67.098323,44.730454],[-67.101565,44.727897],[-67.103823,44.722448],[-67.103187,44.719237],[-67.104352,44.716848],[-67.107756,44.716099],[-67.10939,44.711436],[-67.112176,44.711052],[-67.115028,44.71291],[-67.117643,44.711896],[-67.118118,44.707166],[-67.1187066261902,44.706389183225],[-67.119782,44.70497],[-67.118755,44.702215],[-67.123087,44.701597],[-67.128792,44.695421],[-67.139209,44.693849],[-67.148061,44.684114],[-67.155119,44.66944],[-67.154479,44.668114],[-67.169857,44.662105],[-67.181785,44.663699],[-67.186612,44.66265],[-67.192068,44.655515],[-67.191438,44.64775],[-67.189427,44.645533],[-67.213025,44.63922],[-67.234275,44.637201],[-67.237867,44.638436],[-67.23981,44.641757],[-67.242174,44.639916],[-67.245138,44.640935],[-67.243138,44.645646],[-67.24599,44.646323],[-67.246465,44.651395],[-67.244326,44.658835],[-67.240761,44.665766],[-67.246703,44.669147],[-67.25312,44.667456],[-67.264767,44.66678],[-67.272848,44.664075],[-67.270471,44.654946],[-67.267856,44.65055],[-67.270471,44.645815],[-67.26952,44.640066],[-67.266668,44.63922],[-67.261677,44.63922],[-67.259062,44.63533],[-67.254784,44.632624],[-67.254309,44.630594],[-67.24908,44.628395],[-67.246373,44.626384],[-67.251219,44.625689],[-67.257874,44.627042],[-67.265242,44.630763],[-67.268807,44.630594],[-67.268807,44.628565],[-67.274122,44.626345],[-67.275141,44.623433],[-67.281167,44.623151],[-67.287346,44.623997],[-67.286633,44.629918],[-67.291149,44.630763],[-67.294952,44.637022],[-67.294827,44.642771],[-67.292462,44.648455],[-67.295874,44.649299],[-67.298578,44.648297],[-67.30046,44.650164],[-67.298449,44.654377],[-67.309627,44.659316],[-67.315205,44.660369],[-67.318802,44.659745],[-67.322687,44.660026],[-67.326182,44.656715],[-67.327557,44.667026],[-67.322761,44.667794],[-67.322058,44.6739],[-67.318853,44.671751],[-67.320146,44.663568],[-67.314679,44.66323],[-67.310163,44.661878],[-67.308024,44.661371],[-67.306836,44.662892],[-67.306361,44.666104],[-67.309225,44.66678],[-67.308844,44.673876],[-67.304697,44.679288],[-67.306598,44.682499],[-67.306598,44.686892],[-67.308737,44.689258],[-67.307909,44.691295],[-67.300144,44.696752],[-67.300419,44.699902],[-67.2994270246768,44.7045330802898],[-67.299176,44.705705],[-67.308538,44.707454],[-67.319671,44.704802],[-67.326612779382,44.7034875549555],[-67.32942,44.702956],[-67.332268,44.700071],[-67.335124,44.699962],[-67.338923,44.700578],[-67.3413,44.699058],[-67.347782,44.69948],[-67.353184,44.70024],[-67.354134,44.703112],[-67.357699,44.703788],[-67.359839,44.701761],[-67.359126,44.699564],[-67.363208,44.695461],[-67.365107,44.693551],[-67.360789,44.691624],[-67.356986,44.692468],[-67.35247,44.690272],[-67.360076,44.689427],[-67.360314,44.68723],[-67.366494,44.686892],[-67.370534,44.689089],[-67.372673,44.691624],[-67.383369,44.68892],[-67.386696,44.691286],[-67.384082,44.693989],[-67.389073,44.695848],[-67.394777,44.695003],[-67.396441,44.693313],[-67.394777,44.690272],[-67.394777,44.686385],[-67.404998,44.681654],[-67.400006,44.679119],[-67.390262,44.680133],[-67.389549,44.676922],[-67.387172,44.676415],[-67.384795,44.678612],[-67.379804,44.678781],[-67.375763,44.67726],[-67.380541,44.673677],[-67.389073,44.672696],[-67.388598,44.670837],[-67.38432,44.67033],[-67.388122,44.667963],[-67.387172,44.665428],[-67.37905,44.665483],[-67.374014,44.662965],[-67.373386,44.65968],[-67.368395,44.655791],[-67.367298,44.652472],[-67.363879,44.644463],[-67.361978,44.640235],[-67.363158,44.631825],[-67.368269,44.624672],[-67.377554,44.619757],[-67.381317,44.622758],[-67.381467,44.626873],[-67.386605,44.626974],[-67.388704,44.626554],[-67.39145,44.625351],[-67.389549,44.623151],[-67.389073,44.614523],[-67.39145,44.61317],[-67.393589,44.614354],[-67.395839,44.612914],[-67.396679,44.60454],[-67.398987,44.602631],[-67.401195,44.598109],[-67.405492,44.594236],[-67.408824,44.594581],[-67.411815,44.596954],[-67.418923,44.60347],[-67.420602,44.607877],[-67.419258,44.614354],[-67.420685,44.618415],[-67.423061,44.621121],[-67.426864,44.625012],[-67.429003,44.629072],[-67.421873,44.629579],[-67.419972,44.632286],[-67.423774,44.638036],[-67.42734,44.64108],[-67.430192,44.639897],[-67.432093,44.63736],[-67.436371,44.63922],[-67.438035,44.641588],[-67.4417362413371,44.6424659417127],[-67.443739,44.642941],[-67.44469,44.638882],[-67.446592,44.63736],[-67.448968,44.635499],[-67.449206,44.63144],[-67.446354,44.627381],[-67.439224,44.626535],[-67.437797,44.626027],[-67.43756,44.619599],[-67.429716,44.613339],[-67.432569,44.606909],[-67.436847,44.604879],[-67.445403,44.605894],[-67.449444,44.603863],[-67.448513,44.600322],[-67.455623,44.601325],[-67.459902,44.600986],[-67.458448,44.596694],[-67.461803,44.597602],[-67.463518,44.599598],[-67.467001,44.603343],[-67.465606,44.60674],[-67.469647,44.608263],[-67.474876,44.607417],[-67.480918,44.611055],[-67.48676,44.609955],[-67.491038,44.607248],[-67.49698,44.614862],[-67.49389,44.615538],[-67.492373,44.61795],[-67.492464,44.624166],[-67.493632,44.628863],[-67.497693,44.632962],[-67.505804,44.636837],[-67.522802,44.63306],[-67.524061,44.626554],[-67.530777,44.621938],[-67.52978,44.6174],[-67.532632,44.614354],[-67.535009,44.614862],[-67.533582,44.618584],[-67.534533,44.622644],[-67.538098,44.623828],[-67.54022,44.626345],[-67.5416849981054,44.626442263216],[-67.543368,44.626554],[-67.549032,44.621798],[-67.5497515232603,44.6213335220382],[-67.552392,44.619629],[-67.551884,44.616046],[-67.552834,44.611478],[-67.555702,44.61102],[-67.559014,44.614354],[-67.561391,44.609278],[-67.558597,44.60349],[-67.556162,44.599294],[-67.557944,44.595651],[-67.562342,44.589647],[-67.563055,44.585415],[-67.564481,44.580506],[-67.56617,44.577337],[-67.568932,44.576599],[-67.570621,44.572202],[-67.570185,44.567638],[-67.572087,44.564082],[-67.575056,44.560659],[-67.569836,44.556788],[-67.565485,44.551419],[-67.562829,44.545462],[-67.559965,44.539862],[-67.565057,44.535425],[-67.564718,44.532068],[-67.568159,44.531117],[-67.5728,44.53173],[-67.578266,44.529866],[-67.589913,44.530713],[-67.5921881724836,44.5314814691113],[-67.594428,44.532238],[-67.598707,44.529527],[-67.606312,44.529866],[-67.611541,44.52851],[-67.615582,44.527324],[-67.631269,44.527155],[-67.635072,44.528002],[-67.638875,44.526816],[-67.641964,44.52851],[-67.6433016625074,44.5284505561494],[-67.645767,44.528341],[-67.64553,44.526477],[-67.653123,44.525823],[-67.656444,44.537084],[-67.660678,44.537575],[-67.664287,44.538779],[-67.673081,44.539456],[-67.675002,44.535626],[-67.676884,44.535051],[-67.679767,44.536297],[-67.681876,44.538101],[-67.688055,44.537254],[-67.69067,44.534713],[-67.696354,44.533798],[-67.702649,44.527922],[-67.701986,44.525784],[-67.698513,44.524716],[-67.698988,44.519462],[-67.695186,44.519293],[-67.698275,44.516242],[-67.698275,44.512683],[-67.698038,44.509463],[-67.703489,44.504837],[-67.706095,44.5025],[-67.70493,44.499801],[-67.709209,44.494376],[-67.713077,44.493553],[-67.718671,44.497834],[-67.722876,44.498524],[-67.733986,44.496252],[-67.743353,44.497418],[-67.742789,44.506176],[-67.740076,44.508944],[-67.742143,44.511608],[-67.742009,44.516765],[-67.743672,44.521835],[-67.744623,44.526919],[-67.744385,44.531155],[-67.751753,44.538948],[-67.753854,44.543661],[-67.754843,44.54691],[-67.758884,44.548942],[-67.762216951235,44.5484207667848],[-67.768629,44.547418],[-67.774001,44.547438],[-67.775046,44.543183],[-67.780513,44.536915],[-67.780881,44.531151],[-67.7798,44.522682],[-67.777898,44.517937],[-67.775132,44.515934],[-67.776472,44.514209],[-67.782363,44.51497],[-67.787405,44.519293],[-67.793585,44.519123],[-67.79726,44.520685],[-67.802541,44.523934],[-67.804518,44.530646],[-67.804281,44.539117],[-67.804518,44.542675],[-67.8094731741464,44.5425846629525],[-67.813788,44.542506],[-67.818066,44.541489],[-67.822582,44.543522],[-67.820205,44.54962],[-67.824008,44.551991],[-67.828999,44.554532],[-67.829475,44.555887],[-67.829237,44.559105],[-67.832327,44.560459],[-67.839695,44.56283],[-67.844686,44.561814],[-67.847776,44.563],[-67.848964,44.559782],[-67.850866,44.55758],[-67.850153,44.554701],[-67.84635,44.554193],[-67.844924,44.551991],[-67.842072,44.54403],[-67.843973,44.540812],[-67.847538,44.539626],[-67.851341,44.535899],[-67.848489,44.533696],[-67.851103,44.528782],[-67.857045,44.52658],[-67.865602,44.526071],[-67.865127,44.523021],[-67.858472,44.519293],[-67.855133,44.509972],[-67.852054,44.50709],[-67.85253,44.497597],[-67.849677,44.495732],[-67.851648,44.484901],[-67.855579,44.478676],[-67.860994,44.477576],[-67.861324,44.473518],[-67.866801,44.471812],[-67.86679,44.466734],[-67.868692,44.465038],[-67.873921,44.470974],[-67.878199,44.480811],[-67.881764,44.484372],[-67.8873072253806,44.4835240655992],[-67.888419,44.483354],[-67.891509,44.48098],[-67.887944,44.476571],[-67.885805,44.471822],[-67.885805,44.466734],[-67.884141,44.46402],[-67.881764,44.458591],[-67.878199,44.457065],[-67.877248,44.454859],[-67.88224,44.452484],[-67.886518,44.444849],[-67.888419,44.442133],[-67.885805,44.439079],[-67.888419,44.433139],[-67.888002,44.423948],[-67.890796,44.420918],[-67.891271,44.417013],[-67.893413,44.412442],[-67.889662,44.408485],[-67.895527,44.4041],[-67.898615,44.395595],[-67.900589,44.395545],[-67.906335,44.407011],[-67.909573,44.415995],[-67.912425,44.417353],[-67.912646,44.420427],[-67.911236,44.422446],[-67.911712,44.429405],[-67.914089,44.432969],[-67.910523,44.438061],[-67.911586,44.441095],[-67.910523,44.445867],[-67.909573,44.452145],[-67.916941,44.461306],[-67.924309,44.463511],[-67.924213,44.452187],[-67.925309,44.449232],[-67.929885,44.449422],[-67.932316,44.451377],[-67.935892,44.448898],[-67.933682,44.443321],[-67.930525,44.442347],[-67.930131,44.436688],[-67.928695,44.435167],[-67.931482,44.429761],[-67.931032,44.426214],[-67.932819,44.424908],[-67.932806,44.422948],[-67.930638,44.420977],[-67.933376,44.416184],[-67.931868,44.412151],[-67.937706,44.410445],[-67.941641,44.412708],[-67.947512,44.417201],[-67.954604,44.428524],[-67.957109,44.440437],[-67.959723,44.447224],[-67.959485,44.451466],[-67.958772,44.454011],[-67.961644,44.456544],[-67.963051,44.460457],[-67.968993,44.467752],[-67.970419,44.470805],[-67.979926,44.47267],[-67.9820138304501,44.4733578354039],[-67.983016,44.473688],[-67.98563,44.470805],[-67.992761,44.460797],[-67.995759,44.461496],[-67.99799,44.464189],[-68.001792,44.465716],[-68.00512,44.463681],[-68.009398,44.465377],[-68.012963,44.468939],[-68.012488,44.475893],[-68.015102,44.477928],[-68.017955,44.478776],[-68.021044,44.478606],[-68.021282,44.480641],[-68.024134,44.482507],[-68.027462,44.482507],[-68.027462,44.476062],[-68.02556,44.470635],[-68.027462,44.468091],[-68.025085,44.466903],[-68.024847,44.462323],[-68.021282,44.461306],[-68.017717,44.458931],[-68.014627,44.454011],[-68.007021,44.452823],[-68.0041,44.455222],[-67.998227,44.451636],[-67.997277,44.448242],[-67.990621,44.444339],[-67.986819,44.44383],[-67.984442,44.446715],[-67.98159,44.44909],[-67.980639,44.446715],[-67.982065,44.441115],[-67.980401,44.436873],[-67.976123,44.428896],[-67.973984,44.420918],[-67.969943,44.419051],[-67.970656,44.413109],[-67.971607,44.410902],[-67.969468,44.408864],[-67.964001,44.409543],[-67.9621,44.406827],[-67.961613,44.404449],[-67.964714,44.402751],[-67.959723,44.400544],[-67.958772,44.398846],[-67.966853,44.395959],[-67.970419,44.395449],[-67.976361,44.391203],[-67.978876,44.387034],[-67.979213,44.384579],[-67.983729,44.384409],[-67.986357,44.386968],[-67.994376,44.395934],[-67.998703,44.40428],[-68.000646,44.406624],[-68.003932,44.410902],[-68.007497,44.413109],[-68.010349,44.412939],[-68.010349,44.410732],[-68.010719,44.407464],[-68.011537,44.403261],[-68.018192,44.4036],[-68.023184,44.408185],[-68.0238362254862,44.4073857002159],[-68.024847,44.406147],[-68.022708,44.399525],[-68.019618,44.398846],[-68.01399,44.390255],[-68.014152,44.385938],[-68.018932,44.382977],[-68.022045,44.378394],[-68.025606,44.375899],[-68.025085,44.372008],[-68.027937,44.367591],[-68.024847,44.362663],[-68.024881,44.359604],[-68.025457,44.356608],[-68.028722,44.355947],[-68.030552,44.359774],[-68.03483,44.363003],[-68.0365351438428,44.3626545233982],[-68.039821,44.361983],[-68.043386,44.359774],[-68.045763,44.357905],[-68.046001,44.355356],[-68.045763,44.349577],[-68.043037,44.343667],[-68.043624,44.338189],[-68.044812,44.334619],[-68.049334,44.33073],[-68.051277,44.332011],[-68.053607,44.337679],[-68.057172,44.335809],[-68.057644,44.332469],[-68.060356,44.331988],[-68.067047,44.335692],[-68.070935,44.342049],[-68.076066,44.347925],[-68.077873,44.373047],[-68.07476,44.376085],[-68.077612,44.388486],[-68.084267,44.386278],[-68.0849459326257,44.3865716128029],[-68.093299,44.390184],[-68.09425,44.387297],[-68.0881769518652,44.3773310693431],[-68.087832,44.376765],[-68.08807,44.371838],[-68.090045,44.371369],[-68.092983,44.370949],[-68.0945886155642,44.3726133179554],[-68.0950501076804,44.3730916825354],[-68.10138,44.379653],[-68.1025655823397,44.3823071872068],[-68.103818,44.385111],[-68.104232,44.388316],[-68.102569,44.390864],[-68.1001230090909,44.3918171413906],[-68.099954,44.391883],[-68.10138,44.39511],[-68.105658,44.395619],[-68.108748,44.397997],[-68.1101170508117,44.3993849902498],[-68.11229,44.401588],[-68.113502,44.409034],[-68.111125,44.413618],[-68.1102889941781,44.4155092726378],[-68.109699,44.416844],[-68.112665,44.419219],[-68.11271,44.421314],[-68.116116,44.426859],[-68.116487,44.429289],[-68.119845,44.445658],[-68.119425,44.459508],[-68.116116,44.461645],[-68.115228,44.467903],[-68.11778,44.473009],[-68.121345,44.478945],[-68.126812,44.477249],[-68.131803,44.475893],[-68.139387,44.47847],[-68.145113,44.481998],[-68.140597,44.483354],[-68.14036,44.486237],[-68.1398804581932,44.4870922081013],[-68.139409,44.487933],[-68.141548,44.492002],[-68.146777,44.494037],[-68.151055,44.498105],[-68.157235,44.500987],[-68.161751,44.501157],[-68.1615225208622,44.4998536358332],[-68.1608,44.495732],[-68.164485,44.488918],[-68.167931,44.486407],[-68.167218,44.483863],[-68.165554,44.481319],[-68.1608,44.481319],[-68.154383,44.478776],[-68.162656,44.477346],[-68.161513,44.473518],[-68.165554,44.471483],[-68.17105,44.470211],[-68.176445,44.470596],[-68.187646,44.471397],[-68.190748,44.470974],[-68.194554,44.47189],[-68.189559,44.475384],[-68.180528,44.475045],[-68.183142,44.479115],[-68.186817,44.482244],[-68.18647,44.484541],[-68.18742,44.487763],[-68.19279,44.488716],[-68.196927,44.493358],[-68.198354,44.500818],[-68.20182,44.50999],[-68.198829,44.512683],[-68.198829,44.5149349859914],[-68.198829,44.51709],[-68.201681,44.519971],[-68.205722,44.52031],[-68.211426,44.52014],[-68.2116579239735,44.5187617926007],[-68.212139,44.515903],[-68.212377,44.513192],[-68.214278,44.510649],[-68.215466,44.504886],[-68.218319,44.499631],[-68.218556,44.493358],[-68.2264,44.493358],[-68.223934,44.487],[-68.226204,44.482177],[-68.229965,44.479115],[-68.227848,44.476179],[-68.228301,44.473179],[-68.225037,44.470657],[-68.223785,44.465546],[-68.22939,44.463496],[-68.233292,44.467073],[-68.243275,44.47267],[-68.25302,44.483863],[-68.260863,44.488102],[-68.2628049271643,44.4876402068886],[-68.264429,44.487254],[-68.262765,44.479793],[-68.264904,44.473858],[-68.268004,44.47147],[-68.274649,44.47267],[-68.281541,44.470805],[-68.284869,44.473688],[-68.292475,44.474536],[-68.294138,44.471653],[-68.291524,44.468769],[-68.288434,44.464189],[-68.283918,44.458931],[-68.281541,44.45927],[-68.281304,44.462154],[-68.279165,44.462154],[-68.276075,44.460288],[-68.272272,44.4591],[-68.271538,44.46157],[-68.27346,44.464359],[-68.270608,44.464698],[-68.267994,44.461306],[-68.269895,44.457574],[-68.27655,44.455877],[-68.280572,44.451573],[-68.28582,44.451975],[-68.28885,44.450368],[-68.298179,44.449769],[-68.301744,44.453332],[-68.30626,44.455029],[-68.309588,44.457404],[-68.314341,44.458082],[-68.31957,44.461306],[-68.323135,44.462323],[-68.32575,44.461136],[-68.32575,44.458591],[-68.329077,44.454011],[-68.329315,44.449769],[-68.344051,44.452484],[-68.347141,44.45435],[-68.350706,44.457574],[-68.3524828061389,44.4577849905373],[-68.354984,44.458082],[-68.355935,44.455877],[-68.353796,44.45418],[-68.354509,44.444],[-68.361877,44.439758],[-68.362114,44.438212],[-68.36568,44.435345],[-68.367344,44.431102],[-68.363779,44.427368],[-68.358787,44.42652],[-68.3566407206899,44.4269129481054],[-68.349518,44.428217],[-68.347616,44.425162],[-68.347379,44.422276],[-68.341437,44.422446],[-68.337872,44.421936],[-68.336921,44.42618],[-68.332405,44.426689],[-68.33288,44.430933],[-68.332167,44.435006],[-68.326225,44.43857],[-68.318857,44.444339],[-68.311964,44.444339],[-68.305072,44.440437],[-68.301744,44.436533],[-68.299063,44.437893],[-68.294266,44.433028],[-68.290811,44.432969],[-68.283918,44.433478],[-68.2837724310443,44.4335507615102],[-68.274411,44.43823],[-68.268469,44.439758],[-68.247438,44.433276],[-68.2445,44.429919],[-68.2428,44.423634],[-68.243037,44.420069],[-68.249956,44.417747],[-68.249956,44.414809],[-68.2486721967563,44.4141433423853],[-68.239472,44.409373],[-68.2360786658694,44.4067433656851],[-68.2314909090413,44.4031881240499],[-68.2288927790393,44.4011747261513],[-68.225449,44.398506],[-68.2251487665844,44.3983868330202],[-68.221171,44.396808],[-68.216893,44.393751],[-68.2161574187348,44.391965054356],[-68.21554,44.390466],[-68.2150537752787,44.3906102718862],[-68.2148769705727,44.3906627331192],[-68.21062000586,44.3919258534453],[-68.209049,44.392392],[-68.20354,44.392365],[-68.1985912149292,44.3878584053262],[-68.196937,44.386352],[-68.195789,44.383288],[-68.192021,44.379534],[-68.189155,44.373833],[-68.184532,44.369145],[-68.184341,44.3686496288741],[-68.181983,44.362534],[-68.182667,44.356885],[-68.179577,44.349407],[-68.176726,44.347148],[-68.174496,44.345181],[-68.176487,44.341759],[-68.174099,44.337679],[-68.175536,44.332069],[-68.173608,44.328397],[-68.177304,44.325448],[-68.178864,44.326288],[-68.180528,44.328668],[-68.182667,44.328668],[-68.185033,44.32515],[-68.189559,44.317786],[-68.189797,44.313704],[-68.188549,44.311637],[-68.188931,44.307315],[-68.191924,44.306675],[-68.193548,44.30688],[-68.193362,44.309793],[-68.195501,44.310983],[-68.1972568121358,44.3094577437246],[-68.198829,44.308092],[-68.20073,44.305541],[-68.202394,44.301118],[-68.207875,44.298189],[-68.214745,44.296001],[-68.218081,44.298737],[-68.22093,44.29403],[-68.224261,44.290231],[-68.228152,44.289632],[-68.230916,44.287849],[-68.233435,44.288578],[-68.235907,44.28904],[-68.239234,44.295845],[-68.242562,44.295505],[-68.244939,44.291251],[-68.242324,44.288189],[-68.248261,44.288317],[-68.253495,44.292612],[-68.259437,44.288019],[-68.266798,44.28843],[-68.273698,44.290911],[-68.276703,44.291072],[-68.278226,44.295604],[-68.281303,44.302169],[-68.2836732121185,44.3020225914172],[-68.283958,44.302005],[-68.284163,44.298495],[-68.286259,44.296424],[-68.284949,44.294929],[-68.28222,44.294318],[-68.279557,44.287934],[-68.280237,44.28645],[-68.294614,44.286658],[-68.300556,44.294314],[-68.302172,44.293701],[-68.304359,44.294484],[-68.3075860246274,44.2963320877416],[-68.309112,44.297206],[-68.313391,44.296015],[-68.314145,44.293606],[-68.317193,44.294314],[-68.320046,44.288019],[-68.318090959657,44.2869695151533],[-68.317764,44.286794],[-68.314570397965,44.28347586551],[-68.3142166326859,44.2831083053817],[-68.313866,44.282744],[-68.309588,44.27781],[-68.310301,44.275938],[-68.3113907763948,44.2746372991416],[-68.311727,44.274236],[-68.3119677256828,44.2737403659533],[-68.313628,44.270322],[-68.308012,44.268946],[-68.302933,44.269471],[-68.298643,44.26665],[-68.297641,44.263035],[-68.295265,44.261722],[-68.292502,44.252994],[-68.28986,44.250917],[-68.291049,44.246149],[-68.297704,44.242574],[-68.301031,44.236444],[-68.304739,44.237379],[-68.307686,44.235933],[-68.308081,44.231615],[-68.310592,44.228164],[-68.315165,44.227144],[-68.317588,44.225101],[-68.3204176661336,44.2248156259097],[-68.322407,44.224615],[-68.330182,44.224596],[-68.333831,44.221286],[-68.339498,44.222893],[-68.343132,44.229505],[-68.348567,44.233549],[-68.351657,44.237125],[-68.356886,44.236103],[-68.359976,44.2344],[-68.359626,44.232722],[-68.361164,44.230824],[-68.360671,44.227531],[-68.364558,44.226369],[-68.369483,44.232016],[-68.365364,44.237871],[-68.369759,44.243311],[-68.377982,44.247563],[-68.3820289288376,44.2469162705781],[-68.386292,44.246235],[-68.387071,44.244617],[-68.389595,44.245168],[-68.390862,44.247526],[-68.394677,44.250065],[-68.401268,44.252244],[-68.404544,44.253869],[-68.407274,44.256705],[-68.404445,44.26096],[-68.41087,44.265259],[-68.41965,44.274612],[-68.412978,44.274406],[-68.412503,44.27849],[-68.4087,44.279171],[-68.408225,44.281553],[-68.412028,44.284616],[-68.415831,44.285977],[-68.41797,44.284956],[-68.421302,44.284468],[-68.423674,44.283935],[-68.427477,44.28938],[-68.426107,44.295102],[-68.430946,44.298624],[-68.430853,44.312609],[-68.411965,44.322262],[-68.409027,44.32562],[-68.4094250398292,44.3274097576605],[-68.409867,44.329397],[-68.407036,44.337169],[-68.409651,44.340569],[-68.413929,44.339039],[-68.416865,44.333396],[-68.421619,44.336113],[-68.421471,44.337754],[-68.417019,44.339719],[-68.417166,44.344619],[-68.409867,44.356259],[-68.406089,44.356679],[-68.396552,44.363941],[-68.395516,44.369561],[-68.3971557494927,44.3738768154571],[-68.398035,44.376191],[-68.389032,44.380481],[-68.388497,44.384239],[-68.386235,44.384939],[-68.383981,44.38356],[-68.381605,44.380842],[-68.377326,44.382201],[-68.376851,44.384749],[-68.377089,44.390864],[-68.373048,44.393072],[-68.368295,44.393581],[-68.367565,44.39071],[-68.36372,44.388935],[-68.360318,44.389674],[-68.356411,44.392222],[-68.356997,44.394555],[-68.354747,44.397147],[-68.354271,44.400544],[-68.355935,44.40394],[-68.362115,44.405468],[-68.364716,44.410057],[-68.364967,44.414297],[-68.367751,44.417794],[-68.368532,44.420578],[-68.3705985979277,44.4222564911201],[-68.372909,44.424133],[-68.375663,44.424143],[-68.3791,44.430049],[-68.383031,44.432969],[-68.392776,44.435345],[-68.392063,44.428217],[-68.390932,44.427387],[-68.392559,44.41807],[-68.403778,44.408618],[-68.409175,44.406487],[-68.413216,44.399525],[-68.416412,44.397973],[-68.421783,44.396411],[-68.430804,44.396978],[-68.433901,44.401534],[-68.431755,44.404619],[-68.429462,44.409386],[-68.430456,44.412259],[-68.433894,44.413958],[-68.432556,44.426594],[-68.431396,44.431597],[-68.42819,44.437042],[-68.427001,44.441455],[-68.430329,44.456725],[-68.42941,44.464376],[-68.427952,44.470296],[-68.421772,44.470805],[-68.4228721102446,44.473061628982],[-68.425575,44.478606],[-68.424625,44.484541],[-68.425338,44.498275],[-68.429378,44.497936],[-68.42945421893,44.4978782395592],[-68.433181,44.495054],[-68.434904,44.492451],[-68.437222,44.490137],[-68.437222,44.482676],[-68.441262,44.482846],[-68.450294,44.48505],[-68.45592,44.486828],[-68.459326,44.489459],[-68.464306,44.489477],[-68.466932,44.490307],[-68.473111,44.486746],[-68.468833,44.481828],[-68.468358,44.46843],[-68.467169,44.464698],[-68.463842,44.462493],[-68.458375,44.453841],[-68.458375,44.447054],[-68.462416,44.443321],[-68.467882,44.441624],[-68.47121,44.440267],[-68.465506,44.433818],[-68.458375,44.420069],[-68.458849,44.412141],[-68.457662,44.407676],[-68.464106,44.398078],[-68.463339,44.394602],[-68.464262,44.391081],[-68.4619,44.386279],[-68.459349,44.385365],[-68.462823,44.38262],[-68.462152,44.379396],[-68.466219,44.379823],[-68.466109,44.377245],[-68.468595,44.376765],[-68.470474,44.379051],[-68.478708,44.37894],[-68.483317,44.388157],[-68.482856,44.393581],[-68.480798,44.397391],[-68.479529,44.399695],[-68.474537,44.401393],[-68.472824,44.404106],[-68.476201,44.414127],[-68.480479,44.430593],[-68.475963,44.431102],[-68.476677,44.445018],[-68.473349,44.445867],[-68.4743,44.451127],[-68.479766,44.45418],[-68.482619,44.451975],[-68.48417,44.447415],[-68.4864857452166,44.4453794879779],[-68.486897,44.445018],[-68.486659,44.440097],[-68.48928,44.432394],[-68.493552,44.432121],[-68.494649,44.429709],[-68.495216,44.423464],[-68.499686,44.414179],[-68.505562,44.411661],[-68.51452,44.41334],[-68.516607,44.412599],[-68.521038,44.408092],[-68.523024,44.4036],[-68.527778,44.398506],[-68.534522,44.397811],[-68.555088,44.403687],[-68.560964,44.402847],[-68.563785,44.400308301644],[-68.565161,44.39907],[-68.5651667782143,44.3990488101543],[-68.5660716480454,44.3957304749597],[-68.5662097093366,44.395224177119],[-68.5664010249493,44.3945225852333],[-68.56642,44.394453],[-68.5660931423693,44.392654536781],[-68.5657912408291,44.3909933890367],[-68.565544,44.389633],[-68.5655144155817,44.3894703778052],[-68.564741,44.385219],[-68.558438,44.379483],[-68.559285,44.374307],[-68.550051,44.371788],[-68.546792,44.362323],[-68.545434,44.355],[-68.549407,44.349747],[-68.553873,44.346256],[-68.554798,44.341134],[-68.5622124280803,44.3339981308632],[-68.563209,44.333039],[-68.562717,44.326118],[-68.566936,44.317603],[-68.566203,44.313007],[-68.564005,44.308022],[-68.556236,44.300819],[-68.551216,44.297642],[-68.55012,44.291932],[-68.54085,44.291081],[-68.536334,44.291251],[-68.538949,44.295845],[-68.538595,44.299902],[-68.530867,44.300438],[-68.531433,44.296562],[-68.528163,44.294054],[-68.530862,44.291645],[-68.532266,44.28634],[-68.528728,44.281553],[-68.528611,44.276117],[-68.520851,44.267334],[-68.518984,44.265216],[-68.519221,44.259088],[-68.522786,44.260109],[-68.525876,44.259599],[-68.53063,44.262492],[-68.539186,44.262322],[-68.543725,44.265897],[-68.544415,44.269641],[-68.548693,44.269811],[-68.552734,44.274917],[-68.555349,44.273896],[-68.555111,44.270662],[-68.556537,44.267769],[-68.553922,44.263514],[-68.555111,44.261301],[-68.553209,44.258918],[-68.546792,44.258747],[-68.542514,44.258407],[-68.533007,44.254321],[-68.529802,44.249594],[-68.528153,44.241263],[-68.522549,44.236955],[-68.52136,44.232186],[-68.522786,44.228099],[-68.527018,44.227882],[-68.534595,44.229331],[-68.543424,44.233255],[-68.548931,44.2344],[-68.552021,44.236444],[-68.552021,44.24019],[-68.548693,44.243595],[-68.550833,44.246149],[-68.557488,44.245979],[-68.562687,44.248059],[-68.572772,44.252741],[-68.577215,44.254151],[-68.585772,44.259599],[-68.589099,44.263684],[-68.603385,44.27471],[-68.613953,44.275225],[-68.624572,44.279183],[-68.625726,44.286542],[-68.622613,44.291961],[-68.619023,44.293594],[-68.619113,44.295451],[-68.6206718698734,44.2967264389873],[-68.62139,44.297314],[-68.62425,44.302107],[-68.62624,44.30197],[-68.631148,44.29577],[-68.631101,44.292698],[-68.629995,44.288125],[-68.632292,44.286417],[-68.643614,44.289733],[-68.649682,44.289605],[-68.655239,44.292476],[-68.666078,44.293288],[-68.671099,44.295334],[-68.679464,44.303104],[-68.681654,44.302752],[-68.682768,44.298327],[-68.684568,44.296331],[-68.6894,44.296695],[-68.693398,44.299441],[-68.694629,44.301969],[-68.697719,44.30486],[-68.6975830802617,44.3056057475681],[-68.697006,44.308772],[-68.725657,44.321591],[-68.733371,44.326968],[-68.733371,44.330794],[-68.739313,44.333174],[-68.744443,44.330737],[-68.750721,44.329433],[-68.762021,44.329597],[-68.76617,44.325013],[-68.771489,44.320523],[-68.773975,44.318832],[-68.780669,44.319571],[-68.787799,44.318211],[-68.788037,44.31498],[-68.790849,44.310124],[-68.795063,44.30786],[-68.80222,44.308392],[-68.811146,44.309302],[-68.820011,44.31088],[-68.823214,44.309708],[-68.827197,44.31216],[-68.828377,44.316549],[-68.82763,44.321094],[-68.824015,44.324302],[-68.819648,44.326713],[-68.824303,44.331322],[-68.825419,44.334547],[-68.822919,44.343705],[-68.821374,44.345524],[-68.821311,44.349594],[-68.82155,44.352042],[-68.817647,44.353093],[-68.816852991741,44.355641049776],[-68.814811,44.362194],[-68.815913,44.366371],[-68.811805,44.369884],[-68.8102635696165,44.3728227345039],[-68.809666,44.373962],[-68.809903,44.375831],[-68.8102750048937,44.3785746663451],[-68.810617,44.381097],[-68.8107145457015,44.3811086060687],[-68.814895,44.381606],[-68.8181074559793,44.3814972231896],[-68.819886,44.381437],[-68.820958,44.383815],[-68.821275,44.39367],[-68.8180318975521,44.3958425829165],[-68.817985,44.395874],[-68.812993,44.395704],[-68.811805,44.39927],[-68.8118337611481,44.3993088188099],[-68.813944,44.402157],[-68.818222,44.401987],[-68.821827,44.407081],[-68.821767,44.40894],[-68.81903,44.417074],[-68.816439,44.419789],[-68.817034,44.425416],[-68.815325,44.42808],[-68.812013,44.430342],[-68.801634,44.434803],[-68.800332,44.438483],[-68.800159,44.444933],[-68.799514,44.448921],[-68.797452,44.450995],[-68.791237,44.453178],[-68.783283,44.447139],[-68.783281951852,44.447156597853],[-68.782808,44.455114],[-68.785898,44.459016],[-68.786849,44.463426],[-68.783679,44.473879],[-68.777817,44.484965],[-68.778728,44.489886],[-68.777817,44.494799],[-68.7788152956821,44.4972408786476],[-68.7797987643103,44.4996464896174],[-68.781144,44.502937],[-68.78566,44.51209],[-68.794217,44.520056],[-68.797306,44.525817],[-68.8023408031601,44.5249197141733],[-68.805863,44.524292],[-68.806554,44.51514],[-68.80919,44.513446],[-68.808715,44.509039],[-68.805388,44.505141],[-68.808953,44.500564],[-68.807764,44.49836],[-68.809903,44.495986],[-68.814419,44.496664],[-68.817272,44.494969],[-68.823214,44.491748],[-68.827729,44.490561],[-68.83177,44.488017],[-68.834622,44.484965],[-68.835098,44.481404],[-68.826303,44.471568],[-68.825353,44.468176],[-68.812993,44.47055],[-68.810059,44.468737],[-68.811092,44.46614],[-68.821631,44.465077],[-68.829153,44.462242],[-68.831295,44.457998],[-68.843189,44.451636],[-68.852097,44.448606],[-68.858993,44.444923],[-68.8646410659239,44.4399969137417],[-68.870884,44.434552],[-68.874319,44.432195],[-68.875153,44.429898],[-68.880271,44.428112],[-68.884297,44.428132],[-68.886491,44.430676],[-68.890826,44.437995],[-68.8928,44.443415],[-68.892073,44.445075],[-68.8960463851272,44.4494724971951],[-68.897104,44.450643],[-68.900934,44.452062],[-68.907724,44.451032],[-68.911868,44.454435],[-68.916146,44.453756],[-68.921613,44.45664],[-68.923752,44.452738],[-68.926842,44.451211],[-68.927452,44.448039],[-68.927675,44.445392],[-68.928127433411,44.4446800467902],[-68.931934,44.43869],[-68.93874,44.434238],[-68.943733,44.428367],[-68.946396,44.428279],[-68.950135,44.430508],[-68.957821,44.428554],[-68.9579012611291,44.4285495434405],[-68.961549,44.428347],[-68.966509,44.427836],[-68.972239,44.425586],[-68.982221,44.425586],[-68.986975,44.425586],[-68.992442,44.428641],[-68.9956933515354,44.4269693609995],[-68.998384,44.425586],[-68.994473,44.422215],[-68.990767,44.415033],[-68.981508,44.398761],[-68.984404,44.396879],[-68.987688,44.393496],[-68.9874976817627,44.39321103743],[-68.982697,44.386023],[-68.978815,44.38634],[-68.9673,44.381106],[-68.961111,44.375076],[-68.955639,44.368531],[-68.948164,44.355882],[-68.949883,44.339993],[-68.954465,44.32405],[-68.958889,44.314353],[-68.963443,44.308317],[-68.980195,44.29483],[-68.982697,44.298141],[-68.98547,44.298374],[-68.995059,44.297568],[-68.9954378221164,44.2974368202668],[-69.003682,44.294582],[-69.001103,44.290654],[-69.003375,44.288274],[-69.007178,44.282489],[-69.004326,44.277724],[-69.005071,44.274071],[-69.017051,44.257086],[-69.028368,44.249007],[-69.031531,44.242483],[-69.035983,44.23762],[-69.040193,44.233673],[-69.043599,44.225029],[-69.043486937899,44.2236344494099],[-69.043439805668,44.2230479149798],[-69.042807,44.215173],[-69.046443,44.212057],[-69.045577,44.209251],[-69.0471311202359,44.2100452572048],[-69.0498652022028,44.2114425521183],[-69.04996,44.211491],[-69.054714,44.211491],[-69.056377,44.209787],[-69.05923,44.207913],[-69.0588041659125,44.2068665843848],[-69.057566,44.203824],[-69.054714,44.203313],[-69.0521058590652,44.1966731976822],[-69.05181,44.19592],[-69.05209,44.193429],[-69.0540377223394,44.1912413873754],[-69.055427,44.189681],[-69.0555376953247,44.1892301876013],[-69.057081,44.182945],[-69.055772,44.177056],[-69.053362,44.175366],[-69.054546,44.171542],[-69.06124,44.165498],[-69.062557,44.172465],[-69.066835,44.178432],[-69.072064,44.184397],[-69.074203,44.183545],[-69.073253,44.178432],[-69.073253,44.175875],[-69.077776,44.165043],[-69.079835,44.160953],[-69.0807026779028,44.1577760690959],[-69.080978,44.156768],[-69.078133,44.150812],[-69.079608,44.143962],[-69.082284,44.139213],[-69.087276,44.138872],[-69.09298,44.13529],[-69.091316,44.133755],[-69.089177,44.132049],[-69.08585,44.134608],[-69.078719,44.134437],[-69.075867,44.134608],[-69.075667,44.129991],[-69.076342,44.124884],[-69.080331,44.117824],[-69.081905,44.115495],[-69.085865,44.114137],[-69.092505,44.118229],[-69.098209,44.1184],[-69.100823,44.116864],[-69.100836,44.113111],[-69.104389,44.11055],[-69.1041499514558,44.1096920403584],[-69.1038543207133,44.1086310037944],[-69.103676,44.107991],[-69.100863,44.104529],[-69.1010841535652,44.1043951537714],[-69.105577,44.101676],[-69.103294,44.097552],[-69.100588,44.096726],[-69.101107,44.093601],[-69.1049419071315,44.0917129303005],[-69.107241,44.090581],[-69.1032,44.086996],[-69.103438,44.077947],[-69.098209,44.083069],[-69.092,44.085734],[-69.089078,44.085326],[-69.076452,44.090634],[-69.067718,44.091398],[-69.064016,44.091688],[-69.062795,44.089215],[-69.056303,44.095162],[-69.050814,44.094888],[-69.043403,44.092164],[-69.047108,44.086142],[-69.052099,44.085288],[-69.052812,44.079483],[-69.053288,44.077264],[-69.059705,44.069238],[-69.064299,44.069911],[-69.067876,44.067596],[-69.070566,44.064814],[-69.069687,44.058478],[-69.0742747960873,44.0589222361629],[-69.076627,44.05915],[-69.079805,44.055256],[-69.076092,44.050882],[-69.073767,44.046135],[-69.077056,44.04225],[-69.081131,44.041295],[-69.094177,44.038981],[-69.098209,44.035073],[-69.107405,44.031926],[-69.110271661155,44.0303967457574],[-69.113113,44.028881],[-69.115322,44.02482],[-69.1178102628463,44.0230307041965],[-69.1183791312122,44.0226216341573],[-69.120313,44.021231],[-69.125738,44.019623],[-69.128052,44.017309],[-69.125304,44.01354],[-69.123641,44.007215],[-69.121026,44.003454],[-69.116035,44.001231],[-69.110093,44.000376],[-69.109855,43.998325],[-69.113183,43.994563],[-69.125878,43.995992],[-69.127206,43.999351],[-69.127444,44.002428],[-69.1295385989764,44.0028047898432],[-69.132197,44.003283],[-69.136,44.000547],[-69.135287,43.996957],[-69.138852,43.992682],[-69.141704,43.990117],[-69.141942,43.986526],[-69.1365191909889,43.9853733030759],[-69.1363477986502,43.9853368711416],[-69.131484,43.984303],[-69.126968,43.982764],[-69.123502,43.979015],[-69.125281,43.977915],[-69.131536,43.976089],[-69.144081,43.979514],[-69.14622,43.981567],[-69.149103,43.985845],[-69.149072,43.991656],[-69.153588,43.992169],[-69.156441,43.987381],[-69.160693,43.989168],[-69.162559,43.999003],[-69.168087,43.995418],[-69.170327,43.990844],[-69.17725,43.985575],[-69.176072,43.981647],[-69.17498,43.976949],[-69.178934,43.976137],[-69.1794835070454,43.9759616494617],[-69.182823,43.974896],[-69.183443,43.972533],[-69.181832,43.97055],[-69.185077,43.967736],[-69.1846618581491,43.9637350536181],[-69.184459,43.96178],[-69.184724,43.959671],[-69.191842,43.957877],[-69.19461,43.951986],[-69.203668,43.941806],[-69.211474,43.936979],[-69.210265,43.933983],[-69.212058,43.931093],[-69.214866,43.930751],[-69.22204,43.93366],[-69.229884,43.931606],[-69.237368,43.931596],[-69.244276,43.930399],[-69.24271,43.925465],[-69.254378,43.919704],[-69.261119,43.917388],[-69.268306,43.916732],[-69.273949,43.914215],[-69.279321,43.915685],[-69.279796,43.922362],[-69.274544,43.927897],[-69.273141,43.936399],[-69.270051,43.93965],[-69.267515,43.943667],[-69.271002,43.945469],[-69.276469,43.948378],[-69.280498,43.95744],[-69.2825590521408,43.9581048365334],[-69.283998,43.958569],[-69.288513,43.957665],[-69.29275,43.954539],[-69.294651,43.951629],[-69.307776,43.943451],[-69.314141,43.942389],[-69.317469,43.940506],[-69.319608,43.942902],[-69.319751,43.94487],[-69.312953,43.951458],[-69.305176,43.956676],[-69.304301,43.962068],[-69.306545,43.963082],[-69.310338,43.961211],[-69.313666,43.961382],[-69.31319,43.964633],[-69.318895,43.96737],[-69.3217732181619,43.9689662287709],[-69.325334,43.970941],[-69.328639,43.967199],[-69.333868,43.965659],[-69.330303,43.958645],[-69.323411,43.955052],[-69.322222,43.951116],[-69.327689,43.945811],[-69.332918,43.944956],[-69.336483,43.945983],[-69.340286,43.949747],[-69.345356,43.947235],[-69.345752,43.944271],[-69.349318,43.937426],[-69.354547,43.930237],[-69.360251,43.931606],[-69.362865,43.927498],[-69.365728,43.924876],[-69.375225,43.924588],[-69.374274,43.928354],[-69.367923,43.932071],[-69.361439,43.938281],[-69.364633,43.943472],[-69.362802,43.946174],[-69.357399,43.949918],[-69.355973,43.954538],[-69.351219,43.952998],[-69.34908,43.956934],[-69.348842,43.9595],[-69.346465,43.963093],[-69.33981,43.96583],[-69.330066,43.971817],[-69.331411,43.974311],[-69.335762,43.974404],[-69.341237,43.969251],[-69.345752,43.96908],[-69.34599,43.972501],[-69.3429,43.979685],[-69.34599,43.981567],[-69.350506,43.983448],[-69.353596,43.979514],[-69.35621,43.977291],[-69.354071,43.974896],[-69.354071,43.97233],[-69.366702,43.964755],[-69.368807,43.966343],[-69.369996,43.973015],[-69.371184,43.977462],[-69.366193,43.987723],[-69.36239,43.993879],[-69.366431,43.995247],[-69.3682870397625,43.9951357157085],[-69.374987,43.994734],[-69.379028,43.995418],[-69.380046,43.991093],[-69.379978,43.98721],[-69.381335,43.982847],[-69.384257,43.978488],[-69.384019,43.974212],[-69.389248,43.970791],[-69.394239,43.969422],[-69.398325,43.970694],[-69.39828,43.977633],[-69.399468,43.982422],[-69.406123,43.985842],[-69.416165,43.977267],[-69.419433,43.968225],[-69.423236,43.961553],[-69.428227,43.957276],[-69.430604,43.958302],[-69.431686,43.964546],[-69.427277,43.973015],[-69.426801,43.978317],[-69.43203,43.97712],[-69.437734,43.975751],[-69.4426372553599,43.968052448364],[-69.442963,43.967541],[-69.4413,43.966343],[-69.441596,43.964254],[-69.447479,43.947352],[-69.45107,43.941955],[-69.450332,43.936227],[-69.45556,43.924759],[-69.459637,43.903316],[-69.462453,43.898047],[-69.475526,43.884002],[-69.483498,43.88028],[-69.482186,43.87861],[-69.4835765781753,43.8753565200789],[-69.486243,43.869118],[-69.492929,43.859765],[-69.49316,43.857085],[-69.496758,43.851312],[-69.49866,43.846203],[-69.50329,43.837673],[-69.506899,43.834817],[-69.509038,43.836017],[-69.514889,43.831298],[-69.516212,43.837222],[-69.513267,43.84479],[-69.515331,43.847232],[-69.517623,43.85704],[-69.521635,43.8607],[-69.522111,43.865327],[-69.520301,43.868498],[-69.519259,43.871153],[-69.525438,43.872181],[-69.525438,43.877149],[-69.525851945043,43.8771260923617],[-69.531618,43.876807],[-69.536372,43.877321],[-69.540837,43.88066],[-69.5437920843931,43.8815777579172],[-69.543912,43.881615],[-69.54945,43.880012],[-69.550908,43.877971],[-69.550616,43.872579],[-69.548018,43.869782],[-69.545028,43.861241],[-69.547727,43.852078],[-69.548936,43.844613],[-69.551345,43.841331],[-69.550291,43.838266],[-69.551703,43.834628],[-69.555805,43.832688],[-69.558122,43.84066],[-69.564655,43.842188],[-69.568325,43.844449],[-69.5714831754809,43.8441333269247],[-69.572697,43.844012],[-69.575466,43.841972],[-69.576732,43.834258],[-69.578916,43.828816],[-69.578527,43.823316],[-69.579602,43.821571],[-69.585096,43.822128],[-69.585975,43.818451],[-69.590565,43.813776],[-69.592916,43.811382],[-69.596467,43.812255],[-69.604179,43.813551],[-69.605928,43.814862],[-69.605061,43.820585],[-69.606311,43.823434],[-69.604616,43.825793],[-69.598495,43.825502],[-69.592373,43.830895],[-69.594365,43.835845],[-69.591751,43.846131],[-69.589167,43.851299],[-69.591276,43.851959],[-69.594705,43.858878],[-69.6005748931504,43.8583603643816],[-69.604616,43.858004],[-69.606962,43.847674],[-69.612705,43.845801],[-69.6150663339719,43.8465304360947],[-69.615994,43.846817],[-69.617658,43.845274],[-69.614331,43.841674],[-69.613069,43.837453],[-69.61511,43.831623],[-69.616707,43.828987],[-69.621086,43.826814],[-69.623362,43.827272],[-69.624683,43.830811],[-69.629067,43.833102],[-69.630268,43.837016],[-69.630968,43.840131],[-69.629685,43.843429],[-69.625026,43.846131],[-69.6262142615467,43.8476547968315],[-69.627165,43.848874],[-69.63287,43.847845],[-69.6363498705516,43.847845],[-69.638812,43.847845],[-69.639525,43.843903],[-69.641426,43.839103],[-69.645704,43.83636],[-69.649798,43.836287],[-69.6498998092384,43.8357071916589],[-69.650444,43.832608],[-69.648319,43.830016],[-69.645704,43.819384],[-69.64713,43.817669],[-69.649982,43.821785],[-69.65315,43.817194],[-69.6503013670591,43.8111535370438],[-69.65022,43.810981],[-69.6507062943878,43.80512920332],[-69.650818,43.803785],[-69.653337,43.79103],[-69.652247,43.784311],[-69.655611,43.781039],[-69.661376,43.783385],[-69.664922,43.791033],[-69.6683,43.795192],[-69.668668,43.801399],[-69.678504,43.807036],[-69.682069,43.810809],[-69.685872,43.810123],[-69.685473,43.816328],[-69.685579,43.820546],[-69.689227,43.822565],[-69.690388,43.825386],[-69.687061,43.828301],[-69.686229,43.835229],[-69.68234,43.839898],[-69.685234,43.842308],[-69.684501,43.844057],[-69.681437,43.846476],[-69.681306,43.851692],[-69.6807979022291,43.8538699542288],[-69.680196,43.85645],[-69.685408,43.859865],[-69.687485,43.867701],[-69.6865272869886,43.8705799516443],[-69.684684,43.876121],[-69.684921,43.880576],[-69.687298,43.885372],[-69.685115,43.897015],[-69.678504,43.912774],[-69.6728,43.918938],[-69.671374,43.923561],[-69.6729086452789,43.9244819485957],[-69.6746166880014,43.9255069538971],[-69.677078,43.926984],[-69.680168,43.923389],[-69.684684,43.923903],[-69.688962,43.920821],[-69.691576,43.917226],[-69.692289,43.908151],[-69.692765,43.900103],[-69.695855,43.894965],[-69.696092,43.887428],[-69.698231,43.88109],[-69.698877,43.875946],[-69.701084,43.871667],[-69.704887,43.869096],[-69.70501,43.86275],[-69.7028415007163,43.8546571039805],[-69.701797,43.850759],[-69.702418,43.846092],[-69.70655,43.83516],[-69.704411,43.826758],[-69.705837,43.820413],[-69.714873,43.810264],[-69.717804,43.801047],[-69.717074,43.792403],[-69.719723,43.786685],[-69.721559,43.782],[-69.7227038833536,43.7810832075272],[-69.7309776000924,43.774457832808],[-69.732933,43.772892],[-69.741014,43.769288],[-69.745872,43.761852],[-69.751635,43.748262],[-69.754091,43.743866],[-69.757417,43.743803],[-69.76597,43.745769],[-69.7674643935467,43.7430700384956],[-69.770724,43.737183],[-69.778633,43.73689],[-69.77833,43.742506],[-69.782845,43.742335],[-69.789976,43.739416],[-69.793541,43.735638],[-69.790309,43.732596],[-69.791402,43.730142],[-69.795918,43.731001],[-69.803048,43.729111],[-69.805663,43.726363],[-69.813031,43.727394],[-69.826579,43.722584],[-69.833471,43.717775],[-69.828955,43.70678],[-69.833471,43.701281],[-69.836799,43.699735],[-69.838194,43.701155],[-69.839704,43.705061],[-69.846617,43.706347],[-69.851297,43.703581],[-69.855081,43.704746],[-69.85257,43.712277],[-69.850347,43.717775],[-69.8551,43.718634],[-69.857927,43.723915],[-69.855595,43.73266],[-69.851535,43.739416],[-69.848683,43.742163],[-69.854625,43.744567],[-69.862706,43.743022],[-69.864845,43.735122],[-69.868637,43.731332],[-69.870255,43.730882],[-69.871116,43.731644],[-69.870585,43.736055],[-69.868673,43.742701],[-69.869081,43.747785],[-69.868913,43.753178],[-69.867748,43.755557],[-69.861517,43.759332],[-69.8622173936088,43.7604846578236],[-69.864701,43.764572],[-69.869123,43.766541],[-69.87089,43.764487],[-69.873058,43.766429],[-69.871738,43.773922],[-69.869361,43.777354],[-69.873401,43.778384],[-69.880555,43.776601],[-69.884066,43.778035],[-69.887390287866,43.777052327585],[-69.894871,43.774841],[-69.901804,43.771615],[-69.903824,43.774265],[-69.910242,43.777697],[-69.913522,43.774953],[-69.915593,43.775112],[-69.916421,43.777354],[-69.920859,43.777447],[-69.925216,43.781816],[-69.9273707713802,43.7824269772493],[-69.931871,43.783703],[-69.943459,43.765216],[-69.946408,43.764606],[-69.949547,43.767488],[-69.951028,43.772356],[-69.9510924824974,43.7723561357007],[-69.956255,43.772367],[-69.972304,43.753466],[-69.979882,43.753838],[-69.983685,43.744395],[-69.994479,43.728451],[-69.992396,43.726852],[-69.992615,43.724793],[-69.998292,43.7179],[-70.000105,43.715291],[-69.998659,43.711418],[-70.001273,43.710388],[-70.006264,43.710216],[-70.005314,43.713652],[-70.007206,43.717629],[-70.005324,43.720252],[-70.003237,43.721786],[-70.000884,43.724551],[-69.998745,43.727351],[-69.9975731801286,43.728701357521],[-69.996986,43.729378],[-69.996249,43.729944],[-69.997242,43.730684],[-69.998118,43.730788],[-69.999917,43.729131],[-70.001405,43.727393],[-70.002591,43.72586],[-70.004021,43.724328],[-70.005257,43.724431],[-70.00433,43.727214],[-70.003194,43.728752],[-69.99926,43.733345],[-69.998968,43.733101],[-69.998997,43.732683],[-69.998476,43.73258],[-69.997827,43.732833],[-69.997721,43.733405],[-69.997749,43.733909],[-69.997806,43.734476],[-69.998186,43.734554],[-69.998644,43.734697],[-69.998901,43.735538],[-69.998436,43.736661],[-69.9984357176409,43.7366615085127],[-69.994618,43.743537],[-70.001748,43.746456],[-70.011493,43.743365],[-70.014821,43.739072],[-70.026467,43.72894],[-70.02314,43.741648],[-70.021001,43.746456],[-70.023377,43.74886],[-70.030508,43.743537],[-70.035974,43.743193],[-70.041203,43.737527],[-70.045006,43.736668],[-70.040768,43.745049],[-70.043342,43.748001],[-70.0399711498279,43.7510089446345],[-70.0395039791163,43.7514258197739],[-70.035261,43.755212],[-70.0345592792109,43.75615],[-70.028852,43.763779],[-70.024572,43.76625],[-70.023206,43.765605],[-70.020337,43.765848],[-70.019277,43.767353],[-70.016627,43.778667],[-70.013905,43.782242],[-70.010593,43.782769],[-70.004247,43.786573],[-70.005079,43.788923],[-70.003021,43.789657],[-70.00059,43.791465],[-70.001395,43.792514],[-70.000478,43.796254],[-69.997505,43.800926],[-69.9971759733844,43.8016262317342],[-69.9956241925127,43.8049287190088],[-69.9948896065685,43.8064920587671],[-69.9939010916195,43.8085958081427],[-69.993667,43.809094],[-69.992241,43.808065],[-69.989389,43.809437],[-69.988201,43.812524],[-69.983923,43.813896],[-69.981308,43.812181],[-69.9807644181216,43.8128941328525],[-69.976079,43.819041],[-69.9762378747637,43.8204448113976],[-69.9762799130505,43.820816260109],[-69.97703,43.827444],[-69.964332,43.838741],[-69.95904,43.846577],[-69.954123,43.847693],[-69.951946,43.853071],[-69.952549,43.854873],[-69.951809,43.856677],[-69.946951865119,43.859032017976],[-69.94504,43.859959],[-69.947206,43.864473],[-69.952049,43.864715],[-69.953871,43.861555],[-69.959263,43.859107],[-69.960141,43.856054],[-69.966575,43.853732],[-69.972848,43.852879],[-69.978739,43.853845],[-69.981486,43.853128],[-69.983016,43.851284],[-69.986775,43.850931],[-69.989751,43.848791],[-69.992717,43.84836],[-69.996995,43.84356],[-69.99652,43.841331],[-70.002699,43.83636],[-70.005551,43.837731],[-70.008404,43.836017],[-70.00769,43.834302],[-70.014108,43.83053],[-70.014836,43.828466],[-70.017198,43.82693],[-70.026193,43.822587],[-70.02718,43.824014],[-70.023377,43.82813],[-70.02314,43.83053],[-70.008166,43.840817],[-70.006954,43.844158],[-70.002874,43.848239],[-69.995569,43.85213],[-69.9943034179591,43.8544623629758],[-69.99343,43.856072],[-69.991528,43.861728],[-69.987725,43.862927],[-69.988438,43.866355],[-69.9924827398515,43.8668033247246],[-69.994618,43.86704],[-70.001273,43.86447],[-70.005314,43.860528],[-70.010067,43.8583],[-70.019197,43.858733],[-70.0228454313419,43.856245433176],[-70.0232508956276,43.8559689802539],[-70.0283503186264,43.8524921009365],[-70.032023,43.849988],[-70.0348580288852,43.847605463848],[-70.0397086663698,43.8435290259579],[-70.0412643566591,43.8422216359786],[-70.041916,43.841674],[-70.039777,43.838931],[-70.044055,43.834988],[-70.04153,43.831065],[-70.044565,43.829749],[-70.048334,43.832416],[-70.053563,43.830187],[-70.058384,43.824682],[-70.058064,43.823399],[-70.055298,43.823284],[-70.054088,43.821939],[-70.057841,43.816983],[-70.066598,43.810525],[-70.068588,43.811362],[-70.066576,43.819598],[-70.063633,43.825629],[-70.06613,43.827176],[-70.073275,43.824103],[-70.07536,43.824724],[-70.077204,43.828206],[-70.080548,43.827601],[-70.081699,43.823646],[-70.080234,43.820921],[-70.080683,43.819852],[-70.094332,43.815956],[-70.099197,43.809094],[-70.107041,43.80755],[-70.1074090335231,43.8071641452953],[-70.113381,43.800903],[-70.119515,43.801439],[-70.13622,43.795022],[-70.141326,43.79711],[-70.1446917242277,43.7968200971789],[-70.144867,43.796805],[-70.145151,43.794611],[-70.142191,43.789288],[-70.154159,43.780145],[-70.153275,43.775583],[-70.162182,43.770832],[-70.176023,43.76079],[-70.180484,43.761564],[-70.175492,43.772892],[-70.17544,43.777113],[-70.1782883132975,43.7761919766093],[-70.186901,43.773407],[-70.189012,43.770226],[-70.194269,43.768601],[-70.192368,43.765168],[-70.193794,43.759675],[-70.197593,43.753211],[-70.192605,43.748344],[-70.193794,43.741648],[-70.1978514604378,43.7380156643213],[-70.217998,43.71998],[-70.2178550350699,43.7196464495214],[-70.2170045619631,43.7176622166637],[-70.216611,43.716744],[-70.2161657969035,43.7161272407313],[-70.2139428477454,43.7130476923009],[-70.213759,43.712793],[-70.215666,43.707737],[-70.216832,43.704822],[-70.2167283543036,43.704711154512],[-70.213521,43.701281],[-70.21471,43.697329],[-70.21875,43.698188],[-70.222791,43.701453],[-70.2243449820189,43.7015908483463],[-70.227909,43.701907],[-70.23199,43.704822],[-70.235625,43.698876],[-70.2347622618023,43.6971480099615],[-70.232536,43.692689],[-70.22802,43.69183],[-70.226118,43.688736],[-70.230634,43.686158],[-70.2319476597029,43.6859777712923],[-70.234621,43.685611],[-70.2367039321616,43.6874817683902],[-70.237527,43.688221],[-70.2412459658493,43.692007367939],[-70.242548,43.693333],[-70.2456810524746,43.6904015288733],[-70.246216,43.689901],[-70.245274,43.689665],[-70.244668,43.689275],[-70.244657,43.688221],[-70.246485,43.68689],[-70.247466,43.68693],[-70.247956,43.68721],[-70.249146,43.687063],[-70.250341,43.686334],[-70.251408,43.685176],[-70.251705,43.683877],[-70.251279,43.683743],[-70.250909,43.683269],[-70.250879,43.682397],[-70.25125,43.6816],[-70.250826,43.681376],[-70.250909634198,43.6810501126164],[-70.2519037952829,43.677176283935],[-70.2519289331565,43.6770783321874],[-70.252025,43.676704],[-70.25282711862,43.675252302412],[-70.252961,43.67501],[-70.247321,43.671973],[-70.2422535244212,43.6709094287067],[-70.240379,43.670516],[-70.23824,43.665874],[-70.2415453280124,43.6632011023226],[-70.24228,43.662607],[-70.240987,43.659132],[-70.2389507563683,43.6579913683821],[-70.234912,43.655729],[-70.2345157845444,43.6551738209942],[-70.231592,43.651077],[-70.22802,43.650226],[-70.225167,43.650226],[-70.226704,43.643173],[-70.2258296645712,43.6428105392734],[-70.224217,43.642142],[-70.22299,43.639023],[-70.2216490839582,43.6339324701157],[-70.221365,43.632854],[-70.219701,43.631993],[-70.21875,43.628897],[-70.21471,43.628381],[-70.211204,43.625765],[-70.207491,43.623483],[-70.209956,43.613239],[-70.213491,43.609223],[-70.2140766470222,43.6049793115774],[-70.214466,43.602158],[-70.217486,43.597091],[-70.214497,43.595646],[-70.216281,43.592708],[-70.214849,43.590152],[-70.2120592471975,43.589177113756],[-70.210465,43.58862],[-70.206232,43.588437],[-70.203068,43.586286],[-70.204051,43.581701],[-70.207781,43.578228],[-70.206559,43.574956],[-70.202913,43.574497],[-70.199973,43.56917],[-70.196911,43.565146],[-70.201397,43.560741],[-70.206123,43.557627],[-70.216782,43.556874],[-70.2172381684137,43.5576755617529],[-70.2191105406648,43.5609656229203],[-70.219784,43.562149],[-70.223376,43.564033],[-70.227914,43.563471],[-70.231963,43.561118],[-70.244331,43.551849],[-70.251425,43.553049],[-70.257768,43.55373],[-70.264167,43.553179],[-70.269881,43.557731],[-70.269376,43.561248],[-70.2711052406441,43.5620059625765],[-70.272497,43.562616],[-70.299184,43.550589],[-70.307764,43.544315],[-70.310862,43.539467],[-70.314154,43.535259],[-70.3114128774052,43.532350409016],[-70.310062,43.530917],[-70.307405,43.529032],[-70.313109,43.526964],[-70.321116,43.527262],[-70.3215684728804,43.5276590638652],[-70.3225188862656,43.5284930913365],[-70.323329,43.529204],[-70.3223885522302,43.5304967298926],[-70.321196,43.532136],[-70.318135,43.534764],[-70.321826,43.538924],[-70.3280369102063,43.5405502426293],[-70.328796,43.540749],[-70.341793,43.540484],[-70.352826,43.535855],[-70.35339193799,43.535405312744],[-70.361214,43.52919],[-70.3684818448582,43.5202668120642],[-70.379123,43.507202],[-70.3845266011234,43.4967342811976],[-70.384885,43.49604],[-70.385615,43.487031],[-70.382928,43.469674],[-70.380233,43.46423],[-70.3776245983394,43.4612477589411],[-70.37223,43.45508],[-70.367364,43.452264],[-70.363497,43.452126],[-70.3620254995743,43.4546829285196],[-70.36097,43.456517],[-70.357549,43.457833],[-70.341319,43.457675],[-70.337262,43.457243],[-70.327303,43.458521],[-70.329475,43.45514],[-70.334783,43.45149],[-70.332836,43.446432],[-70.33739,43.446692],[-70.338778,43.443499],[-70.343813,43.440114],[-70.349684,43.442032],[-70.362015,43.439077],[-70.370514,43.434133],[-70.376638,43.427644],[-70.377045,43.420715],[-70.383224,43.418989],[-70.387027,43.414673],[-70.380631,43.413295],[-70.380949,43.411446],[-70.389306,43.405917],[-70.390951,43.401679],[-70.39786,43.394171],[-70.399209,43.394055],[-70.400564,43.395589],[-70.3999631813402,43.4008153265542],[-70.39996,43.400843],[-70.403549,43.401464],[-70.407556,43.400918],[-70.411439,43.398107],[-70.416484,43.39788],[-70.421282,43.395777],[-70.427672,43.389254],[-70.4261599903517,43.3876045892379],[-70.425141,43.386493],[-70.424421,43.379656],[-70.418461,43.372538],[-70.416311,43.361059],[-70.424209,43.35779],[-70.428534,43.354818],[-70.440255,43.35468],[-70.445676,43.353811],[-70.450011,43.350915],[-70.45119,43.346698],[-70.4516013469986,43.346631974334],[-70.4542306171107,43.3462099478921],[-70.456984,43.345768],[-70.458704,43.342727],[-70.4591138573975,43.3425220713012],[-70.459632,43.342263],[-70.4602120794534,43.3425581927168],[-70.46042,43.342664],[-70.461488,43.344511],[-70.4619448250637,43.3445045144623],[-70.462615,43.344495],[-70.465795,43.340806],[-70.472494,43.342714],[-70.474323,43.347123],[-70.4757429154199,43.3471499242437],[-70.483763,43.347302],[-70.4864,43.344739],[-70.492588,43.34551],[-70.500491,43.34216],[-70.50304,43.344518],[-70.507611,43.343511],[-70.509984,43.344407],[-70.5154771337993,43.3441434207618],[-70.517695,43.344037],[-70.535244,43.336771],[-70.5367023241991,43.3356045757279],[-70.553854,43.321886],[-70.5561236986798,43.3190194405021],[-70.562779,43.310614],[-70.566347,43.301003],[-70.568477,43.297579],[-70.567725,43.29392],[-70.570966,43.290365],[-70.570041,43.285566],[-70.5705374151402,43.2848428015221],[-70.570991,43.284182],[-70.576873,43.281903],[-70.585184,43.270113],[-70.5862558097959,43.2675550570525],[-70.593907,43.249295],[-70.592151,43.24566],[-70.58858,43.243854],[-70.587867,43.236582],[-70.582263,43.230433],[-70.5814684057761,43.2293809847319],[-70.575787,43.221859],[-70.576692,43.217651],[-70.588037,43.208662],[-70.586916,43.205752],[-70.58953,43.203847],[-70.587814,43.199858],[-70.589185,43.195695],[-70.591905,43.192402],[-70.593809,43.189118],[-70.597777,43.185638],[-70.6001478203324,43.1844876611405],[-70.6002148339804,43.1844551456426],[-70.601664,43.183752],[-70.6023410206491,43.1829767405068],[-70.608783,43.1756],[-70.606881,43.173174],[-70.6031159115792,43.1738604817598],[-70.601177,43.174214],[-70.595331,43.171409],[-70.593736,43.169375],[-70.590423,43.166563],[-70.590391,43.165168],[-70.5919113965417,43.1647213802358],[-70.5921433046198,43.1646532567375],[-70.596185,43.163466],[-70.5983039783441,43.1643204733906],[-70.603513,43.166421],[-70.611105,43.168431],[-70.6185648871286,43.1638742870437],[-70.618973,43.163625],[-70.6199653437631,43.1613157392917],[-70.6239771114373,43.1519800455478],[-70.6241233499067,43.151639737316],[-70.6249155627314,43.1497961967841],[-70.625953,43.147382],[-70.626008,43.143295],[-70.6234403599187,43.1426087601414],[-70.62233,43.142312],[-70.6223609986723,43.1403343995167],[-70.622384,43.138867],[-70.62251,43.134573],[-70.624976,43.133669],[-70.6311961065281,43.1332198821686],[-70.632067,43.133157],[-70.6335822340893,43.1296328751541],[-70.634455,43.127603],[-70.633811,43.125088],[-70.634311,43.122162],[-70.634452,43.120283],[-70.636651,43.119314],[-70.638968,43.118721],[-70.637595,43.11723],[-70.638355,43.114182],[-70.642058,43.111955],[-70.64252,43.110212],[-70.648,43.104146],[-70.651288,43.10139],[-70.654376,43.100869],[-70.6549115419528,43.0992493535655],[-70.655322,43.098008],[-70.656223,43.093164],[-70.657451,43.091583],[-70.660834,43.090262],[-70.662973,43.088353],[-70.660053,43.085733],[-70.663791,43.085168],[-70.66535,43.083319],[-70.665958,43.076234],[-70.673114,43.070314],[-70.678226,43.068185],[-70.686557,43.065438],[-70.703819,43.059825],[-70.7061144257475,43.0730844190721],[-70.706503,43.075329],[-70.7203013484498,43.0746700004921],[-70.737973679565,43.0738259822713],[-70.738078,43.073821],[-70.7407959335595,43.0763595883757],[-70.741897,43.077388],[-70.7525992574996,43.0793070254827],[-70.7526445792199,43.079315152136],[-70.756397,43.079988],[-70.757597,43.080888],[-70.7608234008979,43.0860263421707],[-70.762997,43.089488],[-70.7663395859234,43.0926330382108],[-70.766398,43.092688],[-70.7664808011869,43.0927345756676],[-70.7678414658754,43.0934999495549],[-70.767998,43.093588],[-70.779098,43.095887],[-70.7826969713611,43.0996349877412],[-70.78388,43.100867],[-70.793906,43.106712],[-70.798990272799,43.1102681056809],[-70.808708,43.117065],[-70.82,43.122586],[-70.8268,43.127086],[-70.8281,43.129086],[-70.8293,43.132486],[-70.83,43.138386],[-70.8329,43.143286],[-70.8338,43.146886],[-70.829101,43.157886],[-70.827801,43.166385],[-70.828301,43.168985],[-70.826201,43.172085],[-70.8250151719745,43.1727318152866],[-70.824001,43.173285],[-70.823501,43.174585],[-70.824801,43.179685],[-70.8248158,43.1797146],[-70.828301,43.186685],[-70.827901,43.188685],[-70.827201,43.189485],[-70.823754,43.191075],[-70.820702,43.191663],[-70.819344,43.193036],[-70.819146,43.195157],[-70.8199772172799,43.1968412369802],[-70.820366,43.197629],[-70.820763,43.19978],[-70.816903,43.214604],[-70.816033,43.21568],[-70.813119,43.217252],[-70.8125190887678,43.2185233108715],[-70.80967,43.224561],[-70.80964,43.225407],[-70.8111675533474,43.2274089788219],[-70.8111814835206,43.2274272354096],[-70.811852,43.228306],[-70.814019,43.229053],[-70.815453,43.229023],[-70.816232,43.234997],[-70.817773,43.237408],[-70.817828208163,43.2377098446302],[-70.817865,43.237911],[-70.822959,43.240187],[-70.823309,43.240343],[-70.824491394134,43.2407369076939],[-70.825071,43.24093],[-70.826711,43.241301],[-70.828022,43.241597],[-70.83365,43.242868],[-70.837274,43.242321],[-70.838678,43.242931],[-70.8393004485396,43.2443035050265],[-70.841273,43.248653],[-70.841059,43.249699],[-70.839717,43.250393],[-70.839213,43.251224],[-70.8432232362582,43.2542613445076],[-70.843302,43.254321],[-70.852015,43.256808],[-70.855082,43.255191],[-70.858207,43.256286],[-70.859607,43.257342],[-70.859853,43.259763],[-70.861384,43.263143],[-70.863231,43.265098],[-70.86323,43.265109],[-70.863759137964,43.2652583052946],[-70.864578831711,43.2654895958553],[-70.865888,43.265859],[-70.868417,43.26575],[-70.870289,43.266314],[-70.871252,43.267604],[-70.872748,43.268638],[-70.872585,43.270152],[-70.874298,43.271872],[-70.876842,43.27246],[-70.881704,43.272483],[-70.8820670647059,43.2727140411765],[-70.882804,43.273183],[-70.883704,43.277483],[-70.8839136532146,43.2778798435847],[-70.886504,43.282783],[-70.890204,43.284182],[-70.896304,43.285282],[-70.8986670066456,43.2871134111863],[-70.89922,43.287542],[-70.898264,43.290746],[-70.896332,43.29212],[-70.897332,43.292738],[-70.9003,43.291468],[-70.906005,43.291682],[-70.907405,43.293582],[-70.903905,43.296882],[-70.90139,43.298764],[-70.900386,43.301358],[-70.90231,43.304872],[-70.904485,43.30529],[-70.9066232751184,43.3049179987123],[-70.907405,43.304782],[-70.909805,43.306682],[-70.91246,43.308289],[-70.911625,43.309952],[-70.912004,43.319821],[-70.915406,43.319858],[-70.916421,43.320279],[-70.9235941522853,43.3245564017812],[-70.923949,43.324768],[-70.930783,43.329569],[-70.931641,43.331019],[-70.932198,43.33456],[-70.9322926902251,43.3349479301587],[-70.932735,43.33676],[-70.93711,43.337367],[-70.951525,43.334672],[-70.953034,43.333257],[-70.956528,43.334691],[-70.9572117992277,43.3362747241873],[-70.95786,43.337776],[-70.960439,43.341048],[-70.964028,43.341888],[-70.966160531571,43.3431464667721],[-70.967229,43.343777],[-70.9708448134426,43.3504989838063],[-70.9729993714321,43.3545044183081],[-70.97329039172,43.3550454400433],[-70.974863,43.357969],[-70.974156,43.362925],[-70.976408,43.367272],[-70.9814884316473,43.3734140004689],[-70.981859,43.373862],[-70.984335,43.376128],[-70.984305,43.376814],[-70.9855356237213,43.3791929587481],[-70.985965,43.380023],[-70.985958,43.38424],[-70.985205,43.386745],[-70.987649,43.389521],[-70.9877292586992,43.3914242777232],[-70.987733,43.391513],[-70.98739,43.393457],[-70.982876,43.394808],[-70.982565,43.39778],[-70.982817,43.399312],[-70.985767,43.40162],[-70.986677,43.403541],[-70.987249,43.411863],[-70.986812,43.414264],[-70.9858810347149,43.4154694501954],[-70.982898,43.419332],[-70.978052,43.421954],[-70.97462,43.423022],[-70.971039,43.425606],[-70.968359,43.429283],[-70.969362,43.432731],[-70.968782,43.434891],[-70.9667673505378,43.4357964307725],[-70.966633017652,43.4358568031255],[-70.96115,43.438321],[-70.961046,43.440475],[-70.96164,43.443039],[-70.96581,43.447557],[-70.9669,43.450458],[-70.966266,43.453627],[-70.96399,43.456752],[-70.96045,43.466592],[-70.961428,43.469696],[-70.964433,43.473276],[-70.964542,43.473262],[-70.966017,43.472918],[-70.970946,43.4739],[-70.972956,43.47502],[-70.974245,43.47742],[-70.9691323342411,43.4801591898912],[-70.967968,43.480783],[-70.967404,43.482635],[-70.968975,43.483961],[-70.969572,43.486201],[-70.966718,43.491278],[-70.9659093868205,43.4923751372113],[-70.961948,43.49775],[-70.959185,43.499351],[-70.957958,43.508041],[-70.954839750821,43.5097554042474],[-70.954755,43.509802],[-70.955386,43.511357],[-70.9558717906635,43.5118070999209],[-70.956856,43.512719],[-70.954045,43.518797],[-70.954066,43.52261],[-70.956787,43.524216],[-70.957214,43.524994],[-70.957046,43.528743],[-70.95822,43.531586],[-70.962556,43.53431],[-70.963342,43.535247],[-70.963531,43.536756],[-70.963281,43.538929],[-70.962182,43.541032],[-70.9621609367602,43.5410294606817],[-70.958806,43.540625],[-70.955928,43.541925],[-70.955337,43.54098],[-70.955252,43.540887],[-70.954685,43.540509],[-70.953504,43.540603],[-70.953429,43.544382],[-70.950838,43.551026],[-70.951876,43.552238],[-70.953322,43.552718],[-70.955017,43.554239],[-70.95586,43.559787],[-70.957234,43.561358],[-70.961848,43.562964],[-70.968546,43.568856],[-70.970124,43.568544],[-70.972716,43.570255],[-70.9745278116173,43.6034864982594],[-70.975123330997,43.6144092680652],[-70.975705,43.625078],[-70.9796640134618,43.6732141736114],[-70.9805779703978,43.6843266363925],[-70.981946,43.70096],[-70.981978,43.701965],[-70.982238,43.711865],[-70.982083,43.715043],[-70.984901,43.752983],[-70.9852084273384,43.755894704391],[-70.9852085527186,43.7558958918918],[-70.9890301198621,43.7920907010075],[-70.9890367618669,43.7921536087332],[-70.989067,43.79244],[-70.989929,43.839239],[-70.9917489726216,43.8773227956701],[-70.9921761423154,43.8862615253756],[-70.992653,43.89624],[-70.992842,43.916269],[-70.9932499751707,43.9253599569011],[-70.9946862935724,43.9573656023985],[-70.9948067196432,43.9600490701639],[-70.9966112612483,44.0002598749778],[-70.996776734038,44.0039471238777],[-70.9975662146149,44.0215392089212],[-70.9975738927252,44.0217103011212],[-70.998444,44.041099],[-71.0000456550216,44.0695002942463],[-71.001367,44.092931],[-71.001335,44.093205],[-71.0021619977753,44.1106192952439],[-71.008567,44.245491],[-71.008764,44.258443],[-71.008736,44.258825],[-71.0095870854908,44.2732743089574],[-71.0102711678684,44.284888321572],[-71.01127,44.301846],[-71.012749,44.340784],[-71.0127549450066,44.3408688971511],[-71.0148948883148,44.3714281717305],[-71.015363,44.378113],[-71.0174597497479,44.4151739238252],[-71.018885122995,44.4403679887749],[-71.020773,44.473737],[-71.022992,44.500058],[-71.026655,44.558149],[-71.0290473414933,44.6112487220218],[-71.031039,44.655455],[-71.0310559784326,44.6556978491196],[-71.0348495369664,44.7099585911351],[-71.036705,44.736498],[-71.037518,44.755607],[-71.0392918474297,44.7778627131499],[-71.0433420816232,44.8286792878397],[-71.044646,44.845039],[-71.0463479145268,44.863154118262],[-71.049434503081,44.8960076580886],[-71.052707,44.93084],[-71.0558517582044,44.973068477022],[-71.0571595144334,44.9906293037298],[-71.057861,45.000049],[-71.059004,45.004918],[-71.0597290355337,45.0146325544081],[-71.069387,45.144037],[-71.0726,45.180935],[-71.076914,45.246912],[-71.083924,45.305451],[-71.080003,45.306987]]]]}},{"type":"Feature","properties":{"STATEFP":"25","STATENS":"00606926","GEOIDFQ":"0400000US25","GEOID":"25","STUSPS":"MA","NAME":"Massachusetts","LSAD":"00","ALAND":20204475228,"AWATER":7130575380},"geometry":{"type":"MultiPolygon","coordinates":[[[[-70.234054,41.285653],[-70.221219,41.281903],[-70.21504,41.279581],[-70.211712,41.275651],[-70.2116092230359,41.2756601945331],[-70.2105269365785,41.2757570169941],[-70.2061254145417,41.2761507816885],[-70.20173,41.276544],[-70.2005230988279,41.2771211400174],[-70.193886,41.280295],[-70.1918870027769,41.2861368567749],[-70.191747,41.286546],[-70.1923053296939,41.2871135868306],[-70.1956228769996,41.2904861392513],[-70.195788,41.290654],[-70.202205,41.287975],[-70.207434,41.288689],[-70.205692,41.291246],[-70.199115,41.29619],[-70.193411,41.296726],[-70.1921737521572,41.2962995156579],[-70.1880176594541,41.2948668936716],[-70.186991,41.294513],[-70.1855105039345,41.2944973263598],[-70.1727984311467,41.2943627468363],[-70.1677298705201,41.2943090872573],[-70.12446,41.293851],[-70.1228553487567,41.2940161449518],[-70.109613,41.295379],[-70.104415,41.297327],[-70.0946867536375,41.2976551588849],[-70.092142,41.297741],[-70.082072,41.299093],[-70.062565,41.308726],[-70.046088,41.321651],[-70.031332,41.339332],[-70.024421,41.360622],[-70.024031,41.368613],[-70.030363,41.37507],[-70.034641,41.378994],[-70.041517,41.381539],[-70.045586,41.383598],[-70.049564,41.3879],[-70.049053,41.391702],[-70.04274,41.389311],[-70.037371,41.384066],[-70.02038,41.369006],[-69.9751853643607,41.3011234361955],[-69.9686160689453,41.2912563223472],[-69.960277,41.278731],[-69.960181,41.264546],[-69.964129,41.255382],[-69.968088,41.250978],[-69.974983,41.246528],[-69.9850096084073,41.2440375441476],[-70.001603,41.239916],[-70.015225,41.237964],[-70.036972831898,41.2414374648127],[-70.05318,41.244026],[-70.0750937317934,41.2445675350263],[-70.083489,41.244775],[-70.092404,41.24332],[-70.097861,41.241149],[-70.100495,41.240553],[-70.1022607417466,41.2407276893177],[-70.118669,41.242351],[-70.1629639170759,41.2552717434123],[-70.170356,41.257428],[-70.195635063167,41.2671515938288],[-70.2126523957224,41.2736973122649],[-70.22134,41.277039],[-70.237144,41.285117],[-70.234054,41.285653]]],[[[-70.277262,41.310506],[-70.276653,41.311283],[-70.272999,41.310872],[-70.271051,41.311238],[-70.26752,41.311192],[-70.265389,41.311375],[-70.26295,41.311452],[-70.253477,41.308641],[-70.246552,41.306186],[-70.24281,41.303384],[-70.242069,41.300947],[-70.241875,41.299801],[-70.240249,41.2974],[-70.239816,41.295823],[-70.241095,41.294954],[-70.242495,41.294222],[-70.243287,41.293124],[-70.242617,41.290562],[-70.242739,41.28919],[-70.244322,41.288138],[-70.24767,41.288641],[-70.252541,41.293033],[-70.255951,41.294954],[-70.259665,41.296006],[-70.261553,41.297653],[-70.268616,41.30177],[-70.273121,41.305521],[-70.276653,41.308631],[-70.277262,41.310506]]],[[[-70.30897,41.336057],[-70.308104,41.337683],[-70.304319,41.33842],[-70.297204,41.337681],[-70.292027,41.337788],[-70.289719,41.336323],[-70.289325,41.335022],[-70.29086,41.333663],[-70.29649,41.333426],[-70.302513,41.332598],[-70.307001,41.332391],[-70.309245,41.334579],[-70.30897,41.336057]]],[[[-70.580285,42.636025],[-70.575088,42.63978],[-70.573377,42.639507],[-70.573509,42.636376],[-70.575648,42.634452],[-70.57871,42.634548],[-70.580285,42.636025]]],[[[-70.592189,42.629471],[-70.588245,42.630605],[-70.586819,42.628157],[-70.588037,42.626413],[-70.591607,42.627503],[-70.592189,42.629471]]],[[[-70.593681,42.660455],[-70.592951,42.661198],[-70.591064,42.661312],[-70.589252,42.662745],[-70.588105,42.662642],[-70.587568,42.661908],[-70.590001,42.658981],[-70.593092,42.659308],[-70.593681,42.660455]]],[[[-70.723148,42.568157],[-70.721223,42.569933],[-70.72064,42.569659],[-70.720476,42.568882],[-70.720532,42.568406],[-70.721151,42.567764],[-70.721038,42.567164],[-70.720898,42.56673],[-70.721207,42.566481],[-70.721516,42.566351],[-70.721656,42.566088],[-70.722921,42.566502],[-70.723736,42.567019],[-70.723148,42.568157]]],[[[-70.783055,42.553461],[-70.781606,42.554016],[-70.780695,42.553641],[-70.780991,42.552408],[-70.782303,42.551834],[-70.783239,42.552342],[-70.783055,42.553461]]],[[[-70.788783,42.534006],[-70.78866,42.535775],[-70.788239,42.536836],[-70.787031,42.537295],[-70.78559,42.536978],[-70.784528,42.536355],[-70.783006,42.535481],[-70.782649,42.534605],[-70.782252,42.533716],[-70.783036,42.533261],[-70.783537,42.53285],[-70.784275,42.532494],[-70.78491,42.532544],[-70.785309,42.531956],[-70.785617,42.531206],[-70.786491,42.530827],[-70.787223,42.530896],[-70.787708,42.530579],[-70.788669,42.530915],[-70.789403,42.531931],[-70.788783,42.534006]]],[[[-70.802228,42.551048],[-70.801634,42.551474],[-70.79938,42.551238],[-70.798512,42.549757],[-70.797568,42.549712],[-70.796273,42.551126],[-70.79503,42.550678],[-70.7946109693552,42.5489303840408],[-70.794397,42.548038],[-70.796669,42.546459],[-70.800065,42.547704],[-70.802091,42.547188],[-70.80334,42.548299],[-70.802228,42.551048]]],[[[-70.8071,41.458576],[-70.802584,41.459288],[-70.801972,41.461912],[-70.802964,41.46487],[-70.801723,41.467275],[-70.798351,41.468806],[-70.792447,41.469289],[-70.789036,41.471934],[-70.787014,41.476687],[-70.784153,41.47796],[-70.779824,41.47707],[-70.775489,41.477098],[-70.771394,41.481782],[-70.770345,41.484945],[-70.767993,41.487788],[-70.761751,41.488076],[-70.757187,41.490986],[-70.754901,41.491016],[-70.750057,41.495437],[-70.747152,41.499889],[-70.743402,41.500956],[-70.737602,41.504261],[-70.73503,41.503783],[-70.730166,41.503176],[-70.726465,41.505625],[-70.722086,41.509272],[-70.718787,41.512874],[-70.715202,41.515466],[-70.710222,41.518915],[-70.707235,41.519947],[-70.702521,41.519644],[-70.700619,41.521779],[-70.698243,41.52089],[-70.700382,41.51733],[-70.699431,41.513593],[-70.69444,41.513949],[-70.692063,41.512525],[-70.687309,41.512347],[-70.682793,41.514305],[-70.678278,41.51733],[-70.676851,41.516797],[-70.675188,41.513949],[-70.674712,41.512347],[-70.677231,41.509755],[-70.681562,41.507269],[-70.685537,41.506668],[-70.689894,41.504529],[-70.693727,41.50683],[-70.698005,41.504516],[-70.702046,41.503982],[-70.707037,41.50149],[-70.706086,41.498108],[-70.704541,41.49681],[-70.709889,41.493657],[-70.712266,41.49063],[-70.717495,41.489384],[-70.722311,41.488279],[-70.72575,41.488432],[-70.73437,41.486891],[-70.739579,41.482365],[-70.747205,41.47781],[-70.752909,41.478701],[-70.756712,41.479057],[-70.759802,41.47692],[-70.76099,41.473002],[-70.757187,41.470687],[-70.755664,41.467146],[-70.758138,41.463029],[-70.761128,41.461112],[-70.766426,41.460527],[-70.767883,41.457685],[-70.776308,41.457664],[-70.780513,41.453894],[-70.784433,41.450333],[-70.790395,41.446535],[-70.796078,41.446793],[-70.799996,41.446167],[-70.805199,41.450381],[-70.806625,41.455013],[-70.8071,41.458576]]],[[[-70.817433,42.514027],[-70.816396,42.514606],[-70.815091,42.514051],[-70.813635,42.512756],[-70.812062,42.511992],[-70.8119425108808,42.5110244948186],[-70.811928,42.510907],[-70.812146,42.510327],[-70.812665,42.510117],[-70.81407,42.510401],[-70.815743,42.512349],[-70.816898,42.513324],[-70.817433,42.514027]]],[[[-70.832039,41.259495],[-70.829832,41.259748],[-70.823872,41.259472],[-70.819665,41.260064],[-70.817263,41.261639],[-70.816041,41.261816],[-70.814154,41.26228],[-70.812874,41.264103],[-70.811965,41.264839],[-70.811876,41.263388],[-70.809607,41.260703],[-70.802718,41.259052],[-70.801561,41.25841],[-70.803519,41.253261],[-70.803315,41.250225],[-70.804236,41.249458],[-70.805945,41.249265],[-70.809245,41.249068],[-70.810928,41.249554],[-70.812222,41.249408],[-70.813096,41.25005],[-70.81384,41.250576],[-70.8152,41.250674],[-70.81733,41.250556],[-70.821284,41.251014],[-70.825508,41.252277],[-70.828371,41.254745],[-70.830718,41.256278],[-70.832333,41.258362],[-70.832039,41.259495]]],[[[-70.835581,42.483833],[-70.834885,42.484883],[-70.834286,42.485337],[-70.833705,42.485272],[-70.833,42.484187],[-70.83345,42.483634],[-70.83396,42.483545],[-70.83405,42.483191],[-70.83357,42.48287],[-70.83349621875,42.48225515625],[-70.833465,42.481995],[-70.834621,42.481962],[-70.835355,42.482255],[-70.835549,42.482936],[-70.835581,42.483833]]],[[[-70.835735,41.602349],[-70.834793,41.602655],[-70.832758,41.601515],[-70.831552,41.602001],[-70.831493,41.60422],[-70.830961,41.604697],[-70.830003,41.604539],[-70.826927552696,41.6019696846304],[-70.824036,41.599554],[-70.82553,41.59634],[-70.823506,41.591748],[-70.819967,41.591369],[-70.81844,41.59084],[-70.818902,41.589333],[-70.82178,41.587065],[-70.822066,41.583551],[-70.823145,41.582865],[-70.829548,41.584598],[-70.835132,41.590875],[-70.838452,41.59646],[-70.835735,41.602349]]],[[[-70.838777,41.347209],[-70.8341095091775,41.3530041941328],[-70.833802,41.353386],[-70.8330809242275,41.3533958211037],[-70.819852,41.353576],[-70.812309,41.355745],[-70.808093,41.355761],[-70.800289,41.3538],[-70.783859848774,41.3480288232751],[-70.7834605246328,41.3478885500402],[-70.783291,41.347829],[-70.774974,41.349176],[-70.768901,41.353246],[-70.7685340745098,41.3537358297999],[-70.7683003346841,41.3540478624473],[-70.758637,41.366948],[-70.749086,41.375188],[-70.745066,41.376586],[-70.740428,41.382777],[-70.736979,41.391526],[-70.731859,41.397797],[-70.729225,41.397728],[-70.724366,41.398942],[-70.719709,41.404664],[-70.712432,41.40885],[-70.7123514423336,41.4094170779283],[-70.711493,41.41546],[-70.709399,41.418661],[-70.706561,41.419198],[-70.705724,41.424023],[-70.701378,41.430925],[-70.700964,41.43401],[-70.697928,41.435589],[-70.695478,41.43501],[-70.689924,41.436841],[-70.686881,41.441334],[-70.684164,41.441938],[-70.679255,41.440598],[-70.67186,41.442364],[-70.669536,41.447174],[-70.665918,41.451094],[-70.665083,41.456226],[-70.659652,41.460677],[-70.656088039126,41.4608120037494],[-70.64933,41.461068],[-70.64215,41.462316],[-70.6327374932136,41.467211145763],[-70.632184,41.467499],[-70.620025,41.474592],[-70.603555,41.482384],[-70.598444,41.481151],[-70.59628,41.471905],[-70.5962039381681,41.4713983994972],[-70.595803,41.468728],[-70.5988437208169,41.4632321229196],[-70.599843,41.461426],[-70.599843,41.4601772247191],[-70.599843,41.458576],[-70.59913,41.455369],[-70.597752565762,41.4547118995812],[-70.596516,41.454122],[-70.5960452362336,41.4543077619645],[-70.592,41.455904],[-70.5919474438957,41.4559643989788],[-70.5903475939121,41.457802992354],[-70.588435,41.460001],[-70.5883007646574,41.4600211042415],[-70.583681,41.460713],[-70.5784380446288,41.4651930522286],[-70.57485,41.468259],[-70.567356,41.471208],[-70.56328,41.469127],[-70.5594085010467,41.4628678896259],[-70.5580293372132,41.4606381747888],[-70.5578187255079,41.4602976756886],[-70.5576728980861,41.4600619143106],[-70.553277,41.452955],[-70.553243814268,41.4520050335819],[-70.5531073714231,41.4480992550174],[-70.552943,41.443394],[-70.5530259190101,41.4430017570303],[-70.5538258918114,41.439217537866],[-70.555588,41.430882],[-70.553096,41.423952],[-70.5482073256813,41.4167715109166],[-70.547567,41.415831],[-70.538301,41.409241],[-70.528581,41.4051],[-70.517584,41.403769],[-70.5173002889131,41.4036745991506],[-70.506984,41.400242],[-70.502372,41.392005],[-70.5019580325624,41.3894365378683],[-70.501306,41.385391],[-70.498959,41.384339],[-70.490758,41.383634],[-70.484503,41.38629],[-70.478389,41.392101],[-70.471687,41.3962],[-70.472604,41.399128],[-70.473035,41.408757],[-70.470788,41.412875],[-70.463833,41.419145],[-70.452497,41.42143],[-70.450431,41.420703],[-70.446233,41.39648],[-70.449268,41.380422],[-70.448262,41.353651],[-70.452244,41.349828],[-70.463292,41.347479],[-70.482429,41.348401],[-70.495026,41.347509],[-70.5118055630358,41.3480709299907],[-70.5287773059415,41.348639295884],[-70.538294,41.348958],[-70.579165,41.350007],[-70.599157,41.349272],[-70.6067574950246,41.3489200515215],[-70.648805,41.346973],[-70.6511943134485,41.3468218712793],[-70.691112,41.344297],[-70.709826,41.341723],[-70.733253,41.336226],[-70.742487,41.332798],[-70.747541,41.329952],[-70.748393,41.326807],[-70.75408,41.324893],[-70.764188,41.318706],[-70.768015,41.311959],[-70.766166,41.308962],[-70.768687,41.303702],[-70.775665,41.300982],[-70.7999054620579,41.3131169122082],[-70.802083,41.314207],[-70.819415,41.327212],[-70.8326491095335,41.3408801380199],[-70.8374100690638,41.3457972389252],[-70.838777,41.347209]]],[[[-70.840375,41.452875],[-70.838202,41.456012],[-70.832508,41.457951],[-70.82857,41.456728],[-70.82268,41.456783],[-70.820595,41.458507],[-70.816369,41.456082],[-70.812329,41.453232],[-70.808288,41.449491],[-70.809952,41.44664],[-70.808051,41.445037],[-70.810115,41.443692],[-70.814468,41.445928],[-70.822883,41.445311],[-70.830868,41.441295],[-70.836868,41.441968],[-70.841564,41.449134],[-70.840375,41.452875]]],[[[-70.883352,42.340491],[-70.881583,42.341471],[-70.880207,42.342307],[-70.878634,42.342743],[-70.877583,42.34287],[-70.877166,42.343304],[-70.875989,42.343506],[-70.875199,42.343666],[-70.873953,42.343634],[-70.874386,42.342675],[-70.875264,42.341764],[-70.87605,42.341229],[-70.877096,42.341162],[-70.878874,42.341033],[-70.880089,42.34096],[-70.880621,42.341163],[-70.881681,42.340527],[-70.882656,42.340238],[-70.883465,42.340035],[-70.883352,42.340491]]],[[[-70.891755,42.338856],[-70.88861,42.339655],[-70.886251,42.339946],[-70.884777,42.339328],[-70.885956,42.338456],[-70.887529,42.338202],[-70.889544,42.338311],[-70.891018,42.338057],[-70.891804,42.338129],[-70.891755,42.338856]]],[[[-70.892296,42.328394],[-70.89111,42.328445],[-70.888954,42.328902],[-70.888775,42.328461],[-70.889151,42.32774],[-70.89077,42.327607],[-70.891952,42.327231],[-70.892492,42.32803],[-70.892296,42.328394]]],[[[-70.898407,42.340266],[-70.89721,42.343324],[-70.8956,42.343892],[-70.894605,42.342379],[-70.894605,42.340309],[-70.895156,42.338879],[-70.896714,42.338475],[-70.897354,42.339492],[-70.898407,42.340266]]],[[[-70.898439,42.331191],[-70.897259,42.332644],[-70.897063,42.333952],[-70.896031,42.334715],[-70.894601,42.335096],[-70.894065,42.33498],[-70.893967,42.334497],[-70.895013,42.333807],[-70.895692,42.331945],[-70.89608,42.330355],[-70.897554,42.330246],[-70.897853,42.330678],[-70.898586,42.330501],[-70.898439,42.331191]]],[[[-70.903598,41.430782],[-70.901011,41.434453],[-70.894566,41.432742],[-70.887576,41.43323],[-70.882207,41.432564],[-70.8803,41.437969],[-70.872517,41.43936],[-70.868018,41.442354],[-70.863668,41.442542],[-70.860816,41.445749],[-70.857103,41.450253],[-70.854636,41.4486],[-70.855111,41.444859],[-70.855824,41.440583],[-70.851071,41.43595],[-70.849169,41.435415],[-70.848563,41.432844],[-70.853725,41.428505],[-70.857793,41.426],[-70.862663,41.424115],[-70.871216,41.422085],[-70.884405,41.421498],[-70.889371,41.422631],[-70.896051,41.421826],[-70.902347,41.421718],[-70.9055,41.425253],[-70.903598,41.430782]]],[[[-70.925416,41.451732],[-70.923518,41.454366],[-70.920666,41.454553],[-70.917394,41.452339],[-70.915354,41.452477],[-70.915165,41.451034],[-70.920334,41.448889],[-70.921186,41.445393],[-70.925781,41.449585],[-70.925416,41.451732]]],[[[-70.93091,42.321605],[-70.930248,42.322292],[-70.925969,42.321909],[-70.925473,42.319212],[-70.925308,42.317223],[-70.928055,42.317223],[-70.93076,42.319027],[-70.93091,42.321605]]],[[[-70.932091,42.332698],[-70.931758,42.333116],[-70.93068,42.333698],[-70.929717,42.333973],[-70.928692,42.332324],[-70.926834,42.330376],[-70.923068,42.32699],[-70.922598,42.326144],[-70.923722,42.32536],[-70.924716,42.32488],[-70.925883,42.324944],[-70.92679,42.32536],[-70.92705,42.32635],[-70.927698,42.327341],[-70.929383,42.328171],[-70.930593,42.328107],[-70.931414,42.328267],[-70.93211,42.328915],[-70.931025,42.329673],[-70.930809,42.331015],[-70.931241,42.331909],[-70.932464,42.332228],[-70.932091,42.332698]]],[[[-70.94278,42.327181],[-70.940749,42.328139],[-70.937248,42.3275],[-70.934947,42.326807],[-70.936544,42.324866],[-70.939854,42.324245],[-70.942948,42.325695],[-70.94278,42.327181]]],[[[-70.949185,41.415776],[-70.943735,41.415014],[-70.941228,41.418766],[-70.941099,41.421739],[-70.937008,41.425268],[-70.932356,41.425068],[-70.929762,41.429744],[-70.927475,41.431811],[-70.923088,41.430248],[-70.919932,41.425633],[-70.914795,41.42469],[-70.909139,41.423089],[-70.908587,41.422417],[-70.908999,41.421604],[-70.912813,41.421733],[-70.919085,41.423382],[-70.923341,41.422463],[-70.926188,41.41979],[-70.929039,41.415589],[-70.937155,41.412093],[-70.948996,41.409551],[-70.95095,41.411882],[-70.949185,41.415776]]],[[[-70.95108,42.289726],[-70.94864,42.291637],[-70.941654,42.292214],[-70.9357,42.296523],[-70.935272,42.302101],[-70.929357,42.303321],[-70.92638,42.301406],[-70.926638,42.299204],[-70.930004,42.296811],[-70.935311,42.291927],[-70.937332,42.284916],[-70.942561,42.287522],[-70.94902,42.285946],[-70.95108,42.289726]]],[[[-70.958094,42.31165],[-70.95434,42.31299],[-70.951492,42.313564],[-70.948515,42.311937],[-70.94968,42.311076],[-70.952399,42.31098],[-70.9542866009988,42.3086528340082],[-70.95434,42.308587],[-70.957835,42.309831],[-70.958094,42.31165]]],[[[-70.977402,42.312294],[-70.9769047642447,42.3125742537046],[-70.9741558294847,42.3141236176471],[-70.970392,42.316245],[-70.967545,42.322895],[-70.957268,42.331661],[-70.952805,42.330627],[-70.953693,42.327921],[-70.95913,42.324572],[-70.963531,42.318542],[-70.965732,42.313469],[-70.968968,42.31299],[-70.971169,42.311171],[-70.974273,42.310198],[-70.977219,42.310249],[-70.977402,42.312294]]],[[[-70.989162,42.328304],[-70.984243,42.3284],[-70.983078,42.327156],[-70.983984,42.321317],[-70.985667,42.318733],[-70.988774,42.319212],[-70.988903,42.32371],[-70.991621,42.326294],[-70.989162,42.328304]]],[[[-71.016643,42.313731],[-71.01132,42.316355],[-71.006364,42.320911],[-71.000305,42.321282],[-70.999534,42.31992],[-71.000371,42.319326],[-71.003251,42.319524],[-71.006699,42.316133],[-71.011487,42.309299],[-71.014601,42.309869],[-71.017179,42.311751],[-71.016643,42.313731]]],[[[-73.508142,42.086257],[-73.49717499243,42.1161205390081],[-73.4829633739641,42.154819265139],[-73.47591804393,42.1740039412646],[-73.459935234225,42.2175256820894],[-73.4428917594207,42.263935650479],[-73.4314003439404,42.2952271702728],[-73.431083661343,42.2960895078831],[-73.4140768834451,42.3423995493335],[-73.4119740257161,42.3481257032928],[-73.4106444074273,42.3517462996479],[-73.4006265119019,42.3790253738979],[-73.3915561466823,42.403724290519],[-73.3886840757322,42.4115450385493],[-73.3835658122273,42.4254822462021],[-73.3821230605161,42.4294109087593],[-73.352527,42.510002],[-73.34727644444,42.5241484608622],[-73.3416444868655,42.5393225251104],[-73.3125496783094,42.6177120528152],[-73.3070040761806,42.6326534514115],[-73.2741450593067,42.7211848060216],[-73.273102434817,42.7239939271458],[-73.264957,42.74594],[-73.2131702740111,42.7449115567938],[-73.1636420860578,42.7439279663574],[-73.1426704272532,42.7435114858866],[-73.0899016073198,42.7424635390755],[-73.0794195287845,42.7422553733293],[-73.0484428838831,42.7416402017889],[-73.0421951960565,42.7415161276758],[-73.0230149955487,42.7411352241426],[-73.022903,42.741133],[-73.018645354584,42.741042346546],[-72.9301048286621,42.739157148576],[-72.9271903680296,42.7390950941076],[-72.8643005207143,42.7377560483853],[-72.8576585835063,42.7376146287765],[-72.809113,42.736581],[-72.8069577886811,42.7365211989318],[-72.7910764312897,42.7360805358152],[-72.7792570809693,42.7357525819999],[-72.6857634884317,42.7331583970788],[-72.6746848221827,42.7328509951687],[-72.616353485468,42.7312324642083],[-72.5986203239781,42.7307404187227],[-72.5702884550829,42.7299542888385],[-72.5653564273728,42.7298174389051],[-72.5167111827822,42.7284676698292],[-72.458519,42.726853],[-72.4511957433251,42.7266313904827],[-72.4378719261575,42.726228197638],[-72.4292200847109,42.7259663837358],[-72.4120332374223,42.7254462915007],[-72.326282472606,42.7228513823716],[-72.285954,42.721631],[-72.2830328756509,42.7215587083791],[-72.2035695536582,42.7195921600024],[-72.1453998112964,42.7181525824772],[-72.124526,42.717636],[-72.1110583499481,42.7172274274578],[-72.089326931405,42.716568154245],[-72.0786269963685,42.7162435467862],[-72.0776725573282,42.7162145916542],[-72.0157292148081,42.7143353960391],[-71.9814290032211,42.7132948192056],[-71.981402,42.713294],[-71.9558665423702,42.7127793190643],[-71.9290194043648,42.7122382005025],[-71.928811,42.712234],[-71.89877002948,42.7114218822193],[-71.8238024745524,42.7093952338362],[-71.8053900684015,42.7088974788648],[-71.7725568791756,42.708009877156],[-71.745817,42.707287],[-71.7268565049543,42.7068719910348],[-71.7013916601883,42.706314614297],[-71.6723850899704,42.7056797159643],[-71.6518259158306,42.705229714972],[-71.636214,42.704888],[-71.631814,42.704788],[-71.6306223191203,42.7047597596236],[-71.6197896004541,42.7045030465579],[-71.5673092780746,42.7032593712751],[-71.5426896188347,42.702675936184],[-71.5425377313421,42.702672336764],[-71.4881010212958,42.7013822991329],[-71.488035032966,42.7013807353457],[-71.467553246573,42.7008953592976],[-71.457687763627,42.7006615677213],[-71.4517143448072,42.7005200100288],[-71.4491741670486,42.7004598130607],[-71.4323540138531,42.700061210159],[-71.432335697233,42.7000607760929],[-71.3881948332448,42.6990147287553],[-71.3869430269232,42.6989850635301],[-71.3697250416668,42.69857703283],[-71.367434834859,42.6985227596573],[-71.3651866518468,42.6984694823618],[-71.351874,42.698154],[-71.3517972926831,42.6981505873245],[-71.3516242384972,42.6981428882182],[-71.3303306369927,42.6971955450462],[-71.330206,42.69719],[-71.3134922158094,42.6970971482225],[-71.313446645429,42.6970968950608],[-71.294205,42.69699],[-71.2888325141297,42.7020079777689],[-71.278929,42.711258],[-71.2785168854597,42.7118049938274],[-71.2754068854342,42.7159328530776],[-71.267905,42.72589],[-71.2663745651487,42.7271963443499],[-71.255605,42.736389],[-71.2551987703894,42.7366383439844],[-71.245539259394,42.7425673577623],[-71.245504,42.742589],[-71.233404,42.745489],[-71.223904,42.746689],[-71.2165064621218,42.745088776289],[-71.2136387030069,42.7444684271663],[-71.208302,42.743314],[-71.208227,42.743294],[-71.208137,42.743273],[-71.1977511242317,42.741031679578],[-71.1937396072816,42.7401659755138],[-71.181803,42.73759],[-71.1828889002483,42.7509962351274],[-71.1840804591766,42.7657069041662],[-71.186104,42.790689],[-71.1846539259595,42.792039808225],[-71.1822787103307,42.7942524268349],[-71.174403,42.801589],[-71.1743700929581,42.801617486693],[-71.167703,42.807389],[-71.1662718327869,42.8082749606557],[-71.165603,42.808689],[-71.149703,42.815489],[-71.1479058162874,42.8161054758084],[-71.132503,42.821389],[-71.1157535303384,42.8176860778031],[-71.102787752512,42.8148196427766],[-71.0997439643316,42.8141467312729],[-71.0911796423333,42.8122533568157],[-71.0654193227566,42.8065583431177],[-71.064201,42.806289],[-71.053601,42.833089],[-71.0535904200316,42.8331080786315],[-71.0535652698312,42.8331534314519],[-71.047501,42.844089],[-71.044401,42.848789],[-71.034844624728,42.8562458685835],[-71.031201,42.859089],[-71.0046387450972,42.8631533316724],[-70.9974413286187,42.8642546194908],[-70.9972385147257,42.864285652358],[-70.9747244419216,42.8677305654314],[-70.9665,42.868989],[-70.9556609326778,42.8734371462336],[-70.949199,42.876089],[-70.931699,42.884189],[-70.930799,42.884589],[-70.9305645786504,42.884643501115],[-70.927629,42.885326],[-70.914899,42.886589],[-70.914886,42.886564],[-70.9145991974291,42.8865631953055],[-70.9145252357167,42.8865629877879],[-70.902768,42.88653],[-70.886136,42.88261],[-70.8834992324132,42.8810866764316],[-70.8833896662875,42.8810233774657],[-70.8725538144977,42.8747632472602],[-70.8488596714692,42.8610745753088],[-70.848625,42.860939],[-70.837376,42.864996],[-70.830795,42.868918],[-70.8241858387649,42.8710868827364],[-70.8232716394645,42.8713868891986],[-70.821769,42.87188],[-70.817296,42.87229],[-70.817731,42.850613],[-70.81631488006,42.8428258841673],[-70.812686,42.822871],[-70.8121487037349,42.8218434500516],[-70.8105465144348,42.8187793499647],[-70.80854,42.814942],[-70.8082127803659,42.8116753230266],[-70.80522,42.781798],[-70.7950242003618,42.7531741570913],[-70.792867,42.747118],[-70.7881561419957,42.7388730837628],[-70.772267,42.711064],[-70.770453,42.704824],[-70.775791,42.700669],[-70.7759455897273,42.6956898342973],[-70.776083,42.691264],[-70.764421,42.68565],[-70.752742,42.684329],[-70.744602,42.681308],[-70.732534,42.670237],[-70.730547,42.666563],[-70.7250353665056,42.6652022640846],[-70.719153,42.66375],[-70.705832,42.658245],[-70.695942,42.655825],[-70.691231,42.65579],[-70.688769,42.65261],[-70.68463,42.651813],[-70.683391510164,42.6531935768549],[-70.682294,42.654417],[-70.679918,42.660336],[-70.681299,42.661479],[-70.681382,42.662263],[-70.676097,42.666157],[-70.673137,42.666545],[-70.6716932737349,42.6677334514032],[-70.666848,42.671722],[-70.663548,42.677603],[-70.657437,42.681519],[-70.654389,42.68169],[-70.649077,42.685643],[-70.647111,42.687857],[-70.645056,42.688543],[-70.643603,42.687494],[-70.643223,42.685115],[-70.6414048794519,42.6850538369647],[-70.64138,42.685053],[-70.6406197827894,42.6858359281021],[-70.636292,42.690293],[-70.630077,42.692699],[-70.62732,42.691411],[-70.627243,42.688418],[-70.623255,42.686897],[-70.620851,42.68684],[-70.620507,42.684608],[-70.623699,42.681567],[-70.622705,42.678351],[-70.624059,42.67691],[-70.621475,42.672739],[-70.6235753633797,42.6679851372808],[-70.623909,42.66723],[-70.6234570766514,42.6660145840719],[-70.6234011787632,42.6658642506494],[-70.6230007155781,42.6647872331966],[-70.62284,42.664355],[-70.623927,42.661635],[-70.6216320707018,42.6595589760526],[-70.620719,42.658733],[-70.6189222431955,42.6589539774108],[-70.617987,42.659069],[-70.616127,42.660305],[-70.614892,42.660219],[-70.6147344241853,42.660056312417],[-70.613474,42.658755],[-70.613263484253,42.6588268937811],[-70.610499,42.659771],[-70.607175,42.658556],[-70.598585,42.659876],[-70.597421,42.659605],[-70.5974521434529,42.6593437410342],[-70.597601,42.658095],[-70.595052,42.656071],[-70.597461,42.653486],[-70.597103,42.651468],[-70.591742,42.648508],[-70.595865,42.642514],[-70.595409,42.640322],[-70.592405,42.640486],[-70.591469,42.639821],[-70.594014,42.63503],[-70.5978180811389,42.6349867009821],[-70.6032353243028,42.6349250405443],[-70.6051272134594,42.6349035065813],[-70.605611,42.634898],[-70.6108317896464,42.6323473167611],[-70.6122250042703,42.6316666440219],[-70.6159010368064,42.6298706715329],[-70.61842,42.62864],[-70.6180075461076,42.6260128840428],[-70.617922,42.625468],[-70.620485,42.623032],[-70.627173,42.621338],[-70.632217,42.616795],[-70.6323031554713,42.6101130813146],[-70.632332,42.607876],[-70.635635,42.600243],[-70.6358147191065,42.6000734794043],[-70.641697,42.594525],[-70.646087,42.592205],[-70.64804,42.587549],[-70.654727,42.582234],[-70.664887,42.580436],[-70.666037,42.584082],[-70.663898,42.588282],[-70.65962,42.592131],[-70.657005,42.598255],[-70.658907,42.603504],[-70.6633966068191,42.6072805317766],[-70.665562,42.609102],[-70.6706589179813,42.6083833852098],[-70.676733,42.607527],[-70.676495,42.603329],[-70.681486,42.600704],[-70.684338,42.596155],[-70.680803,42.593464],[-70.684502,42.588858],[-70.6876090787838,42.5863264349697],[-70.688076,42.585946],[-70.692932,42.584214],[-70.698574,42.577393],[-70.708191,42.575575],[-70.710349,42.572568],[-70.7153289988717,42.5722955537098],[-70.729688,42.57151],[-70.730934,42.574487],[-70.735507,42.575521],[-70.737044,42.576863],[-70.74014,42.574807],[-70.757283,42.570455],[-70.7586078964059,42.5686493143238],[-70.763723,42.561678],[-70.772132,42.559606],[-70.777476,42.559357],[-70.7876948152838,42.5629875402467],[-70.788442,42.563253],[-70.7933264012084,42.5642720477341],[-70.7934957482393,42.564307379129],[-70.794419,42.5645],[-70.8026727177733,42.562020983237],[-70.804091,42.561595],[-70.815391,42.554195],[-70.823798,42.551866],[-70.836591,42.551279],[-70.845485,42.548196],[-70.847928,42.54914],[-70.8481713840346,42.54963183857],[-70.84836,42.550013],[-70.85013,42.551144],[-70.854874,42.549365],[-70.855167,42.547526],[-70.8566107521822,42.5469439358216],[-70.8576871852778,42.546509960273],[-70.861115,42.545128],[-70.868648,42.54852],[-70.870619551465,42.5472624470875],[-70.875195,42.544344],[-70.8759150230482,42.5434198336093],[-70.8806076906034,42.5373966852556],[-70.882563,42.534887],[-70.881222253128,42.5338769289564],[-70.878922,42.532144],[-70.8755123690502,42.5337543632736],[-70.8718678962285,42.5354756419897],[-70.87163,42.535588],[-70.867589,42.536288],[-70.864207,42.533429],[-70.86632,42.526729],[-70.877572,42.523502],[-70.8817483888904,42.5189813308263],[-70.8841349189619,42.5163980673398],[-70.885178,42.515269],[-70.8857189826905,42.5122371289952],[-70.8860445872674,42.5104123181594],[-70.886366,42.508611],[-70.88185,42.505632],[-70.8787286480587,42.5053251181331],[-70.87472,42.504931],[-70.8736459110794,42.506370718731],[-70.8721272769632,42.5084063099569],[-70.869491,42.51194],[-70.8667572991967,42.515268744512],[-70.864024,42.518597],[-70.859751,42.520441],[-70.857125,42.521492],[-70.848707,42.519208],[-70.845623,42.517475],[-70.842091,42.519495],[-70.8421976367106,42.5157385114014],[-70.842395,42.508786],[-70.8470793771705,42.5044472661936],[-70.8500386562623,42.5017063416755],[-70.851665,42.5002],[-70.8527982542633,42.4968574562193],[-70.853091,42.495994],[-70.853329,42.493015],[-70.847387,42.493891],[-70.844772,42.49652],[-70.840732,42.499324],[-70.83381,42.505868],[-70.831091,42.503596],[-70.833788,42.499379],[-70.835991,42.490496],[-70.841591,42.487596],[-70.847391,42.491496],[-70.857791,42.490296],[-70.8609191317033,42.4886534487655],[-70.870039328842,42.4838645228216],[-70.879692,42.478796],[-70.8796990602452,42.4787870732173],[-70.8862730461679,42.4704751036616],[-70.886493,42.470197],[-70.887992,42.467096],[-70.887292,42.464896],[-70.894292,42.460896],[-70.901453,42.464226],[-70.907275,42.462855],[-70.9073930698611,42.4634389905862],[-70.908092,42.466896],[-70.9219192984711,42.4666970603774],[-70.921993,42.466696],[-70.9255398112313,42.4630971027297],[-70.9267917206023,42.4618268086756],[-70.927713,42.460892],[-70.931487,42.46063],[-70.9342639777429,42.4584644959643],[-70.934993,42.457896],[-70.9351685532667,42.456638962375],[-70.9351810569124,42.4565494308422],[-70.93748,42.440088],[-70.936159,42.437403],[-70.928489,42.438326],[-70.928018,42.437216],[-70.933402,42.433435],[-70.928628,42.428834],[-70.925085,42.430299],[-70.913192,42.427697],[-70.908392,42.425197],[-70.907647,42.421834],[-70.902872,42.420053],[-70.905692,42.416197],[-70.9102133567764,42.4164765179867],[-70.910852,42.416516],[-70.9183580702162,42.422360023618],[-70.919934,42.423587],[-70.928046,42.420663],[-70.927971,42.41713],[-70.936393,42.418097],[-70.937432,42.4258],[-70.9367765313368,42.4277921242722],[-70.9363382524902,42.429124157331],[-70.9361602756,42.4296650711879],[-70.935546,42.431532],[-70.939771,42.438472],[-70.940475,42.44376],[-70.938528,42.45409],[-70.938780931026,42.4557174114698],[-70.938984,42.457024],[-70.943664,42.458338],[-70.9443528677282,42.4578567780897],[-70.944557002753,42.4577141756095],[-70.9489459026516,42.454648224474],[-70.962607,42.445105],[-70.965398,42.445424],[-70.9661336611352,42.4435054731972],[-70.9661388117846,42.4434920408457],[-70.966309297147,42.4430474329666],[-70.966538,42.442451],[-70.959934,42.441218],[-70.959698,42.440667],[-70.9686386285225,42.4355311709543],[-70.97551,42.431584],[-70.9766428828741,42.4304353742319],[-70.982994,42.423996],[-70.9837042442039,42.4228928547472],[-70.9868150009499,42.4180612538438],[-70.987694,42.416696],[-70.9905596943417,42.4072148092754],[-70.990595,42.407098],[-70.989195,42.402598],[-70.9877229583999,42.4023993261034],[-70.985068,42.402041],[-70.983426,42.396246],[-70.9830109750584,42.3955969169758],[-70.9829573662762,42.3955130749052],[-70.9805087923239,42.3916835995493],[-70.979791,42.390561],[-70.9763382457169,42.389613761278],[-70.975796,42.389465],[-70.9728366500024,42.3897312633081],[-70.968605,42.390112],[-70.967273,42.388229],[-70.9717729863072,42.3854920808472],[-70.972513,42.385042],[-70.972706,42.381759],[-70.9725474871818,42.3811464941589],[-70.971573,42.377381],[-70.970474068748,42.3752075779403],[-70.9673378283052,42.3690048476509],[-70.966627,42.367599],[-70.969214,42.364254],[-70.9687847373272,42.3618301210265],[-70.968034,42.357591],[-70.9668748754428,42.3570563182718],[-70.962365,42.354976],[-70.958599,42.35551],[-70.953292,42.349698],[-70.953022,42.343973],[-70.960047,42.346506],[-70.965276,42.351424],[-70.9700244514225,42.3552840314789],[-70.972406,42.35722],[-70.97454,42.35925],[-70.975377,42.362286],[-70.9740053452562,42.3646975185054],[-70.9712837210795,42.3694824303768],[-70.97066,42.370579],[-70.972828,42.371928],[-70.9729669644569,42.3718969736873],[-70.9810034470648,42.3701026844985],[-70.988128,42.368512],[-70.9893182344247,42.3690586523421],[-70.9945899868606,42.3714798693362],[-70.997227,42.372691],[-70.9978531307301,42.3726342679425],[-71.00024,42.372418],[-71.002822,42.365945],[-71.0016199959101,42.3646770423249],[-70.997719,42.360562],[-70.988035,42.36188],[-70.9858852713334,42.3590611504902],[-70.985317,42.358316],[-70.9857395963913,42.3579345351261],[-70.98955,42.354495],[-70.994337,42.353909],[-70.999577,42.356408],[-71.003741,42.356037],[-71.005579,42.347362],[-71.007807,42.347145],[-71.0277,42.358625],[-71.026351,42.361819],[-71.0264628524305,42.3622050393619],[-71.026916,42.363769],[-71.029638,42.363352],[-71.037999,42.363753],[-71.0416821697615,42.3664873177287],[-71.042626,42.367188],[-71.0437334980831,42.3699110078238],[-71.04466,42.372189],[-71.046817295921,42.3730407567864],[-71.047018,42.37312],[-71.050598,42.372872],[-71.052642,42.370788],[-71.0526194076875,42.370697],[-71.052248,42.369201],[-71.05048,42.368073],[-71.0503521192944,42.3662546219372],[-71.0502102174239,42.364236872291],[-71.0502003654495,42.364096783808],[-71.0498956435004,42.3597638415945],[-71.049673,42.356598],[-71.0482832741435,42.356018539708],[-71.0339662859699,42.3500489262703],[-71.013895,42.34168],[-71.0109482949352,42.3396711987028],[-71.010926,42.339656],[-71.010177,42.337557],[-71.015664,42.330518],[-71.024151,42.333159],[-71.034704,42.328762],[-71.042333,42.330142],[-71.047648,42.328087],[-71.047426,42.323428],[-71.0467260009414,42.323070744949],[-71.0400298066474,42.3196532414466],[-71.033099,42.316116],[-71.032777,42.313472],[-71.036893,42.310513],[-71.037904,42.310435],[-71.040961,42.312152],[-71.042335,42.311693],[-71.0423475868322,42.3115348119403],[-71.04249,42.309745],[-71.044832,42.309193],[-71.0474393475483,42.3037469777322],[-71.047616,42.303378],[-71.044495,42.301496],[-71.045971080436,42.2993124833707],[-71.046786,42.298107],[-71.0437321577228,42.2929582753061],[-71.043697,42.292899],[-71.03988,42.292455],[-71.037974,42.288675],[-71.039306,42.285495],[-71.0381271228924,42.284715047516],[-71.037264,42.284144],[-71.0371133770516,42.2842168416909],[-71.032812,42.286297],[-71.032108,42.288565],[-71.033373,42.290036],[-71.03905,42.300138],[-71.036797,42.301392],[-71.030394,42.300496],[-71.025837,42.299698],[-71.023297,42.297948],[-71.023367,42.294474],[-71.021523,42.294346],[-71.0203281086215,42.2953691832527],[-71.0196380717428,42.2959600605414],[-71.0149414532442,42.2999817661783],[-71.0146541847795,42.3002277536274],[-71.0145026031843,42.3003575526638],[-71.014251,42.300573],[-71.013903,42.303429],[-71.010807,42.30451],[-71.0106743356722,42.3043345407277],[-71.009102,42.302255],[-71.001309,42.303455],[-70.994908,42.305385],[-70.99047,42.308023],[-70.987428,42.30608],[-70.990246,42.304073],[-71.005206,42.300599],[-71.00611,42.297125],[-71.004616,42.294481],[-71.0112040235165,42.2910112375837],[-71.012769,42.290187],[-71.02021,42.290495],[-71.02231,42.288188],[-71.0209154184429,42.2863012929356],[-71.0201452479714,42.2852593416333],[-71.0172529428601,42.2813463883477],[-71.016138,42.279838],[-71.0131516215695,42.2785913963387],[-71.0087940234114,42.2767724045583],[-70.998341,42.272409],[-70.996002,42.266837],[-70.9957971122527,42.2667894272202],[-70.9866741464017,42.2646711705092],[-70.985278,42.264347],[-70.980714,42.265318],[-70.973357,42.263009],[-70.9704791043018,42.2650346010444],[-70.9684986091647,42.2664285685258],[-70.9680088507035,42.2667732840244],[-70.964885,42.268972],[-70.9588122006478,42.2702487874936],[-70.9572400741126,42.2705793222902],[-70.956219,42.270794],[-70.954105,42.274793],[-70.955724,42.279419],[-70.954894,42.280466],[-70.953186,42.279854],[-70.949284,42.274205],[-70.9501108011514,42.2693045176393],[-70.950449,42.2673],[-70.952173,42.264062],[-70.951185,42.261266],[-70.951803,42.260558],[-70.9540913251401,42.261175345192],[-70.959361,42.262597],[-70.962111,42.260737],[-70.963803,42.260922],[-70.9642414836247,42.2605897664049],[-70.965429,42.25969],[-70.965811,42.257765],[-70.960204,42.255771],[-70.95839,42.256687],[-70.95727,42.254988],[-70.960186,42.251877],[-70.9612166151308,42.2502385265767],[-70.9622118351046,42.2486563244252],[-70.962402,42.248354],[-70.9622709370614,42.2474289339498],[-70.9621303625804,42.2464367337036],[-70.962127,42.246413],[-70.9620512957532,42.2463817921323],[-70.959495,42.245328],[-70.957457,42.247339],[-70.955368,42.247388],[-70.9548398158237,42.2475921971459],[-70.9492236757077,42.2497634090717],[-70.9445534220601,42.2515689392413],[-70.943172,42.252103],[-70.936164,42.256818],[-70.927227,42.257381],[-70.92483,42.263339],[-70.925897,42.26917],[-70.918236,42.271861],[-70.912932,42.269792],[-70.909421,42.268286],[-70.9082859092802,42.2647153306132],[-70.90752,42.262306],[-70.9068501622526,42.2623279045595],[-70.903881,42.262425],[-70.899817,42.26115],[-70.895873,42.262657],[-70.893784,42.262316],[-70.89386,42.261085],[-70.895879,42.259846],[-70.896751,42.257557],[-70.898367,42.257232],[-70.897893,42.256001],[-70.892857,42.253412],[-70.8911152593116,42.250804],[-70.890024,42.24917],[-70.8872171010328,42.2474039216055],[-70.884269,42.245549],[-70.8839946978795,42.2456697333458],[-70.8835793111657,42.2458525646986],[-70.8809220376026,42.2470221565616],[-70.877753,42.248417],[-70.875529,42.256863],[-70.87876,42.258963],[-70.882801,42.26811],[-70.8873341640442,42.2730873747445],[-70.8901577364405,42.2761876327095],[-70.890169,42.2762],[-70.902059,42.28041],[-70.903238,42.281335],[-70.90152,42.282694],[-70.893972,42.281476],[-70.884702,42.277783],[-70.878285,42.278311],[-70.879473,42.282003],[-70.8796530357469,42.28231374594],[-70.8804813104565,42.2837433675994],[-70.883039,42.288158],[-70.8851410937082,42.2905873194446],[-70.886842,42.292553],[-70.887317,42.297652],[-70.8915300137207,42.2984000190972],[-70.893259,42.298707],[-70.903954,42.301695],[-70.910372,42.299058],[-70.915588,42.302463],[-70.923444,42.302398],[-70.92392,42.305035],[-70.91749,42.305686],[-70.907556,42.307889],[-70.895862,42.305934],[-70.889456,42.310484],[-70.88268,42.310393],[-70.8818999752362,42.3051150855688],[-70.881242,42.300663],[-70.8792973528757,42.29785077282],[-70.8758586416714,42.2928779235087],[-70.8718524883733,42.2870844748924],[-70.870873,42.285668],[-70.8675590249466,42.2821211767104],[-70.861807,42.275965],[-70.857337473493,42.2727549004601],[-70.851093,42.26827],[-70.831075,42.267424],[-70.8246607239285,42.2659346457723],[-70.811742,42.262935],[-70.7913819098197,42.2549609704155],[-70.788724,42.25392],[-70.786778,42.250871],[-70.784402,42.248584],[-70.7814619230446,42.2487180195672],[-70.776307,42.248953],[-70.773944,42.254214],[-70.766338,42.254742],[-70.762773,42.250343],[-70.764757,42.244062],[-70.760683,42.241241],[-70.760158,42.235035],[-70.754488,42.228673],[-70.7487847258233,42.2232848281854],[-70.74723,42.221816],[-70.739145,42.219619],[-70.7337727397926,42.2141879171416],[-70.73056,42.21094],[-70.722269,42.207959],[-70.718089,42.208985],[-70.712993,42.204431],[-70.7134505816038,42.2023667513574],[-70.714286,42.198598],[-70.715895,42.195899],[-70.71595,42.190145],[-70.718707,42.184853],[-70.7186428798319,42.1847186336366],[-70.714761,42.176584],[-70.714301,42.168783],[-70.7114363813575,42.1667706027304],[-70.706264,42.163137],[-70.685315,42.133025],[-70.6794649147252,42.1262707559227],[-70.663931,42.108336],[-70.6602245557513,42.1052626866833],[-70.6520263592576,42.0984648975445],[-70.6450937366011,42.0927164982431],[-70.640169,42.088633],[-70.63848,42.081579],[-70.6440083705761,42.0783077305464],[-70.647349,42.076331],[-70.6477037799946,42.0730025646163],[-70.64819,42.068441],[-70.6459042609167,42.0603569529008],[-70.643208,42.050821],[-70.63086,42.036045],[-70.620277,42.027087],[-70.610983,42.015737],[-70.6084707681393,42.0135901557692],[-70.597892,42.00455],[-70.602704,42.002144],[-70.614046,42.006612],[-70.622542,42.002142],[-70.631919,41.992864],[-70.639137,41.993895],[-70.641199,42.005925],[-70.639655,42.010796],[-70.636387,42.01383],[-70.63395,42.012032],[-70.634426,42.004968],[-70.629857,42.001456],[-70.624205,42.006028],[-70.614223,42.011149],[-70.6155522412943,42.013519635666],[-70.617788,42.017507],[-70.644337,42.045895],[-70.6503678182765,42.0462197434654],[-70.650874,42.046247],[-70.656054,42.042047],[-70.664373,42.041164],[-70.66936,42.037116],[-70.6707556564096,42.0275981800967],[-70.671666,42.02139],[-70.667512,42.01232],[-70.670934,42.007786],[-70.678798,42.00551],[-70.686798,42.012764],[-70.695809,42.013346],[-70.712204,42.007586],[-70.7110208234907,42.0032011587613],[-70.710034,41.999544],[-70.706443,42.000729],[-70.700025,41.998256],[-70.698837,41.991897],[-70.698981,41.987103],[-70.6934579427172,41.9830928251999],[-70.690986,41.981298],[-70.681357,41.979145],[-70.678822,41.977178],[-70.676257,41.972286],[-70.6726986547265,41.9685919692039],[-70.6666164315317,41.9622778208955],[-70.664482,41.960062],[-70.6601644918394,41.9571641405777],[-70.6565106603935,41.9547117329644],[-70.653202,41.952491],[-70.6523772854508,41.9520820485124],[-70.646785,41.949309],[-70.6453562886722,41.9493226203271],[-70.639757,41.949376],[-70.632012,41.946033],[-70.630574,41.946055],[-70.630321,41.947048],[-70.6303360738099,41.9470652705702],[-70.6305767616144,41.9473410346698],[-70.6363837710945,41.953994320424],[-70.6369341478747,41.9546249055822],[-70.638466,41.95638],[-70.6401312954982,41.9589717994319],[-70.6439548549763,41.9649226347606],[-70.6440041469505,41.9649993508214],[-70.645934395481,41.9680035125753],[-70.6483130262173,41.9717055184944],[-70.648686,41.972286],[-70.6529007385825,41.9768401020778],[-70.653008,41.976956],[-70.652507,41.978871],[-70.64936,41.97862],[-70.645546,41.975197],[-70.631573,41.953022],[-70.623945,41.943061],[-70.616491,41.940204],[-70.608166,41.940701],[-70.598078,41.947772],[-70.591593,41.949326],[-70.583572,41.950007],[-70.567767,41.939499],[-70.565974,41.936227],[-70.5607745757964,41.9335995613593],[-70.5546139698642,41.9304864062399],[-70.552941,41.929641],[-70.543975,41.926279],[-70.5421794180868,41.9264643358682],[-70.539189,41.926773],[-70.540067,41.923673],[-70.53787,41.920946],[-70.541933,41.918945],[-70.544916,41.918637],[-70.546386,41.916751],[-70.54741,41.911934],[-70.545949,41.907158],[-70.5342836711278,41.8923586393897],[-70.532084,41.889568],[-70.532972,41.885818],[-70.531439,41.880858],[-70.5313247493203,41.8782711266938],[-70.530978,41.87042],[-70.530494,41.865492],[-70.525567,41.85873],[-70.53255,41.840662],[-70.5331497601783,41.8396925976439],[-70.536264,41.834659],[-70.542065,41.831263],[-70.543168,41.824446],[-70.54103,41.815754],[-70.5372893339932,41.8108590611294],[-70.532656,41.804796],[-70.5194131967539,41.7927710655732],[-70.517411,41.790953],[-70.5173146662144,41.7908994887114],[-70.4970084006171,41.7796198070176],[-70.494519,41.778237],[-70.4943648021352,41.7768115700568],[-70.4943537018169,41.7767089569234],[-70.4942286166731,41.7755526496706],[-70.4942105744323,41.7753858642852],[-70.494048,41.773883],[-70.4757828206242,41.7638800212522],[-70.471552,41.761563],[-70.4478224226823,41.7543507686344],[-70.429816,41.748878],[-70.4286501826887,41.7479427159062],[-70.4285853132763,41.7478906740219],[-70.428578967893,41.7478855833992],[-70.428309,41.747669],[-70.399988,41.741721],[-70.3835913962553,41.7397638121793],[-70.375341,41.738779],[-70.3634158571777,41.7381262411794],[-70.3206940473572,41.7357877334897],[-70.295561,41.734412],[-70.28834,41.731981],[-70.283091,41.728951],[-70.275248,41.725807],[-70.273879,41.72431],[-70.274404,41.723498],[-70.278905,41.722574],[-70.281774,41.72242],[-70.285524,41.725247],[-70.288168,41.729208],[-70.290249,41.729502],[-70.292124,41.728774],[-70.292049,41.72757],[-70.293193,41.725345],[-70.296268,41.725261],[-70.303262,41.727486],[-70.31924,41.728887],[-70.332496,41.731806],[-70.340795,41.730776],[-70.346043,41.732125],[-70.348896,41.731486],[-70.363299,41.732976],[-70.373139,41.732976],[-70.382836,41.734679],[-70.385261,41.733934],[-70.38412,41.730954],[-70.388968,41.729145],[-70.3932458258692,41.7298348673138],[-70.394245,41.729996],[-70.396384,41.727868],[-70.3960389445917,41.7270312179537],[-70.395243,41.725101],[-70.385546,41.72063],[-70.382123,41.721482],[-70.362586,41.711901],[-70.360875,41.708814],[-70.362871,41.705088],[-70.357309,41.702532],[-70.34205,41.701361],[-70.3413145007649,41.7014997170994],[-70.328503,41.703916],[-70.327077,41.70562],[-70.329216,41.70892],[-70.327362,41.711263],[-70.319804,41.709666],[-70.306541,41.710304],[-70.3007151918888,41.7085442927245],[-70.300552,41.708495],[-70.294277,41.710837],[-70.284009,41.709879],[-70.278019,41.709985],[-70.26855,41.712927],[-70.267101,41.712875],[-70.264273,41.711706],[-70.26418,41.711287],[-70.26633,41.70867],[-70.265348,41.707187],[-70.263128,41.707048],[-70.2628037923615,41.7075694005973],[-70.261913,41.709002],[-70.258138,41.710044],[-70.257012,41.709951],[-70.256183,41.709367],[-70.256136,41.708269],[-70.255711,41.707915],[-70.254978,41.708047],[-70.253422,41.70804],[-70.252838,41.70746],[-70.251195,41.707339],[-70.250238,41.707737],[-70.250347,41.708451],[-70.250656,41.709259],[-70.248368,41.711682],[-70.244324,41.712271],[-70.242668,41.711154],[-70.24102,41.710539],[-70.240186,41.710649],[-70.239931,41.711175],[-70.240588,41.712644],[-70.241087,41.714632],[-70.239298,41.716216],[-70.239506,41.718141],[-70.238175,41.720066],[-70.235304,41.722457],[-70.239318,41.725625],[-70.239318,41.7260336666667],[-70.239318,41.726881],[-70.240777,41.727528],[-70.234648,41.732042],[-70.216073,41.742981],[-70.2060181154601,41.7463556230562],[-70.189254,41.751982],[-70.183804,41.75058],[-70.1807184136737,41.7511628147655],[-70.14991,41.756982],[-70.141533,41.760072],[-70.121978,41.758841],[-70.1219620657409,41.7588457390234],[-70.1146176835664,41.7610300388189],[-70.096061,41.766549],[-70.082994,41.768961],[-70.072457,41.772937],[-70.0696714050715,41.7729055282164],[-70.0663639421894,41.772868160344],[-70.0650271768599,41.772853057506],[-70.064314,41.772845],[-70.0594269951146,41.7746376837779],[-70.047954023259,41.7788462759551],[-70.0426979395001,41.7807743477109],[-70.036646540923,41.7829941621612],[-70.024734,41.787364],[-70.0230301561596,41.7881944872789],[-70.022707,41.788352],[-70.022535,41.789433],[-70.015508,41.796042],[-70.0089381168278,41.8004654353916],[-70.008462,41.800786],[-70.003842,41.80852],[-70.005287,41.812342],[-70.0048861895485,41.8148048219512],[-70.004388,41.817866],[-70.004486,41.838826],[-70.0049926157462,41.8430560792113],[-70.0057859357654,41.8496800472708],[-70.0060474733527,41.8518638023542],[-70.0075246681677,41.8641979059134],[-70.009013,41.876625],[-70.0064441049312,41.8808134846059],[-70.005763,41.881924],[-70.000188,41.886938],[-70.002922,41.890315],[-70.012154,41.891656],[-70.018497,41.891528],[-70.02424,41.896343],[-70.024335,41.89882],[-70.021212,41.900148],[-70.013606,41.90121],[-70.0134194447376,41.904969442757],[-70.013369,41.905986],[-70.020089,41.907582],[-70.025553,41.911699],[-70.032305,41.920441],[-70.032024,41.924207],[-70.0287061232718,41.9278772936863],[-70.027392,41.929331],[-70.035235,41.930039],[-70.044995,41.930049],[-70.054962,41.927917],[-70.059003,41.925618],[-70.061617,41.923496],[-70.057815,41.920489],[-70.054203,41.920949],[-70.058947,41.917105],[-70.063137,41.91521],[-70.065671,41.911658],[-70.065723,41.899641],[-70.068986,41.896256],[-70.066371,41.886348],[-70.066846,41.88334],[-70.06901,41.884924],[-70.073039,41.899783],[-70.074006,41.93865],[-70.077225,41.943358],[-70.0772923828467,41.9578449682566],[-70.077421,41.985497],[-70.0789285807101,41.991794957565],[-70.083775,42.012041],[-70.089578,42.024896],[-70.0913617656318,42.0272486614682],[-70.095595,42.032832],[-70.10806,42.043601],[-70.123043,42.051668],[-70.1397432001537,42.0575190141052],[-70.1419072327653,42.0582771957568],[-70.142429,42.05846],[-70.1474360555358,42.0604623360137],[-70.148608,42.060931],[-70.155415,42.062409],[-70.169781,42.059736],[-70.1767422272476,42.0570787616492],[-70.178468,42.05642],[-70.1831060184861,42.0531031611929],[-70.185266157552,42.0515583564225],[-70.186816,42.05045],[-70.1904481611876,42.0452299568272],[-70.194456,42.03947],[-70.19497,42.036399],[-70.1961517655178,42.0361281427937],[-70.201135,42.034986],[-70.205889,42.032691],[-70.19662,42.025452],[-70.192341,42.023157],[-70.189461,42.024236],[-70.173758,42.027357],[-70.166884,42.034575],[-70.171008,42.028045],[-70.179601,42.021858],[-70.186708,42.019904],[-70.190834,42.020028],[-70.196312,42.021984],[-70.208741,42.030749],[-70.213012,42.036134],[-70.218701,42.045848],[-70.228617,42.053932],[-70.235361,42.057402],[-70.238875,42.060479],[-70.24354,42.060569],[-70.245385,42.063733],[-70.238087,42.072878],[-70.225626,42.078601],[-70.206899,42.0819],[-70.189305,42.082337],[-70.160166,42.078628],[-70.1542553579408,42.0771582964788],[-70.115968,42.067638],[-70.082624,42.054657],[-70.059109287122,42.040706088703],[-70.058531,42.040363],[-70.036670678865,42.0206013744978],[-70.033501,42.017736],[-70.011898,41.98972],[-70.0105104157154,41.9875631780789],[-70.0057173156051,41.9801129182979],[-69.9971252233437,41.9667576121419],[-69.9861958951242,41.9497693722569],[-69.986085,41.949597],[-69.9860240742306,41.9494649645517],[-69.9837096690557,41.9444492950307],[-69.968598,41.9117],[-69.957460195804,41.8799005262265],[-69.9503025394217,41.8594647471086],[-69.945314,41.845222],[-69.942778,41.833065],[-69.941352,41.822793],[-69.939659,41.818602],[-69.9381789777666,41.8103690934476],[-69.938024,41.809507],[-69.928652,41.74125],[-69.9285040274615,41.7225100492893],[-69.928393,41.708449],[-69.930418,41.691944],[-69.933746,41.678631],[-69.943728,41.664783],[-69.943966,41.65555],[-69.947531,41.651465],[-69.9515075488493,41.6422113587001],[-69.952255,41.640472],[-69.954023,41.634033],[-69.956801,41.629795],[-69.957775,41.620364],[-69.967192,41.611956],[-69.976053,41.611671],[-69.983183,41.608295],[-69.988412,41.594432],[-69.988375,41.586967],[-69.989363,41.581455],[-69.988215,41.554704],[-69.991977,41.547488],[-69.997682,41.54233],[-70.003861,41.540551],[-70.008377,41.54144],[-70.011229,41.543931],[-70.012655,41.546777],[-70.013606,41.551046],[-70.012697,41.553228],[-70.008615,41.557982],[-70.002911,41.562073],[-69.99885,41.565904],[-69.993879,41.576299],[-69.991306,41.588721],[-69.992215,41.603319],[-69.989827,41.607152],[-69.985211,41.613124],[-69.98556,41.619668],[-69.977478,41.630786],[-69.975916,41.638863],[-69.973073,41.642941],[-69.970489,41.645458],[-69.975719,41.653738],[-69.9832409001933,41.6572432070566],[-69.985322,41.658213],[-69.996359,41.667184],[-69.9985495682932,41.6680878253519],[-70.007011,41.671579],[-70.0071534421786,41.6715867551853],[-70.0124783115863,41.6718766647419],[-70.014211,41.671971],[-70.0157890522966,41.67153027142],[-70.0214529309924,41.6699484270033],[-70.0291189262938,41.667807418603],[-70.029346,41.667744],[-70.0321125550395,41.6676590390922],[-70.0372648921949,41.6675008108136],[-70.0373952975425,41.6674968060652],[-70.040515,41.667401],[-70.055523,41.664843],[-70.062114,41.664446],[-70.06450853855,41.6630518553425],[-70.065702,41.662357],[-70.075974,41.663954],[-70.0865780837204,41.6630418121589],[-70.089238,41.662813],[-70.116506,41.655503],[-70.117564831407,41.6552822924563],[-70.1177527418295,41.6552431235692],[-70.136707357971,41.6512921387923],[-70.140877,41.650423],[-70.1575151449471,41.6517713866163],[-70.158115,41.65182],[-70.168336,41.651998],[-70.1683573534223,41.6519950982206],[-70.187167,41.649439],[-70.193308529146,41.6482712983458],[-70.195193,41.647913],[-70.198,41.644152],[-70.2032853406426,41.6431923516054],[-70.207082,41.642503],[-70.219773,41.636469],[-70.2204161267211,41.6362720741741],[-70.2354440535307,41.6316705130792],[-70.245867,41.628479],[-70.25621,41.620698],[-70.25542,41.617541],[-70.259601,41.610863],[-70.265424,41.609333],[-70.267587,41.610912],[-70.269687,41.617775],[-70.26913,41.625742],[-70.2707872473802,41.6279503313106],[-70.274522,41.632927],[-70.28132,41.635125],[-70.29062,41.635196],[-70.296009,41.63438],[-70.300248,41.63246],[-70.300653,41.62951],[-70.311687,41.627408],[-70.316626,41.625448],[-70.321588,41.630508],[-70.3223718358594,41.6308907029688],[-70.329924,41.634578],[-70.3339846209467,41.6354556486389],[-70.338067,41.636338],[-70.3385734681223,41.6362763667082],[-70.3505353752118,41.6348206942231],[-70.351634,41.634687],[-70.360352,41.631069],[-70.364892,41.626721],[-70.3647634467566,41.624071760863],[-70.364744,41.623671],[-70.369854,41.615888],[-70.379151,41.611361],[-70.400581,41.606382],[-70.4011475964823,41.6064505984929],[-70.408535,41.607345],[-70.4247372173258,41.6050171003065],[-70.426812,41.604719],[-70.431652,41.605722],[-70.4327486740341,41.6056449544341],[-70.437246,41.605329],[-70.4415717633835,41.6002752972831],[-70.442618,41.599053],[-70.4443794460982,41.5942797514569],[-70.445289,41.591815],[-70.446551,41.590237],[-70.450177,41.589043],[-70.4503612487869,41.5875880451542],[-70.45069,41.584992],[-70.461278,41.57182],[-70.4636936400764,41.5696720834198],[-70.4650922076673,41.5684285179788],[-70.476256,41.558502],[-70.485571,41.554244],[-70.493244,41.552044],[-70.4951707630709,41.5518400147338],[-70.5000046934585,41.5513282493842],[-70.5220089104219,41.5489986759554],[-70.522327,41.548965],[-70.528623,41.546721],[-70.5288139001338,41.5468524886346],[-70.532376,41.549306],[-70.538821,41.551256],[-70.546823,41.551411],[-70.5479195438267,41.5511484124413],[-70.559689,41.54833],[-70.560908643137,41.5482032624541],[-70.5612612569352,41.5481666210742],[-70.5704805252824,41.5472086134322],[-70.573768,41.546867],[-70.5743711889753,41.5466335275618],[-70.580555,41.54424],[-70.586415,41.54543],[-70.5888100112027,41.5453224754944],[-70.59381,41.545098],[-70.601839,41.542082],[-70.6078309996119,41.5426700484363],[-70.611081,41.542989],[-70.6167151280547,41.5418046975788],[-70.6179111430936,41.54155329337],[-70.6229964555056,41.5404843528448],[-70.633607,41.538254],[-70.6337125489995,41.538191881991],[-70.6337996235151,41.5381406366399],[-70.6412098789893,41.5337795311976],[-70.643627,41.532357],[-70.6500588668422,41.5241724387],[-70.654104,41.519025],[-70.654011,41.515905],[-70.656625,41.514779],[-70.662828,41.517953],[-70.6646230952381,41.517953],[-70.668295,41.517953],[-70.670196,41.520801],[-70.673049,41.523648],[-70.678515,41.521512],[-70.685408,41.521335],[-70.687785,41.524182],[-70.686981,41.52949],[-70.683269,41.5329],[-70.6805711662669,41.5314746411729],[-70.679228,41.530765],[-70.6768683998947,41.5292931456566],[-70.676376,41.528986],[-70.672012,41.531779],[-70.668057,41.5329],[-70.668555,41.536461],[-70.666508,41.539958],[-70.658659,41.543385],[-70.6566607013382,41.5463849705181],[-70.654302,41.549926],[-70.655365,41.557498],[-70.653899,41.56516],[-70.649281,41.565807],[-70.64878,41.56987],[-70.642748,41.572385],[-70.6415607866895,41.5756432409744],[-70.6411970181086,41.5766415836351],[-70.640948,41.577325],[-70.64204,41.583066],[-70.6423112509916,41.5836430565815],[-70.652449,41.60521],[-70.6524181744816,41.6055411579446],[-70.6522993207611,41.6068180011538],[-70.651986,41.610184],[-70.646849,41.613502],[-70.646128,41.619716],[-70.64094826999,41.623859784008],[-70.640003,41.624616],[-70.6400311793113,41.6246913394241],[-70.641789,41.629391],[-70.646782,41.635028],[-70.646267,41.635412],[-70.643771,41.634816],[-70.642047,41.635566],[-70.644868,41.640218],[-70.64616,41.640704],[-70.652614,41.637829],[-70.65327,41.638982],[-70.650437,41.641663],[-70.650724,41.64613],[-70.6480012215395,41.6464068619538],[-70.645868691599,41.646623705305],[-70.644725,41.64674],[-70.640477,41.648914],[-70.633734,41.648933],[-70.6302949837224,41.6506201155208],[-70.62609,41.652683],[-70.623851,41.65626],[-70.621303,41.656106],[-70.620533,41.657266],[-70.6208408069977,41.6574428130082],[-70.631725,41.663695],[-70.634719,41.66376],[-70.640724,41.659456],[-70.645715,41.659456],[-70.6474878598065,41.6604752310504],[-70.651956,41.663044],[-70.6519773740845,41.663092097634],[-70.653754,41.66709],[-70.648613,41.670328],[-70.642481,41.671165],[-70.637277,41.669362],[-70.636143,41.667799],[-70.6350214209399,41.6687199742499],[-70.632917,41.670448],[-70.632742,41.675594],[-70.636347,41.680002],[-70.638934,41.679828],[-70.645213,41.681391],[-70.657339,41.68148],[-70.660359,41.679958],[-70.662036,41.68094],[-70.660736,41.683063],[-70.657655,41.684431],[-70.655562,41.686776],[-70.652016,41.687774],[-70.650184,41.690184],[-70.649109,41.690596],[-70.645911,41.690205],[-70.644748,41.691486],[-70.645962,41.693794],[-70.642452,41.695241],[-70.636667,41.696631],[-70.631492,41.696305],[-70.62544,41.698691],[-70.6234071638273,41.6994990347936],[-70.620816,41.700529],[-70.617572,41.701141],[-70.6182999192065,41.7022285969321],[-70.618677,41.702792],[-70.623847,41.703723],[-70.623652,41.707398],[-70.626529,41.712995],[-70.630988244546,41.7136850775591],[-70.633831,41.714125],[-70.639725,41.717355],[-70.6423549387897,41.7175502179234],[-70.6430739126182,41.7176035866855],[-70.6435581909479,41.7176395342179],[-70.648805,41.718029],[-70.650469,41.713416],[-70.660452,41.705076],[-70.674064,41.691371],[-70.676138,41.692654],[-70.665205,41.703834],[-70.656206,41.713387],[-70.656596,41.715401],[-70.664005,41.716201],[-70.670453,41.721912],[-70.679228,41.727431],[-70.685883,41.727076],[-70.6875876100204,41.7246585661007],[-70.68826,41.723705],[-70.697054,41.729204],[-70.706166,41.728984],[-70.708193,41.730959],[-70.715118,41.732397],[-70.7172020701806,41.7343210670018],[-70.718739,41.73574],[-70.7246106713291,41.7334128320562],[-70.726331,41.732731],[-70.720822,41.727608],[-70.720949,41.72322],[-70.725813,41.724592],[-70.7267824034457,41.7239784851765],[-70.728526,41.722875],[-70.721302,41.712968],[-70.714886,41.710312],[-70.712028,41.707028],[-70.71423,41.701731],[-70.722724,41.703834],[-70.727477,41.702414],[-70.726051,41.70064],[-70.723199,41.696026],[-70.717451,41.69398],[-70.714906,41.691938],[-70.718355,41.690157],[-70.715045,41.681008],[-70.715593,41.675258],[-70.719829,41.677993],[-70.721535,41.681471],[-70.729395,41.68814],[-70.739599,41.691766],[-70.7431971765603,41.6964676981053],[-70.744353,41.697978],[-70.748868,41.697446],[-70.7524200084092,41.6957355097644],[-70.7552971883823,41.6943499870732],[-70.755347,41.694326],[-70.752434,41.690169],[-70.751721,41.685554],[-70.749106,41.680406],[-70.743402,41.674726],[-70.745104,41.672445],[-70.75077,41.675613],[-70.752434,41.678454],[-70.758376,41.680584],[-70.7631703417353,41.6773140940378],[-70.763842,41.676856],[-70.761856,41.672933],[-70.756712,41.666914],[-70.76236,41.667735],[-70.761941,41.665493],[-70.758198,41.661225],[-70.757065,41.652891],[-70.762416,41.652708],[-70.762178,41.648268],[-70.766457,41.648446],[-70.768358,41.645782],[-70.765463,41.641575],[-70.769318,41.641145],[-70.773654,41.645033],[-70.775798,41.649145],[-70.776709,41.650756],[-70.7772251743259,41.6508381513764],[-70.7785294548519,41.6510457332631],[-70.7847290382112,41.6520324237677],[-70.7850845697538,41.6520890081503],[-70.786027,41.652239],[-70.790829,41.653231],[-70.795216,41.650932],[-70.802346,41.655727],[-70.809001,41.658391],[-70.8101608402815,41.6581382950973],[-70.8134257830072,41.6574269324666],[-70.8134994453536,41.6574108829843],[-70.8138377279589,41.6573371782905],[-70.814706,41.657148],[-70.8205775867803,41.655180865079],[-70.821598,41.654839],[-70.8217590041716,41.654272002136],[-70.823262,41.648979],[-70.816351,41.645995],[-70.804664,41.641157],[-70.8012879270844,41.634020881839],[-70.800215,41.631753],[-70.801063,41.629513],[-70.8042961643225,41.6278851915737],[-70.810279,41.624873],[-70.817683,41.623432],[-70.822074,41.627485],[-70.827774,41.624635],[-70.835296,41.624532],[-70.8431763095007,41.628486815378],[-70.844165,41.628983],[-70.852518,41.626919],[-70.859654,41.624124],[-70.8596399559874,41.6241168911491],[-70.8552019159308,41.6218704274102],[-70.855126,41.621832],[-70.8547269193944,41.620341086411],[-70.854259,41.618593],[-70.8542659547771,41.6184854716496],[-70.854426,41.616011],[-70.853665,41.613969],[-70.8530900857918,41.6134371328507],[-70.8497190008042,41.6103184599479],[-70.849645,41.61025],[-70.847981,41.602963],[-70.843227,41.596565],[-70.844267,41.595052],[-70.847414,41.595403],[-70.850869,41.593368],[-70.850504,41.592114],[-70.853236,41.588104],[-70.853452,41.585488],[-70.853185,41.582975],[-70.854804,41.582431],[-70.856723,41.583709],[-70.857239,41.587705],[-70.860237,41.594635],[-70.863661,41.597594],[-70.863638,41.600919],[-70.862955,41.603852],[-70.868736150495,41.6143589422006],[-70.868904,41.614664],[-70.86836,41.622664],[-70.869624,41.625608],[-70.872665,41.627816],[-70.8746021885605,41.6284176778884],[-70.8777251476338,41.6293876482151],[-70.8790503312732,41.6297992414436],[-70.8820052541643,41.6307170208492],[-70.8820502702887,41.6307310025582],[-70.8844099661532,41.6314639084063],[-70.8870445424404,41.6322821902864],[-70.88876,41.632815],[-70.8891827974512,41.6325876577951],[-70.889476,41.63243],[-70.890898,41.628549],[-70.892717,41.625912],[-70.895438,41.624204],[-70.902861,41.624047],[-70.9030432832817,41.6240326397683],[-70.9059733834414,41.6238018072046],[-70.908827,41.623577],[-70.9088611704449,41.6235433294199],[-70.913202,41.619266],[-70.9116955737794,41.6177205247127],[-70.9098303948804,41.6158069972823],[-70.9071685427121,41.6130761454898],[-70.9053657220746,41.6112265927506],[-70.904522,41.610361],[-70.9033066945312,41.6067228911352],[-70.8996639885777,41.5958181752741],[-70.8995573078106,41.5954988183267],[-70.898607,41.592654],[-70.902051,41.591583],[-70.90908,41.5937],[-70.910814,41.595506],[-70.9123357001185,41.5986662917147],[-70.916581,41.607483],[-70.9170522789957,41.6079318821124],[-70.9184137954997,41.6092286944253],[-70.920074,41.61081],[-70.9217728014315,41.6134139429157],[-70.922375,41.614337],[-70.9226859902111,41.6142959759231],[-70.9256369866749,41.6139066970925],[-70.930456,41.613271],[-70.929722,41.609479],[-70.9302942089725,41.6084484702264],[-70.9305866474172,41.6079217980862],[-70.9310465247926,41.6070935738703],[-70.931169,41.606873],[-70.93,41.600441],[-70.927393,41.594064],[-70.9278201217944,41.5929960331102],[-70.9281315631713,41.5922173112493],[-70.9312970187133,41.5843024687989],[-70.9313265721657,41.5842285739308],[-70.931338,41.5842],[-70.933777,41.58043],[-70.937618,41.577481],[-70.938813,41.5777],[-70.939306,41.58023],[-70.942468,41.58154],[-70.943891,41.586015],[-70.945625,41.58659],[-70.9468499209689,41.5860618522576],[-70.950245,41.584598],[-70.949195,41.579048],[-70.947014,41.572722],[-70.93783,41.565239],[-70.935431,41.555673],[-70.9353158970957,41.5547554881265],[-70.9348250076768,41.5508424950259],[-70.934562,41.548746],[-70.92852,41.539776],[-70.941785,41.540121],[-70.946302,41.537564],[-70.947929,41.529802],[-70.954884,41.527567],[-70.952617,41.51812],[-70.953299,41.51501],[-70.956601,41.515462],[-70.958027,41.52169],[-70.961354,41.529698],[-70.966583,41.531655],[-70.972287,41.530765],[-70.9766173655604,41.528997301055],[-70.980131,41.527563],[-70.984647,41.520445],[-70.981557,41.513682],[-70.981708,41.51007],[-70.983956,41.5089],[-70.99389,41.511256],[-71.003275,41.511912],[-71.019354,41.508857],[-71.0222534069229,41.5044709421096],[-71.022336,41.504346],[-71.035514,41.499047],[-71.038349,41.492182],[-71.033609,41.486802],[-71.03551,41.481639],[-71.038362,41.481105],[-71.041214,41.490541],[-71.0412034434034,41.4909082750243],[-71.041076389917,41.4953285985609],[-71.041013,41.497534],[-71.048593,41.502659],[-71.058418,41.505967],[-71.0687678258469,41.5084218042395],[-71.070687,41.508877],[-71.085663,41.509292],[-71.0865542380026,41.5086795075684],[-71.093052,41.504214],[-71.106814,41.502469],[-71.1138,41.500106],[-71.115781,41.496509],[-71.12057,41.497448],[-71.1224,41.522156],[-71.1265952228316,41.5551792576397],[-71.1276180795753,41.5632308113072],[-71.131312,41.592308],[-71.131491526431,41.5932525671699],[-71.131618,41.593918],[-71.1366915595211,41.6013832323699],[-71.137492,41.602561],[-71.1385490700026,41.6034285758646],[-71.140588,41.605102],[-71.1408678892548,41.607103816627],[-71.14091,41.607405],[-71.141509,41.616076],[-71.140468,41.623893],[-71.135688,41.628402],[-71.135675749492,41.6285321972593],[-71.1347011713227,41.6388899233839],[-71.134484,41.641198],[-71.134478,41.641262],[-71.13267,41.658744],[-71.132888,41.660102],[-71.134688,41.660502],[-71.135188,41.660502],[-71.14587,41.662795],[-71.1535886121892,41.6640375454035],[-71.153989,41.664102],[-71.1621482835032,41.665578726574],[-71.1760605603752,41.6680966718022],[-71.17609,41.668102],[-71.17609,41.668502],[-71.1760865819477,41.6686011235154],[-71.17599,41.671402],[-71.18129,41.672502],[-71.184329906138,41.6730524736456],[-71.1843331898864,41.6730530682748],[-71.191175,41.674292],[-71.191178,41.674216],[-71.19439,41.674802],[-71.19564,41.67509],[-71.19569,41.675102],[-71.2012209584915,41.6818607518953],[-71.2082927532454,41.6905023835889],[-71.208371,41.690598],[-71.222470996299,41.707679020658],[-71.224798,41.710498],[-71.225791,41.711701],[-71.2262367316647,41.7122093201479],[-71.2452464955663,41.7338883857474],[-71.2453326038605,41.7339865851448],[-71.2521307457507,41.7417393044712],[-71.2547429944747,41.7447183583796],[-71.261392,41.752301],[-71.2844017716869,41.762010280821],[-71.2947580514203,41.7663802515257],[-71.2976875648494,41.7676163988869],[-71.3163878442731,41.7755072318263],[-71.317795,41.776101],[-71.3179242335629,41.7761572941963],[-71.327896,41.780501],[-71.329396,41.7826],[-71.329296,41.7868],[-71.3301161647591,41.7883554848879],[-71.331060754268,41.7901469477496],[-71.332196,41.7923],[-71.333896,41.7945],[-71.335797,41.7948],[-71.339297,41.7963],[-71.340697,41.7983],[-71.340797,41.8002],[-71.339297,41.8044],[-71.339297,41.8065],[-71.3392736117647,41.8066052470588],[-71.338897,41.8083],[-71.3390037431442,41.8085490673364],[-71.3390217068965,41.8085909827586],[-71.339197,41.809],[-71.347197,41.8231],[-71.3458887317406,41.8258871802048],[-71.344897,41.828],[-71.3428393692991,41.8295529288309],[-71.339597,41.832],[-71.337597,41.8337],[-71.33750452,41.83376936],[-71.335197,41.8355],[-71.3407956584837,41.8424559090253],[-71.341797,41.8437],[-71.342198,41.8448],[-71.3416734226395,41.845919388344],[-71.3344939886823,41.8612394827533],[-71.333997,41.8623],[-71.3378266820677,41.8731679405833],[-71.3378288661724,41.873174138675],[-71.338863843395,41.8761112156337],[-71.340798,41.8816],[-71.3397188707898,41.8900884303672],[-71.3397157557079,41.8901129336013],[-71.339298,41.893399],[-71.339298,41.893599],[-71.3391777169811,41.8945612641509],[-71.338698,41.898399],[-71.3387624937221,41.8983911691788],[-71.3397631896385,41.8982696647821],[-71.3458749094161,41.8975275803866],[-71.3490531544948,41.8971416781915],[-71.352699,41.896699],[-71.3545188256255,41.8965170174374],[-71.354699,41.896499],[-71.362499,41.895599],[-71.364699,41.895399],[-71.365399,41.895299],[-71.370999,41.894599],[-71.3711903265602,41.8945853338171],[-71.373799,41.894399],[-71.3763523440612,41.8940343667888],[-71.3764963977197,41.8940137950418],[-71.3766,41.893999],[-71.3815293543911,41.8932257679386],[-71.3817,41.893199],[-71.3817,41.8937517472527],[-71.3817,41.897062],[-71.3817,41.903598],[-71.3817,41.9146596532258],[-71.3817,41.914816],[-71.3817,41.9155771386792],[-71.3817,41.922699],[-71.3816,41.922899],[-71.381481898709,41.9477655532284],[-71.3814576922812,41.9528622835027],[-71.3814576825117,41.9528643404906],[-71.381401,41.964799],[-71.381501,41.966699],[-71.3814919782937,41.9713992187725],[-71.3814702596934,41.9827143923185],[-71.3814657108006,41.9850843199885],[-71.3814370412492,42.0000208695584],[-71.381401,42.018798],[-71.4144186146141,42.0183522075931],[-71.4243569233817,42.0182180239873],[-71.4581035191943,42.0177623891285],[-71.4581166451263,42.0177622119067],[-71.483712882957,42.0174166203611],[-71.4837831179649,42.0174156720723],[-71.4913542802411,42.0173134488592],[-71.498258301062,42.0172202331592],[-71.499905,42.017198],[-71.500905,42.017098],[-71.5020495411129,42.0170112956242],[-71.5020555032736,42.0170108439625],[-71.5116333994735,42.0162852732493],[-71.5246411875339,42.0152998720856],[-71.527306,42.015098],[-71.527606,42.014998],[-71.5276999611655,42.014996063691],[-71.5289280673524,42.0149707554367],[-71.5380362061651,42.0147830590505],[-71.553360975429,42.0144672531687],[-71.5536148628593,42.0144620211719],[-71.559439,42.014342],[-71.5636650212292,42.0142829726269],[-71.576908,42.014098],[-71.5911031922974,42.0137712362848],[-71.5941189192252,42.0137018162929],[-71.6067340253166,42.0134114250923],[-71.661603714444,42.0121483620005],[-71.6780229685747,42.0117704018878],[-71.6808758163105,42.0117047312646],[-71.7551091980533,42.0099959290799],[-71.76601,42.009745],[-71.799242,42.008065],[-71.80065,42.023569],[-71.8045665635015,42.023603720229],[-71.8416470936308,42.0239324381206],[-71.8457122262748,42.023968475411],[-71.8603967710167,42.024098653501],[-71.8659515062247,42.0241478960776],[-71.877396643979,42.0242493569126],[-71.8828330899181,42.0242975508581],[-71.883947767419,42.0243074324438],[-71.89078,42.024368],[-71.9010880693507,42.0246362024134],[-71.9208828863063,42.0251512375282],[-71.9209864169382,42.0251539312591],[-71.9523269561765,42.0259693708896],[-71.9630193086355,42.0262475718444],[-71.987326,42.02688],[-71.9931020771696,42.0269154132603],[-72.0100396989336,42.027019258204],[-72.0100444151492,42.0270192871192],[-72.0345788233465,42.0271697081331],[-72.063496,42.027347],[-72.0997252597077,42.0288013695839],[-72.1021687771907,42.028899460948],[-72.135687,42.030245],[-72.135715,42.0302453396816],[-72.1432302502593,42.0303365108455],[-72.1500880173965,42.0304197057611],[-72.1988321207782,42.0310110442372],[-72.2050807834552,42.0310868498098],[-72.2412901545176,42.0315261233387],[-72.249523,42.031626],[-72.2706561367986,42.0317138138475],[-72.317148,42.031907],[-72.3212667983303,42.0319687530467],[-72.3218210714148,42.03197706325],[-72.3669917600491,42.0326543063241],[-72.3974333745419,42.0331107167355],[-72.4414941437451,42.0337713188137],[-72.45668,42.033999],[-72.4582913228665,42.0340056752259],[-72.4596911701656,42.0340114743722],[-72.4601204240419,42.0340132526419],[-72.5092040512358,42.0342165913446],[-72.5246152595797,42.034280435345],[-72.528131,42.034295],[-72.5314944001573,42.0339852092183],[-72.5501111622106,42.0322704857245],[-72.552858204224,42.0320174654912],[-72.5530545610102,42.0319993797686],[-72.560958712171,42.0312713566218],[-72.5609752476445,42.0312698335984],[-72.5634267784983,42.031044031843],[-72.573231,42.030141],[-72.5741893219163,42.0295675442087],[-72.582332,42.024695],[-72.5898262911392,42.024695],[-72.590233,42.024695],[-72.606933,42.024995],[-72.6069560573249,42.0251287324845],[-72.607933,42.030795],[-72.6079909707697,42.0307976349601],[-72.6169036025419,42.0312027430774],[-72.61690464073,42.0312027902664],[-72.643134,42.032395],[-72.6729633546716,42.0348771539801],[-72.6860801113328,42.0359686227736],[-72.695927,42.036788],[-72.6994029866905,42.0367535946302],[-72.7128274389607,42.0366207191951],[-72.714557957256,42.0366035904984],[-72.7192527914859,42.0365571209569],[-72.755838,42.036195],[-72.757538,42.033295],[-72.753538,42.032095],[-72.751738,42.030195],[-72.754038,42.025395],[-72.757467,42.020947],[-72.758151,42.020865],[-72.760558,42.021846],[-72.762151,42.021527],[-72.76231,42.019775],[-72.761354,42.018183],[-72.759738,42.016995],[-72.761238,42.014595],[-72.763238,42.012795],[-72.763265,42.009742],[-72.766139,42.007695],[-72.766739,42.002995],[-72.7706452603118,42.0025731407607],[-72.77475938856,42.0021288326822],[-72.7949002458136,41.9999537071038],[-72.816741,41.997595],[-72.8167357432203,41.997658901085],[-72.813541,42.036494],[-72.8349699391824,42.0367490988266],[-72.847142,42.036894],[-72.863619,42.037709],[-72.8636384107871,42.0377091702701],[-72.863733,42.03771],[-72.9242297429858,42.0381300420321],[-72.9789786343673,42.0385101754816],[-72.999549,42.038653],[-73.0087643066587,42.038860282198],[-73.053254,42.039861],[-73.0532880861326,42.0398619684613],[-73.1272774996918,42.0419641690369],[-73.1721252790948,42.0432383922418],[-73.229798,42.044877],[-73.231056,42.044945],[-73.2329591865244,42.0450061991605],[-73.2333631515401,42.0450191891221],[-73.293097,42.04694],[-73.29442,42.046984],[-73.2963299656829,42.0470337254636],[-73.3256265850805,42.0477964553879],[-73.3277308315671,42.0478512389021],[-73.3405304264512,42.0481844730512],[-73.4261681710053,42.0504140296269],[-73.432812,42.050587],[-73.4367542184717,42.0505183572836],[-73.487314,42.049638],[-73.496879,42.049675],[-73.5030419422981,42.069692114015],[-73.508142,42.086257]]]]}}]}